TOA5,CR1000_tower4_N,CR1000,73550,CR1000.Std.28,CPU:SH_Site4_North_2018.CR1,50002,Enviro,,,,,,,,,,,,,,,,,,,,,,
TIMESTAMP,RECORD,Day_of_Year,Hour,VWC_1_Avg,EC_1_Avg,ST_1_Avg,P_1_Avg,PA_1_Avg,VR_1_Avg,VWC_2_Avg,EC_2_Avg,ST_2_Avg,P_2_Avg,PA_2_Avg,VR_2_Avg,VWC_3_Avg,EC_3_Avg,ST_3_Avg,P_3_Avg,PA_3_Avg,VR_3_Avg,SWE_mv_Avg,JUDD_AT_Avg,JUDD_Depth_Avg,Judd_offset_Avg,TT_C,SBT_C,FuelM_Avg,PA_uS_Avg
TS,RN,,,m^3/m^3,dS/m,Deg C,unitless,nSec,unitless,,,,,,,,,,,,,,,,,Deg C,Deg C,%,uSec
,,Smp,Smp,Avg,Avg,Avg,Avg,Avg,Avg,Avg,Avg,Avg,Avg,Avg,Avg,Avg,Avg,Avg,Avg,Avg,Avg,Avg,Avg,Avg,Avg,Smp,Smp,Avg,Avg
10/1/19 0:00,6259,274,0,0.042,0.001,2.823,3.482,1.226,1.001,0.038,0.001,5.832,3.308,1.224,1.001,0.085,0,8.61,5.219,1.291,1,0.04,-78.22,-226.9,0,-11.76,-6.196,17.32,19.91
10/1/19 0:15,6260,274,15,0.042,0.001,2.811,3.483,1.226,1.001,0.038,0,5.866,3.311,1.224,1,0.085,0,8.59,5.219,1.291,1,0.04,-79.11,-225.5,0,-11.43,-6.084,17.41,19.93
10/1/19 0:30,6261,274,30,0.042,0.001,2.802,3.483,1.226,1.001,0.038,0,5.831,3.31,1.224,1.001,0.085,0,8.59,5.219,1.291,1,0.04,-79.08,-225.6,0,-11.21,-5.994,17.56,19.95
10/1/19 0:45,6262,274,45,0.042,0.001,2.8,3.482,1.226,1.001,0.038,0,5.854,3.312,1.224,1,0.085,0.001,8.59,5.217,1.291,1.001,0.04,-79.53,-225,0,-11.68,-5.926,17.64,19.97
10/1/19 1:00,6263,274,100,0.042,0.001,2.778,3.483,1.226,1,0.038,0.001,5.819,3.307,1.224,1.001,0.085,0.001,8.57,5.219,1.291,1,0.04,-79.9,-224.4,0,-11.66,-5.859,17.66,19.97
10/1/19 1:15,6264,274,115,0.042,0,2.796,3.485,1.226,1,0.038,0,5.768,3.312,1.224,1,0.085,0.001,8.59,5.218,1.291,1.001,0.04,-79.6,-224.9,0,-11.42,-5.882,17.74,19.99
10/1/19 1:30,6265,274,130,0.042,0.001,2.797,3.481,1.226,1.001,0.038,0,5.822,3.313,1.224,1,0.085,0,8.57,5.219,1.291,1,0.04,-79.51,-225,0,-11.23,-5.748,17.83,20
10/1/19 1:45,6266,274,145,0.042,0.001,2.767,3.481,1.226,1.001,0.038,0,5.76,3.312,1.224,1,0.085,0.001,8.6,5.218,1.291,1,0.04,-79.46,-225,0,-11.38,-6.083,17.82,20
10/1/19 2:00,6267,274,200,0.042,0.001,2.729,3.483,1.226,1,0.038,0.001,5.796,3.309,1.224,1.001,0.085,0,8.58,5.219,1.291,1,0.04,-79.22,-225.4,0,-10.76,-6.039,17.86,20.01
10/1/19 2:15,6268,274,215,0.042,0.001,2.768,3.483,1.226,1.001,0.038,0,5.745,3.313,1.224,1,0.085,0,8.55,5.219,1.291,1,0.04,-79.32,-225.2,0,-11.3,-5.826,17.99,20.03
10/1/19 2:30,6269,274,230,0.042,0.001,2.776,3.483,1.226,1.001,0.038,0,5.781,3.311,1.224,1,0.085,0.001,8.57,5.218,1.291,1.001,0.04,-79.36,-225.3,0,-11.41,-5.971,18,20.03
10/1/19 2:45,6270,274,245,0.042,0,2.764,3.485,1.226,1,0.038,0,5.78,3.312,1.224,1,0.085,0.001,8.54,5.217,1.291,1.001,0.04,-78.75,-226,0,-11.46,-6.15,18.01,20.04
10/1/19 3:00,6271,274,300,0.042,0.001,2.769,3.484,1.226,1,0.038,0.001,5.758,3.31,1.224,1.001,0.085,0.001,8.56,5.218,1.291,1.001,0.04,-78.76,-226.1,0,-10.92,-5.956,18.1,20.05
10/1/19 3:15,6272,274,315,0.042,0.001,2.755,3.484,1.226,1,0.038,0.001,5.768,3.308,1.224,1.001,0.085,0.001,8.54,5.217,1.291,1.001,0.04,-78.58,-226.3,0,-9.89,-5.815,18.2,20.07
10/1/19 3:30,6273,274,330,0.042,0.001,2.755,3.484,1.226,1,0.038,0.001,5.752,3.306,1.224,1.001,0.085,0.001,8.54,5.219,1.291,1,0.04,-78.39,-226.7,0,-9.84,-5.748,18.32,20.09
10/1/19 3:45,6274,274,345,0.042,0,2.764,3.485,1.226,1,0.038,0.001,5.725,3.308,1.224,1.001,0.085,0.001,8.54,5.218,1.291,1.001,0.04,-78.46,-226.3,0,-7.913,-5.466,18.43,20.12
10/1/19 4:00,6275,274,400,0.042,0.001,2.758,3.484,1.226,1,0.038,0,5.735,3.312,1.224,1,0.085,0.001,8.54,5.218,1.291,1.001,0.04,-79.45,-224.9,0,-6.221,-5.215,18.71,20.17
10/1/19 4:15,6276,274,415,0.042,0.001,2.765,3.484,1.226,1,0.038,0,5.681,3.31,1.224,1.001,0.085,0.001,8.52,5.218,1.291,1.001,0.04,-79.12,-225.5,0,-6.019,-5.016,18.85,20.19
10/1/19 4:30,6277,274,430,0.042,0.001,2.734,3.483,1.226,1.001,0.038,0,5.707,3.312,1.224,1,0.085,0.001,8.52,5.219,1.291,1,0.04,-79.13,-225.4,0,-5.269,-4.816,18.95,20.21
10/1/19 4:45,6278,274,445,0.042,0.001,2.752,3.483,1.226,1.001,0.038,0,5.714,3.31,1.224,1.001,0.085,0.001,8.51,5.217,1.291,1.001,0.04,-79.76,-224.6,0,-5.007,-4.629,19.06,20.23
10/1/19 5:00,6279,274,500,0.042,0.001,2.716,3.484,1.226,1,0.038,0.001,5.734,3.309,1.224,1.001,0.085,0.001,8.49,5.217,1.291,1.001,0.04,-79.18,-225.4,0,-4.88,-4.508,19.14,20.25
10/1/19 5:15,6280,274,515,0.042,0.001,2.713,3.483,1.226,1.001,0.038,0,5.668,3.314,1.224,1,0.085,0,8.49,5.22,1.291,1,0.04,-79.99,-224,0,-4.864,-4.464,19.19,20.25
10/1/19 5:30,6281,274,530,0.042,0,2.709,3.485,1.226,1,0.038,0.001,5.679,3.309,1.224,1.001,0.085,0,8.5,5.219,1.291,1,0.04,-80.6,-223.5,0,-5.024,-4.482,19.24,20.26
10/1/19 5:45,6282,274,545,0.042,0.001,2.734,3.483,1.226,1,0.038,0,5.678,3.31,1.224,1.001,0.085,0.001,8.49,5.218,1.291,1,0.04,-79.06,-225.7,0,-4.711,-4.498,19.27,20.27
10/1/19 6:00,6283,274,600,0.042,0.001,2.709,3.484,1.226,1,0.038,0,5.658,3.311,1.224,1.001,0.085,0,8.48,5.219,1.291,1,0.04,-78.48,-226.5,0,-4.728,-4.459,19.34,20.28
10/1/19 6:15,6284,274,615,0.042,0.001,2.689,3.484,1.226,1,0.038,0.001,5.62,3.309,1.224,1.001,0.085,0,8.48,5.219,1.291,1,0.04,-78.15,-227,0,-4.375,-4.333,19.41,20.3
10/1/19 6:30,6285,274,630,0.042,0.001,2.739,3.484,1.226,1,0.038,0,5.635,3.313,1.224,1,0.085,0.001,8.47,5.218,1.291,1.001,0.04,-78.41,-226.4,0,-4.21,-4.079,19.51,20.31
10/1/19 6:45,6286,274,645,0.042,0.001,2.701,3.484,1.226,1,0.038,0.001,5.604,3.31,1.224,1.001,0.085,0.001,8.45,5.219,1.291,1,0.04,-78.39,-226.5,0,-3.967,-3.892,19.59,20.33
10/1/19 7:00,6287,274,700,0.042,0.001,2.7,3.483,1.226,1,0.038,0.001,5.605,3.309,1.224,1.001,0.085,0.001,8.48,5.219,1.291,1,0.04,-78.78,-226,0,-3.725,-3.651,19.67,20.34
10/1/19 7:15,6288,274,715,0.042,0.001,2.693,3.483,1.226,1.001,0.038,0.001,5.622,3.308,1.224,1.001,0.085,0.001,8.45,5.218,1.291,1.001,0.04,-78.67,-226.1,0,-3.524,-3.372,19.75,20.36
10/1/19 7:30,6289,274,730,0.042,0.001,2.676,3.482,1.226,1.001,0.038,0.002,5.624,3.301,1.224,1.002,0.085,0.001,8.47,5.216,1.291,1.001,0.04,-79.22,-225.2,0,-3.336,-2.996,19.83,20.37
10/1/19 7:45,6290,274,745,0.042,0.001,2.69,3.483,1.226,1.001,0.038,0.001,5.62,3.304,1.224,1.002,0.085,0.001,8.44,5.218,1.291,1.001,0.04,-78.92,-225.8,0,-3.07,-2.864,19.87,20.38
10/1/19 8:00,6291,274,800,0.042,0.001,2.713,3.481,1.226,1.001,0.038,0.001,5.637,3.308,1.224,1.001,0.085,0.001,8.45,5.217,1.291,1.001,0.04,-78.53,-226.3,0,-3.1,-2.57,19.96,20.4
10/1/19 8:15,6292,274,815,0.042,0.001,2.701,3.482,1.226,1.001,0.038,0,5.599,3.313,1.224,1,0.085,0.001,8.44,5.218,1.291,1.001,0.04,-79,-225.5,0,-2.911,-2.472,19.93,20.39
10/1/19 8:30,6293,274,830,0.042,0.001,2.667,3.483,1.226,1.001,0.038,0,5.567,3.31,1.224,1.001,0.085,0.001,8.41,5.219,1.291,1,0.04,-79.83,-224.4,0,-1.916,-1.361,20.08,20.42
10/1/19 8:45,6294,274,845,0.042,0.001,2.68,3.482,1.226,1.001,0.038,0,5.521,3.311,1.224,1,0.085,0.001,8.43,5.217,1.291,1.001,0.041,-79.41,-225.1,0,-1.447,-1.144,20.07,20.42
10/1/19 9:00,6295,274,900,0.042,0.001,2.692,3.481,1.226,1.001,0.038,0.001,5.549,3.308,1.224,1.001,0.085,0.001,8.43,5.218,1.291,1.001,0.041,-79.41,-225,0,-2.131,-0.444,20.17,20.44
10/1/19 9:15,6296,274,915,0.042,0.001,2.658,3.484,1.226,1,0.038,0,5.543,3.312,1.224,1,0.085,0.001,8.43,5.217,1.291,1.001,0.041,-79.67,-224.6,0,-0.189,0.829,20.11,20.43
10/1/19 9:30,6297,274,930,0.042,0.001,2.68,3.483,1.226,1.001,0.038,0.001,5.536,3.309,1.224,1.001,0.085,0.001,8.38,5.217,1.291,1.001,0.041,-79.47,-224.9,0,0.429,0.871,19.99,20.4
10/1/19 9:45,6298,274,945,0.042,0.001,2.688,3.484,1.226,1,0.038,0.001,5.563,3.31,1.224,1.001,0.085,0.001,8.41,5.218,1.291,1.001,0.041,-79.1,-225.5,0,-0.435,3.61,20.26,20.45
10/1/19 10:00,6299,274,1000,0.042,0.001,2.639,3.484,1.226,1,0.038,0.001,5.542,3.31,1.224,1.001,0.085,0.001,8.39,5.217,1.291,1.001,0.04,-78.51,-226.2,0,1.079,3.915,19.56,20.32
10/1/19 10:15,6300,274,1015,0.042,0.001,2.662,3.484,1.226,1,0.038,0,5.521,3.314,1.224,1,0.085,0,8.42,5.219,1.291,1,0.04,-79.39,-224.9,0,-0.346,3.283,19.25,20.27
10/1/19 10:30,6301,274,1030,0.042,0.001,2.648,3.484,1.226,1,0.038,0,5.498,3.313,1.224,1,0.085,0.001,8.39,5.219,1.291,1,0.04,-79.11,-225.4,0,0.825,3.588,18.99,20.22
10/1/19 10:45,6302,274,1045,0.042,0.001,2.664,3.484,1.226,1,0.038,0,5.493,3.312,1.224,1,0.085,0.001,8.41,5.217,1.291,1.001,0.039,-79.46,-224.8,0,0.679,4.923,18.7,20.17
10/1/19 11:00,6303,274,1100,0.042,0.001,2.64,3.484,1.226,1,0.038,0,5.471,3.312,1.224,1,0.085,0,8.4,5.22,1.291,1,0.039,-79.81,-224.3,0,-0.343,6.6,18.53,20.13
10/1/19 11:15,6304,274,1115,0.042,0.001,2.629,3.482,1.226,1.001,0.038,0,5.478,3.315,1.224,1,0.085,0.001,8.36,5.218,1.291,1,0.039,-79.79,-224.3,0,0.384,7.803,18.11,20.06
10/1/19 11:30,6305,274,1130,0.042,0.001,2.639,3.483,1.226,1,0.038,0,5.533,3.311,1.224,1,0.085,0,8.39,5.219,1.291,1,0.038,-80.2,-223.8,0,0.16,8.02,17.66,19.97
10/1/19 11:45,6306,274,1145,0.042,0.001,2.66,3.484,1.226,1,0.038,0,5.465,3.31,1.224,1.001,0.085,0.001,8.38,5.217,1.291,1.001,0.038,-79.45,-224.8,0,0.178,7.689,17.47,19.94
10/1/19 12:00,6307,274,1200,0.042,0.001,2.623,3.484,1.226,1,0.038,0.001,5.429,3.303,1.224,1.002,0.085,0,8.35,5.219,1.291,1,0.038,-79.79,-224.5,0,1.11,9.52,17.05,19.86
10/1/19 12:15,6308,274,1215,0.042,0.001,2.599,3.484,1.226,1,0.038,0.001,5.47,3.303,1.224,1.002,0.085,0.001,8.36,5.218,1.291,1,0.037,-79.11,-225.3,0,1.236,9.11,16.54,19.76
10/1/19 12:30,6309,274,1230,0.042,0.001,2.625,3.482,1.226,1.001,0.038,0.001,5.451,3.304,1.224,1.001,0.085,0,8.36,5.219,1.291,1,0.037,-79.44,-224.7,0,1.829,8.23,16.58,19.77
10/1/19 12:45,6310,274,1245,0.042,0.001,2.59,3.484,1.226,1,0.038,0,5.425,3.312,1.224,1,0.085,0,8.38,5.22,1.291,1,0.036,-79.9,-224.4,0,-0.134,6.446,16.36,19.73
10/1/19 13:00,6311,274,1300,0.042,0.001,2.632,3.483,1.226,1,0.038,0.001,5.424,3.302,1.224,1.002,0.085,0.001,8.3,5.218,1.291,1.001,0.036,-78.97,-225.6,0,0.686,4.677,16.02,19.67
10/1/19 13:15,6312,274,1315,0.042,0.001,2.605,3.483,1.226,1.001,0.038,0.001,5.473,3.307,1.224,1.001,0.085,0.001,8.34,5.218,1.291,1.001,0.036,-78.37,-226.4,0,1.826,4.436,15.98,19.66
10/1/19 13:30,6313,274,1330,0.042,0.001,2.593,3.482,1.226,1.001,0.038,0,5.383,3.315,1.224,1,0.085,0.001,8.33,5.218,1.291,1.001,0.036,-79.2,-225.2,0,1.187,5.123,15.93,19.65
10/1/19 13:45,6314,274,1345,0.042,0.001,2.583,3.483,1.226,1.001,0.038,0,5.457,3.31,1.224,1.001,0.085,0.001,8.3,5.218,1.291,1.001,0.037,-78.52,-226.2,0,0.901,4.261,15.93,19.65
10/1/19 14:00,6315,274,1400,0.042,0.001,2.576,3.483,1.226,1.001,0.038,0,5.397,3.314,1.224,1,0.085,0.001,8.35,5.216,1.291,1.001,0.037,-79.71,-224.5,0,-0.307,3.89,15.9,19.64
10/1/19 14:15,6316,274,1415,0.042,0.001,2.564,3.483,1.226,1.001,0.038,0.001,5.415,3.303,1.224,1.002,0.085,0.001,8.31,5.217,1.291,1.001,0.037,-79.82,-224.3,0,0.088,3.476,15.65,19.6
10/1/19 14:30,6317,274,1430,0.042,0.001,2.552,3.483,1.226,1,0.038,0.001,5.394,3.308,1.224,1.001,0.085,0.001,8.31,5.217,1.291,1.001,0.037,-80.4,-223.4,0,-0.141,3.759,15.61,19.59
10/1/19 14:45,6318,274,1445,0.042,0.001,2.515,3.483,1.226,1,0.038,0,5.417,3.314,1.224,1,0.085,0.001,8.29,5.219,1.291,1,0.037,-80.8,-222.9,0,-0.104,3.911,15.54,19.58
10/1/19 15:00,6319,274,1500,0.042,0.001,2.533,3.484,1.226,1,0.038,0,5.379,3.314,1.224,1,0.085,0.001,8.3,5.218,1.291,1,0.037,-80.8,-222.9,0,-0.259,5.557,15.58,19.58
10/1/19 15:15,6320,274,1515,0.042,0.001,2.533,3.483,1.226,1.001,0.038,0.001,5.405,3.306,1.224,1.001,0.085,0,8.3,5.219,1.291,1,0.037,-80.4,-223.6,0,0.146,6.33,15.58,19.58
10/1/19 15:30,6321,274,1530,0.042,0.001,2.529,3.482,1.226,1.001,0.038,0.001,5.38,3.31,1.224,1.001,0.085,0.001,8.25,5.217,1.291,1.001,0.037,-79.19,-225.5,0,0.277,7.822,15.63,19.59
10/1/19 15:45,6322,274,1545,0.042,0.001,2.521,3.482,1.226,1.001,0.038,0.001,5.413,3.31,1.224,1.001,0.085,0.001,8.28,5.217,1.291,1.001,0.037,-78.79,-225.9,0,0.26,6.329,15.48,19.57
10/1/19 16:00,6323,274,1600,0.042,0.001,2.522,3.484,1.226,1,0.038,0.001,5.407,3.307,1.224,1.001,0.085,0.001,8.28,5.217,1.291,1.001,0.037,-78.92,-225.6,0,-0.087,4.458,15.6,19.59
10/1/19 16:15,6324,274,1615,0.042,0,2.501,3.485,1.226,1,0.038,0,5.36,3.31,1.224,1.001,0.085,0.001,8.29,5.218,1.291,1.001,0.038,-79.68,-224.7,0,-0.741,3.322,15.55,19.58
10/1/19 16:30,6325,274,1630,0.042,0.001,2.502,3.481,1.226,1.001,0.038,0,5.369,3.313,1.224,1,0.085,0.001,8.27,5.218,1.291,1.001,0.038,-80.5,-223.3,0,-1.408,2.549,15.27,19.53
10/1/19 16:45,6326,274,1645,0.042,0.001,2.502,3.482,1.226,1.001,0.038,0.001,5.344,3.31,1.224,1.001,0.085,0.001,8.25,5.218,1.291,1.001,0.038,-80.3,-224,0,-2.13,2.023,15.08,19.49
10/1/19 17:00,6327,274,1700,0.042,0.001,2.464,3.484,1.226,1,0.038,0.001,5.35,3.305,1.224,1.001,0.085,0.001,8.26,5.218,1.291,1.001,0.039,-79.27,-225.3,0,-2.868,1.236,15.06,19.49
10/1/19 17:15,6328,274,1715,0.042,0.001,2.479,3.484,1.226,1,0.038,0,5.346,3.311,1.224,1,0.085,0,8.26,5.219,1.291,1,0.039,-78.59,-226.5,0,-3.402,0.391,15.05,19.49
10/1/19 17:30,6329,274,1730,0.042,0.001,2.48,3.483,1.226,1.001,0.038,0,5.334,3.315,1.224,1,0.085,0,8.26,5.219,1.291,1,0.04,-79.09,-225.6,0,-3.779,-0.303,15.1,19.5
10/1/19 17:45,6330,274,1745,0.042,0.001,2.483,3.484,1.226,1,0.038,0,5.319,3.312,1.224,1,0.085,0.001,8.27,5.218,1.291,1.001,0.041,-79.46,-225,0,-4.008,-0.476,15.17,19.51
10/1/19 18:00,6331,274,1800,0.042,0,2.452,3.484,1.226,1,0.038,0,5.277,3.31,1.224,1.001,0.085,0.001,8.24,5.218,1.291,1,0.041,-80.6,-223.4,0,-4.424,-0.911,15.19,19.51
10/1/19 18:15,6332,274,1815,0.042,0,2.478,3.485,1.226,1,0.038,0.001,5.318,3.307,1.224,1.001,0.085,0.001,8.23,5.218,1.291,1.001,0.042,-80.8,-223.2,0,-4.614,-1.204,15.23,19.52
10/1/19 18:30,6333,274,1830,0.042,0.001,2.469,3.484,1.226,1,0.038,0.001,5.335,3.31,1.224,1.001,0.085,0.001,8.21,5.217,1.291,1.001,0.043,-80.5,-223.7,0,-5.037,-1.583,15.29,19.53
10/1/19 18:45,6334,274,1845,0.042,0.001,2.462,3.483,1.226,1.001,0.038,0.001,5.33,3.309,1.224,1.001,0.085,0.001,8.27,5.217,1.291,1.001,0.044,-79.95,-224.3,0,-5.174,-1.61,15.36,19.54
10/1/19 19:00,6335,274,1900,0.042,0.001,2.442,3.483,1.226,1.001,0.038,0,5.297,3.311,1.224,1,0.085,0.001,8.24,5.217,1.291,1.001,0.045,-80.5,-223.7,0,-5.591,-1.779,15.41,19.55
10/1/19 19:15,6336,274,1915,0.042,0.001,2.414,3.482,1.226,1.001,0.038,0,5.272,3.312,1.224,1,0.085,0.001,8.21,5.217,1.291,1.001,0.047,-79.9,-224.4,0,-5.56,-1.953,15.44,19.56
10/1/19 19:30,6337,274,1930,0.042,0.001,2.441,3.483,1.226,1.001,0.038,0,5.281,3.311,1.224,1,0.085,0.001,8.22,5.217,1.291,1.001,0.048,-80,-224.2,0,-5.899,-2.039,15.48,19.57
10/1/19 19:45,6338,274,1945,0.042,0.001,2.438,3.483,1.226,1.001,0.038,0,5.248,3.31,1.224,1.001,0.085,0,8.21,5.219,1.291,1,0.049,-79.92,-224.5,0,-6.296,-2.125,15.51,19.57
10/1/19 20:00,6339,274,2000,0.042,0,2.438,3.485,1.226,1,0.038,0.001,5.261,3.31,1.224,1.001,0.085,0,8.19,5.22,1.291,1,0.05,-79.91,-224.3,0,-6.489,-2.518,15.54,19.58
10/1/19 20:15,6340,274,2015,0.042,0,2.445,3.485,1.226,1,0.038,0,5.28,3.311,1.224,1.001,0.085,0.001,8.2,5.217,1.291,1.001,0.051,-79.75,-224.6,0,-6.725,-2.697,15.6,19.59
10/1/19 20:30,6341,274,2030,0.042,0.001,2.418,3.482,1.226,1.001,0.038,0.001,5.24,3.309,1.224,1.001,0.085,0.001,8.19,5.218,1.291,1.001,0.052,-79.44,-225.3,0,-6.899,-3.259,15.64,19.6
10/1/19 20:45,6342,274,2045,0.042,0,2.417,3.485,1.226,1,0.038,0,5.231,3.311,1.224,1,0.085,0.001,8.17,5.218,1.291,1.001,0.053,-79,-225.5,0,-7.021,-3.128,15.73,19.61
10/1/19 21:00,6343,274,2100,0.042,0.001,2.439,3.485,1.226,1,0.038,0,5.221,3.312,1.224,1,0.085,0.001,8.19,5.218,1.291,1.001,0.054,-80.3,-223.7,0,-7.168,-3.15,15.81,19.63
10/1/19 21:15,6344,274,2115,0.042,0.001,2.416,3.484,1.226,1,0.038,0,5.242,3.311,1.224,1,0.085,0.001,8.17,5.218,1.291,1.001,0.055,-80.1,-223.9,0,-7.294,-3.325,15.89,19.64
10/1/19 21:30,6345,274,2130,0.042,0.001,2.418,3.482,1.226,1.001,0.038,0.001,5.214,3.307,1.224,1.001,0.085,0.001,8.18,5.217,1.291,1.001,0.056,-80.2,-223.9,0,-7.493,-3.587,15.94,19.65
10/1/19 21:45,6346,274,2145,0.042,0.001,2.413,3.484,1.226,1,0.038,0.001,5.217,3.309,1.224,1.001,0.085,0.001,8.17,5.217,1.291,1.001,0.056,-80.1,-224,0,-7.575,-3.575,16.02,19.67
10/1/19 22:00,6347,274,2200,0.042,0.001,2.425,3.484,1.226,1,0.038,0.001,5.14,3.308,1.224,1.001,0.085,0,8.17,5.219,1.291,1,0.056,-80.4,-223.8,0,-7.654,-3.411,16.13,19.69
10/1/19 22:15,6348,274,2215,0.042,0.001,2.422,3.484,1.226,1,0.038,0.001,5.219,3.309,1.224,1.001,0.085,0,8.17,5.22,1.291,1,0.056,-79.99,-224.2,0,-7.816,-3.259,16.21,19.7
10/1/19 22:30,6349,274,2230,0.042,0.001,2.423,3.482,1.226,1.001,0.038,0,5.214,3.31,1.224,1.001,0.085,0.001,8.14,5.217,1.291,1.001,0.056,-80.4,-223.5,0,-7.743,-3.521,16.22,19.7
10/1/19 22:45,6350,274,2245,0.042,0.001,2.394,3.483,1.226,1,0.038,0,5.212,3.309,1.224,1.001,0.085,0,8.15,5.219,1.291,1,0.055,-79.77,-224.7,0,-7.69,-3.4,16.27,19.71
10/1/19 23:00,6351,274,2300,0.042,0.001,2.4,3.483,1.226,1,0.037,0.001,5.184,3.281,1.223,1.001,0.085,0.001,8.16,5.218,1.291,1.001,0.054,-79.32,-225.2,0,-7.81,-3.609,16.33,19.72
10/1/19 23:15,6352,274,2315,0.042,0.001,2.407,3.484,1.226,1,0.037,0,5.189,3.29,1.223,1,0.085,0.001,8.15,5.218,1.291,1.001,0.052,-79.52,-224.9,0,-7.9,-3.477,16.41,19.74
10/1/19 23:30,6353,274,2330,0.042,0.001,2.414,3.483,1.226,1,0.038,0,5.149,3.311,1.224,1,0.085,0.001,8.14,5.218,1.291,1.001,0.051,-79.49,-225,0,-7.937,-3.41,16.47,19.75
10/1/19 23:45,6354,274,2345,0.042,0.001,2.394,3.483,1.226,1,0.037,0,5.181,3.286,1.223,1.001,0.085,0.001,8.13,5.218,1.291,1,0.05,-78.58,-226.3,0,-7.931,-3.279,16.48,19.75
10/2/19 0:00,6355,275,0,0.042,0.001,2.407,3.483,1.226,1.001,0.037,0,5.153,3.287,1.223,1.001,0.085,0,8.13,5.219,1.291,1,0.048,-78.83,-225.8,0,-7.934,-3.235,16.53,19.76
10/2/19 0:15,6356,275,15,0.042,0.001,2.416,3.482,1.226,1.001,0.037,0.001,5.15,3.285,1.223,1.001,0.085,0.001,8.15,5.218,1.291,1.001,0.048,-80.1,-224.1,0,-7.893,-3.104,16.56,19.77
10/2/19 0:30,6357,275,30,0.042,0.001,2.414,3.482,1.226,1.001,0.037,0.001,5.104,3.285,1.223,1.001,0.085,0.001,8.12,5.217,1.291,1.001,0.047,-80,-224.1,0,-7.462,-2.995,16.65,19.78
10/2/19 0:45,6358,275,45,0.042,0.001,2.386,3.481,1.226,1.001,0.037,0,5.101,3.288,1.223,1,0.085,0.001,8.14,5.217,1.291,1.001,0.047,-79.65,-224.7,0,-8.02,-3.387,16.69,19.79
10/2/19 1:00,6359,275,100,0.042,0.001,2.371,3.481,1.226,1.001,0.037,0,5.144,3.287,1.223,1.001,0.085,0.001,8.11,5.218,1.291,1.001,0.047,-79.48,-225,0,-8.19,-3.804,16.72,19.8
10/2/19 1:15,6360,275,115,0.042,0.001,2.415,3.484,1.226,1,0.037,0.001,5.144,3.286,1.223,1.001,0.085,0,8.1,5.22,1.291,1,0.047,-79.39,-225.1,0,-8.29,-4.002,16.77,19.81
10/2/19 1:30,6361,275,130,0.042,0.001,2.364,3.483,1.226,1.001,0.037,0,5.142,3.286,1.223,1.001,0.085,0.001,8.08,5.217,1.291,1.001,0.047,-79.79,-224.5,0,-8.36,-4.222,16.9,19.83
10/2/19 1:45,6362,275,145,0.042,0.001,2.359,3.481,1.226,1.001,0.037,0,5.115,3.287,1.223,1.001,0.085,0.001,8.12,5.217,1.291,1.001,0.047,-79.6,-224.7,0,-8.43,-4.437,16.92,19.83
10/2/19 2:00,6363,275,200,0.042,0.001,2.364,3.483,1.226,1.001,0.037,0.001,5.128,3.285,1.223,1.001,0.085,0.001,8.05,5.218,1.291,1.001,0.046,-79.86,-224.4,0,-8.11,-3.914,17.09,19.87
10/2/19 2:15,6364,275,215,0.042,0.001,2.358,3.48,1.226,1.001,0.037,0,5.126,3.288,1.223,1,0.085,0,8.09,5.219,1.291,1,0.046,-79.66,-224.6,0,-8.27,-3.825,17.21,19.89
10/2/19 2:30,6365,275,230,0.042,0.001,2.354,3.483,1.226,1.001,0.037,0,5.131,3.288,1.223,1,0.085,0.001,8.09,5.219,1.291,1,0.046,-79.57,-224.8,0,-8.11,-3.191,17.37,19.92
10/2/19 2:45,6366,275,245,0.042,0.001,2.337,3.484,1.226,1,0.037,0.001,5.086,3.284,1.223,1.001,0.085,0,8.05,5.219,1.291,1,0.046,-79.13,-225.4,0,-7.916,-3.103,17.46,19.93
10/2/19 3:00,6367,275,300,0.042,0.001,2.359,3.484,1.226,1,0.037,0,5.119,3.287,1.223,1.001,0.085,0,8.06,5.219,1.291,1,0.046,-79.19,-225.4,0,-8.19,-3.43,17.57,19.96
10/2/19 3:15,6368,275,315,0.042,0.001,2.369,3.484,1.226,1,0.037,0.001,5.065,3.286,1.223,1.001,0.085,0.001,8.07,5.219,1.291,1,0.046,-79.13,-225.4,0,-8.04,-3.572,17.64,19.97
10/2/19 3:30,6369,275,330,0.042,0.001,2.338,3.483,1.226,1,0.037,0,5.076,3.286,1.223,1.001,0.085,0.001,8.08,5.218,1.291,1.001,0.046,-80.1,-223.9,0,-8.07,-3.737,17.7,19.98
10/2/19 3:45,6370,275,345,0.042,0,2.319,3.485,1.226,1,0.037,0,5.099,3.289,1.223,1,0.085,0.001,8.05,5.218,1.291,1.001,0.046,-80.6,-223.3,0,-7.831,-3.342,17.8,20
10/2/19 4:00,6371,275,400,0.042,0.001,2.305,3.483,1.226,1.001,0.037,0,5.077,3.288,1.223,1,0.085,0,8.05,5.219,1.291,1,0.046,-80.1,-224,0,-7.783,-3.014,17.76,19.99
10/2/19 4:15,6372,275,415,0.042,0.001,2.318,3.484,1.226,1,0.037,0.001,5.109,3.285,1.223,1.001,0.085,0.001,8.05,5.219,1.291,1,0.046,-79.35,-225.1,0,-7.733,-3.04,17.66,19.97
10/2/19 4:30,6373,275,430,0.042,0.001,2.335,3.484,1.226,1,0.037,0,5.048,3.288,1.223,1,0.085,0.001,8.03,5.218,1.291,1,0.046,-79.62,-224.6,0,-7.428,-2.447,17.55,19.95
10/2/19 4:45,6374,275,445,0.042,0.001,2.311,3.482,1.226,1.001,0.037,0,4.988,3.287,1.223,1,0.085,0.001,8.06,5.219,1.291,1,0.046,-80.2,-223.8,0,-7.452,-1.989,17.42,19.93
10/2/19 5:00,6375,275,500,0.042,0.001,2.273,3.484,1.226,1,0.037,0.001,5.058,3.286,1.223,1.001,0.085,0.001,8,5.218,1.291,1.001,0.046,-80.5,-223.2,0,-7.475,-1.662,17.28,19.9
10/2/19 5:15,6376,275,515,0.042,0.001,2.283,3.482,1.226,1.001,0.037,0,5.039,3.288,1.223,1,0.085,0.001,8.03,5.218,1.291,1,0.045,-81,-222.6,0,-7.402,-1.586,17.15,19.88
10/2/19 5:30,6377,275,530,0.042,0,2.252,3.485,1.226,1,0.037,0,5.023,3.287,1.223,1,0.085,0,8.02,5.219,1.291,1,0.045,-80.5,-223.2,0,-7.215,-1.532,17.03,19.85
10/2/19 5:45,6378,275,545,0.042,0,2.235,3.485,1.226,1,0.037,0,5.027,3.287,1.223,1,0.085,0.001,8.02,5.217,1.291,1.001,0.045,-80.4,-223.4,0,-6.954,-1.097,16.94,19.84
10/2/19 6:00,6379,275,600,0.042,0.001,2.243,3.482,1.226,1.001,0.037,0.001,5.015,3.285,1.223,1.001,0.085,0.001,8.01,5.218,1.291,1.001,0.045,-80.8,-222.8,0,-6.899,-0.77,16.82,19.82
10/2/19 6:15,6380,275,615,0.042,0,2.237,3.485,1.226,1,0.037,0.001,4.997,3.286,1.223,1.001,0.085,0.001,7.995,5.217,1.291,1.001,0.045,-80.4,-223.4,0,-6.696,-0.574,16.71,19.8
10/2/19 6:30,6381,275,630,0.042,0.001,2.236,3.484,1.226,1,0.037,0,5.028,3.287,1.223,1.001,0.085,0.001,8,5.218,1.291,1.001,0.045,-80.1,-223.8,0,-6.239,0.424,16.63,19.78
10/2/19 6:45,6382,275,645,0.042,0.001,2.222,3.484,1.226,1,0.037,0.001,4.979,3.285,1.223,1.001,0.085,0.001,8,5.218,1.291,1.001,0.045,-78.99,-225.5,0,-5.578,1.047,16.58,19.77
10/2/19 7:00,6383,275,700,0.042,0.001,2.237,3.483,1.226,1,0.037,0,4.967,3.287,1.223,1,0.085,0,8,5.219,1.291,1,0.045,-78.74,-225.8,0,-4.758,1.769,16.47,19.75
10/2/19 7:15,6384,275,715,0.042,0.001,2.232,3.484,1.226,1,0.037,0.001,4.999,3.283,1.223,1.001,0.085,0.001,7.953,5.217,1.291,1.001,0.045,-78.76,-225.5,0,-4.002,2.508,16.39,19.74
10/2/19 7:30,6385,275,730,0.042,0.001,2.247,3.484,1.226,1,0.037,0.001,4.968,3.281,1.223,1.001,0.085,0.001,7.979,5.218,1.291,1.001,0.044,-79.25,-225,0,-3.002,3.706,16.32,19.72
10/2/19 7:45,6386,275,745,0.042,0.001,2.199,3.483,1.226,1,0.037,0.001,4.98,3.286,1.223,1.001,0.085,0.001,7.976,5.218,1.291,1.001,0.044,-79.01,-225.2,0,-1.115,4.301,16.41,19.74
10/2/19 8:00,6387,275,800,0.042,0,2.199,3.485,1.226,1,0.037,0.001,4.979,3.285,1.223,1.001,0.085,0.001,8,5.217,1.291,1.001,0.044,-79.72,-224.3,0,0.353,4.953,16.72,19.8
10/2/19 8:15,6388,275,815,0.042,0,2.198,3.484,1.226,1,0.037,0.001,4.967,3.283,1.223,1.001,0.085,0.001,7.996,5.216,1.291,1.001,0.044,-78.71,-225.9,0,1.063,5.283,16.6,19.77
10/2/19 8:30,6389,275,830,0.042,0,2.179,3.486,1.226,1,0.037,0,4.918,3.289,1.223,1,0.085,0,7.978,5.219,1.291,1,0.044,-78.12,-226.5,0,2.687,5.855,16.38,19.73
10/2/19 8:45,6390,275,845,0.042,0.001,2.203,3.483,1.226,1.001,0.037,0,4.954,3.289,1.223,1,0.085,0,7.95,5.219,1.291,1,0.045,-79.01,-225.1,0,3.384,8.96,16.01,19.66
10/2/19 9:00,6391,275,900,0.042,0,2.169,3.485,1.226,1,0.037,0,4.935,3.29,1.223,1,0.085,0.001,7.984,5.218,1.291,1.001,0.045,-79.87,-224,0,3.933,12.35,15.77,19.62
10/2/19 9:15,6392,275,915,0.042,0,2.188,3.485,1.226,1,0.037,0,4.943,3.289,1.223,1,0.085,0.001,7.964,5.218,1.291,1.001,0.045,-79.4,-224.7,0,4.028,14.57,15.66,19.6
10/2/19 9:30,6393,275,930,0.042,0.001,2.175,3.484,1.226,1,0.037,0.001,4.94,3.286,1.223,1.001,0.085,0.001,7.953,5.218,1.291,1.001,0.045,-78.96,-225.4,0,3.702,14.72,15.85,19.63
10/2/19 9:45,6394,275,945,0.042,0.001,2.202,3.482,1.226,1.001,0.037,0.001,4.936,3.286,1.223,1.001,0.085,0.001,7.945,5.218,1.291,1.001,0.046,-78.73,-225.6,0,4.234,15.55,15.81,19.63
10/2/19 10:00,6395,275,1000,0.042,0.001,2.204,3.484,1.226,1,0.037,0,4.922,3.289,1.223,1,0.085,0.001,7.948,5.218,1.291,1.001,0.048,-79.07,-225.2,0,5.106,15.65,15.62,19.59
10/2/19 10:15,6396,275,1015,0.042,0.001,2.184,3.482,1.226,1.001,0.037,0,4.923,3.287,1.223,1.001,0.085,0.001,7.954,5.217,1.291,1.001,0.046,-79.58,-224.4,0,5.419,14.22,15.4,19.55
10/2/19 10:30,6397,275,1030,0.042,0.001,2.198,3.483,1.226,1,0.037,0.001,4.931,3.283,1.223,1.001,0.085,0,7.961,5.22,1.291,1,0.044,-79.53,-224.7,0,5.328,15.97,15.16,19.51
10/2/19 10:45,6398,275,1045,0.042,0.001,2.19,3.484,1.226,1,0.037,0.001,4.89,3.281,1.223,1.001,0.085,0.001,7.935,5.218,1.291,1,0.042,-79.74,-224.3,0,5.927,16.43,14.97,19.47
10/2/19 11:00,6399,275,1100,0.042,0.001,2.196,3.483,1.226,1.001,0.037,0.001,4.906,3.282,1.223,1.001,0.085,0.001,7.926,5.218,1.291,1.001,0.041,-80.1,-224,0,5.582,16.67,14.74,19.43
10/2/19 11:15,6400,275,1115,0.042,0.001,2.192,3.484,1.226,1,0.037,0.001,4.894,3.28,1.223,1.002,0.085,0.001,7.943,5.217,1.291,1.001,0.039,-79.33,-225.1,0,5.706,17.23,14.55,19.39
10/2/19 11:30,6401,275,1130,0.042,0,2.191,3.485,1.226,1,0.037,0.001,4.891,3.28,1.223,1.002,0.085,0.001,7.922,5.217,1.291,1.001,0.037,-78.34,-226.6,0,6.8,16.54,14.39,19.36
10/2/19 11:45,6402,275,1145,0.042,0,2.216,3.485,1.226,1,0.037,0.001,4.885,3.279,1.223,1.002,0.085,0.001,7.926,5.218,1.291,1.001,0.036,-78.73,-226,0,7.417,16.54,14.21,19.33
10/2/19 12:00,6403,275,1200,0.042,0.001,2.223,3.482,1.226,1.001,0.037,0.002,4.886,3.278,1.223,1.002,0.085,0.001,7.908,5.217,1.291,1.001,0.035,-78.81,-225.9,0,8.4,17.41,13.86,19.26
10/2/19 12:15,6404,275,1215,0.042,0.001,2.202,3.484,1.226,1,0.037,0.001,4.894,3.285,1.223,1.001,0.085,0.001,7.921,5.219,1.291,1,0.033,-79.19,-225.4,0,8.07,19.11,13.43,19.18
10/2/19 12:30,6405,275,1230,0.042,0,2.199,3.488,1.226,1,0.037,0,4.889,3.291,1.223,1,0.085,0.001,7.917,5.218,1.291,1.001,0.029,-79.79,-224.4,0,9.28,18.87,13.43,19.18
10/2/19 12:45,6406,275,1245,0.042,0.001,2.237,3.483,1.226,1,0.037,0.001,4.855,3.28,1.223,1.002,0.085,0.001,7.902,5.218,1.291,1.001,0.027,-79.49,-225,0,8.43,15.12,13.14,19.13
10/2/19 13:00,6407,275,1300,0.042,0.001,2.23,3.484,1.226,1,0.037,0.001,4.85,3.279,1.223,1.002,0.085,0.001,7.875,5.217,1.291,1.001,0.024,-79.5,-224.9,0,8.58,12.66,12.84,19.07
10/2/19 13:15,6408,275,1315,0.042,0.001,2.218,3.484,1.226,1,0.037,0.001,4.832,3.282,1.223,1.001,0.085,0.001,7.838,5.218,1.291,1.001,0.023,-81,-222.7,0,7.918,11.71,12.74,19.05
10/2/19 13:30,6409,275,1330,0.042,0.001,2.221,3.483,1.226,1.001,0.037,0.001,4.819,3.283,1.223,1.001,0.085,0.001,7.858,5.218,1.291,1.001,0.022,-81.2,-222.4,0,8.14,11.49,12.61,19.03
10/2/19 13:45,6410,275,1345,0.042,0.001,2.217,3.482,1.226,1.001,0.037,0.002,4.835,3.278,1.223,1.002,0.085,0,7.871,5.221,1.291,1,0.022,-80.4,-223.8,0,8.23,11.08,12.59,19.02
10/2/19 14:00,6411,275,1400,0.042,0.001,2.205,3.484,1.226,1,0.037,0.001,4.85,3.285,1.223,1.001,0.085,0.001,7.87,5.218,1.291,1.001,0.021,-80.2,-224,0,7.9,10.94,12.55,19.02
10/2/19 14:15,6412,275,1415,0.042,0.001,2.247,3.484,1.226,1,0.037,0,4.825,3.289,1.223,1,0.085,0.001,7.884,5.219,1.291,1,0.021,-79.83,-224.5,0,6.099,11.04,12.39,18.99
10/2/19 14:30,6413,275,1430,0.042,0.001,2.208,3.483,1.226,1.001,0.037,0,4.795,3.287,1.223,1,0.085,0.001,7.858,5.216,1.291,1.001,0.021,-80.1,-224.1,0,5.515,10.85,12.31,18.97
10/2/19 14:45,6414,275,1445,0.042,0.001,2.191,3.483,1.226,1.001,0.037,0.001,4.81,3.285,1.223,1.001,0.085,0,7.871,5.219,1.291,1,0.021,-80.7,-223.2,0,5.676,11.46,12.24,18.96
10/2/19 15:00,6415,275,1500,0.042,0.001,2.168,3.484,1.226,1,0.037,0,4.828,3.287,1.223,1.001,0.085,0.001,7.866,5.218,1.291,1.001,0.021,-80.6,-223.6,0,5.918,12.3,12.23,18.96
10/2/19 15:15,6416,275,1515,0.042,0.001,2.216,3.481,1.226,1.001,0.037,0.001,4.795,3.283,1.223,1.001,0.085,0.001,7.87,5.217,1.291,1.001,0.021,-80.7,-223.3,0,5.703,13.25,12.25,18.96
10/2/19 15:30,6417,275,1530,0.042,0.001,2.189,3.483,1.226,1,0.037,0.002,4.81,3.278,1.223,1.002,0.085,0.001,7.846,5.218,1.291,1.001,0.021,-81.1,-223,0,5.36,13.01,12.23,18.96
10/2/19 15:45,6418,275,1545,0.042,0.001,2.189,3.483,1.226,1,0.037,0.001,4.788,3.281,1.223,1.002,0.085,0.001,7.854,5.217,1.291,1.001,0.02,-80.5,-223.8,0,5.55,11.62,12.07,18.93
10/2/19 16:00,6419,275,1600,0.042,0.001,2.181,3.484,1.226,1,0.037,0.001,4.787,3.28,1.223,1.002,0.085,0.001,7.846,5.218,1.291,1.001,0.019,-80.8,-223.4,0,5.613,9.88,12.15,18.94
10/2/19 16:15,6420,275,1615,0.042,0,2.187,3.485,1.226,1,0.037,0,4.778,3.289,1.223,1,0.085,0.001,7.847,5.218,1.291,1.001,0.019,-80.5,-224,0,4.546,9.04,12.12,18.94
10/2/19 16:30,6421,275,1630,0.042,0.001,2.164,3.482,1.226,1.001,0.037,0,4.768,3.287,1.223,1,0.085,0.001,7.825,5.218,1.291,1.001,0.02,-81.2,-222.7,0,3.468,8.41,11.86,18.89
10/2/19 16:45,6422,275,1645,0.042,0.001,2.205,3.484,1.226,1,0.037,0.001,4.786,3.282,1.223,1.001,0.085,0.001,7.828,5.217,1.291,1.001,0.02,-81.2,-223,0,2.619,7.923,11.64,18.84
10/2/19 17:00,6423,275,1700,0.042,0.001,2.202,3.481,1.226,1.001,0.037,0.001,4.763,3.285,1.223,1.001,0.085,0.001,7.829,5.218,1.291,1.001,0.02,-81.1,-222.9,0,1.79,7.129,11.49,18.82
10/2/19 17:15,6424,275,1715,0.042,0,2.191,3.486,1.226,1,0.037,0.001,4.758,3.283,1.223,1.001,0.085,0.001,7.767,5.219,1.291,1,0.02,-81.7,-222.1,0,1.426,6.529,11.38,18.8
10/2/19 17:30,6425,275,1730,0.042,0.001,2.171,3.483,1.226,1.001,0.037,0.001,4.76,3.285,1.223,1.001,0.085,0.001,7.818,5.218,1.291,1,0.021,-82.6,-220.7,0,0.822,5.799,11.25,18.77
10/2/19 17:45,6426,275,1745,0.042,0.001,2.18,3.482,1.226,1.001,0.037,0.001,4.721,3.262,1.222,1.001,0.085,0.001,7.807,5.218,1.291,1.001,0.021,-81.4,-222.6,0,0.345,5.518,11.24,18.77
10/2/19 18:00,6427,275,1800,0.042,0.001,2.14,3.482,1.226,1.001,0.037,0,4.727,3.267,1.222,1,0.085,0.001,7.795,5.217,1.291,1.001,0.021,-81.2,-222.7,0,0.487,5.336,11.16,18.75
10/2/19 18:15,6428,275,1815,0.042,0,2.159,3.486,1.226,1,0.037,0.001,4.693,3.261,1.222,1.001,0.085,0.001,7.786,5.217,1.291,1.001,0.022,-81.5,-222.3,0,0.487,5.182,11.13,18.75
10/2/19 18:30,6429,275,1830,0.042,0,2.144,3.485,1.226,1,0.037,0,4.744,3.263,1.222,1.001,0.085,0.001,7.776,5.218,1.291,1.001,0.022,-82,-221.6,0,-0.659,4.803,11.05,18.73
10/2/19 18:45,6430,275,1845,0.042,0.001,2.172,3.484,1.226,1,0.037,0.001,4.726,3.26,1.222,1.001,0.085,0.001,7.79,5.218,1.291,1.001,0.022,-81.5,-222.4,0,-1.186,4.37,10.93,18.71
10/2/19 19:00,6431,275,1900,0.042,0.001,2.149,3.483,1.226,1,0.037,0,4.72,3.263,1.222,1.001,0.085,0.001,7.759,5.218,1.291,1.001,0.023,-81.1,-222.9,0,-1.365,4.13,10.93,18.71
10/2/19 19:15,6432,275,1915,0.042,0,2.127,3.485,1.226,1,0.037,0.001,4.714,3.263,1.222,1.001,0.085,0.001,7.782,5.217,1.291,1.001,0.023,-81.2,-222.5,0,-1.517,3.671,10.95,18.72
10/2/19 19:30,6433,275,1930,0.042,0.001,2.146,3.483,1.226,1.001,0.037,0.001,4.676,3.262,1.222,1.001,0.085,0.001,7.758,5.218,1.291,1.001,0.023,-81.6,-222,0,-1.352,4.02,10.94,18.71
10/2/19 19:45,6434,275,1945,0.042,0,2.168,3.485,1.226,1,0.037,0.001,4.698,3.262,1.222,1.001,0.085,0.001,7.73,5.217,1.291,1.001,0.023,-81.6,-222.1,0,-0.998,4.042,11.01,18.73
10/2/19 20:00,6435,275,2000,0.042,0.001,2.128,3.482,1.226,1.001,0.037,0.001,4.688,3.262,1.222,1.001,0.085,0,7.752,5.219,1.291,1,0.023,-80.7,-223.4,0,-0.712,4.436,11.15,18.75
10/2/19 20:15,6436,275,2015,0.042,0,2.122,3.487,1.226,1,0.037,0,4.66,3.264,1.222,1,0.085,0,7.762,5.219,1.291,1,0.023,-80.8,-223.1,0,-1.44,3.846,11.03,18.73
10/2/19 20:30,6437,275,2030,0.042,0.001,2.118,3.481,1.226,1.001,0.037,0,4.678,3.263,1.222,1.001,0.085,0.001,7.744,5.216,1.291,1.001,0.024,-81.4,-222.1,0,-1.77,3.431,11,18.72
10/2/19 20:45,6438,275,2045,0.042,0.001,2.146,3.484,1.226,1,0.037,0.001,4.679,3.261,1.222,1.001,0.085,0.001,7.758,5.217,1.291,1.001,0.024,-80.7,-223.3,0,-1.103,3.279,10.98,18.72
10/2/19 21:00,6439,275,2100,0.042,0.001,2.114,3.484,1.226,1,0.037,0,4.663,3.264,1.222,1,0.085,0.001,7.764,5.218,1.291,1.001,0.024,-79.46,-225.2,0,-1.784,3.674,11.01,18.73
10/2/19 21:15,6440,275,2115,0.042,0.001,2.132,3.486,1.226,1,0.037,0,4.664,3.264,1.222,1,0.085,0.001,7.734,5.218,1.291,1.001,0.024,-79.74,-224.6,0,-0.615,4.286,10.86,18.7
10/2/19 21:30,6441,275,2130,0.043,0.001,2.136,3.507,1.227,1.001,0.036,0.001,4.646,3.259,1.222,1.001,0.085,0.001,7.765,5.217,1.291,1.001,0.023,-79.71,-224.5,0,-0.263,4.878,10.96,18.72
10/2/19 21:45,6442,275,2145,0.043,0.001,2.107,3.505,1.227,1.001,0.037,0.001,4.666,3.26,1.222,1.001,0.085,0.001,7.747,5.217,1.291,1.001,0.021,-79.62,-224.8,0,-0.301,4.923,10.97,18.72
10/2/19 22:00,6443,275,2200,0.042,0.001,2.119,3.484,1.226,1,0.037,0,4.633,3.265,1.222,1,0.085,0,7.729,5.219,1.291,1,0.017,-78.93,-225.7,0,-0.512,4.902,10.9,18.71
10/2/19 22:15,6444,275,2215,0.042,0.001,2.108,3.483,1.226,1.001,0.037,0,4.615,3.265,1.222,1,0.085,0,7.739,5.22,1.291,1,0.016,-79.35,-224.9,0,-0.516,4.749,10.83,18.69
10/2/19 22:30,6445,275,2230,0.042,0,2.083,3.488,1.226,1,0.036,0.001,4.633,3.258,1.222,1.001,0.085,0.001,7.719,5.219,1.291,1,0.016,-80.4,-223.4,0,-0.579,4.837,10.82,18.69
10/2/19 22:45,6446,275,2245,0.043,0.001,2.106,3.508,1.227,1,0.037,0.001,4.646,3.262,1.222,1.001,0.085,0.001,7.71,5.217,1.291,1.001,0.016,-79.55,-224.7,0,-0.101,4.876,10.76,18.68
10/2/19 23:00,6447,275,2300,0.043,0,2.095,3.508,1.227,1,0.037,0,4.589,3.263,1.222,1,0.085,0.001,7.703,5.217,1.291,1.001,0.016,-79.71,-224.4,0,-0.126,5.1,10.73,18.67
10/2/19 23:15,6448,275,2315,0.043,0,2.112,3.51,1.227,1,0.037,0,4.63,3.266,1.222,1,0.085,0.001,7.717,5.217,1.291,1.001,0.016,-80.1,-224,0,0.51,5.167,10.69,18.67
10/2/19 23:30,6449,275,2330,0.043,0.001,2.094,3.508,1.227,1,0.037,0,4.608,3.264,1.222,1,0.085,0.001,7.724,5.217,1.291,1.001,0.016,-79.85,-224.2,0,-0.057,5.189,10.69,18.67
10/2/19 23:45,6450,275,2345,0.043,0.001,2.099,3.508,1.227,1,0.036,0.001,4.582,3.262,1.222,1.001,0.085,0,7.71,5.22,1.291,1,0.016,-80.1,-223.9,0,-0.172,5.204,10.65,18.66
10/3/19 0:00,6451,276,0,0.043,0.001,2.09,3.507,1.227,1.001,0.037,0.001,4.609,3.262,1.222,1.001,0.085,0.001,7.697,5.218,1.291,1,0.016,-80.1,-223.9,0,0.092,4.98,10.6,18.65
10/3/19 0:15,6452,276,15,0.043,0.001,2.085,3.504,1.227,1.001,0.037,0,4.586,3.264,1.222,1,0.085,0,7.707,5.219,1.291,1,0.016,-80.4,-223.5,0,0.217,4.858,10.58,18.65
10/3/19 0:30,6453,276,30,0.043,0,2.1,3.509,1.227,1,0.037,0.001,4.585,3.259,1.222,1.001,0.085,0.001,7.697,5.218,1.291,1.001,0.016,-79.9,-224.2,0,0.189,4.727,10.63,18.65
10/3/19 0:45,6454,276,45,0.043,0.001,2.093,3.508,1.227,1,0.037,0,4.568,3.265,1.222,1,0.085,0.001,7.705,5.217,1.291,1.001,0.016,-78.64,-226.2,0,0.743,4.574,10.68,18.66
10/3/19 1:00,6455,276,100,0.043,0.001,2.088,3.506,1.227,1.001,0.037,0,4.571,3.266,1.222,1,0.085,0.001,7.663,5.218,1.291,1.001,0.016,-78.91,-225.6,0,0.011,4.245,10.73,18.67
10/3/19 1:15,6456,276,115,0.043,0.001,2.102,3.507,1.227,1,0.037,0.001,4.58,3.262,1.222,1.001,0.085,0.001,7.692,5.218,1.291,1.001,0.016,-79.4,-224.9,0,0.059,4.027,10.76,18.68
10/3/19 1:30,6457,276,130,0.043,0.001,2.086,3.507,1.227,1,0.037,0.001,4.583,3.262,1.222,1.001,0.085,0.001,7.675,5.218,1.291,1.001,0.016,-79.94,-224.2,0,0.544,3.873,10.81,18.69
10/3/19 1:45,6458,276,145,0.043,0.001,2.107,3.508,1.227,1,0.037,0,4.549,3.263,1.222,1.001,0.085,0,7.626,5.22,1.291,1,0.016,-79.75,-224.5,0,0.645,3.818,10.84,18.69
10/3/19 2:00,6459,276,200,0.043,0.001,2.065,3.508,1.227,1,0.036,0.001,4.553,3.259,1.222,1.001,0.085,0.001,7.64,5.218,1.291,1.001,0.016,-79.98,-224.2,0,0.728,3.894,10.86,18.7
10/3/19 2:15,6460,276,215,0.043,0.001,2.072,3.507,1.227,1,0.036,0.001,4.57,3.261,1.222,1.001,0.085,0.001,7.678,5.217,1.291,1.001,0.016,-78.87,-225.8,0,0.713,4.006,10.88,18.7
10/3/19 2:30,6461,276,230,0.043,0.001,2.08,3.508,1.227,1,0.036,0.001,4.563,3.26,1.222,1.001,0.085,0.001,7.634,5.218,1.291,1,0.016,-79.31,-225.1,0,0.526,3.872,10.85,18.7
10/3/19 2:45,6462,276,245,0.043,0.001,2.066,3.507,1.227,1,0.037,0.001,4.553,3.26,1.222,1.001,0.085,0,7.664,5.219,1.291,1,0.016,-79.32,-225.1,0,0.632,3.915,10.82,18.69
10/3/19 3:00,6463,276,300,0.043,0.001,2.042,3.507,1.227,1.001,0.037,0,4.563,3.263,1.222,1.001,0.085,0.001,7.675,5.217,1.291,1.001,0.016,-79.43,-224.9,0,-0.492,3.765,10.78,18.68
10/3/19 3:15,6464,276,315,0.043,0.001,2.081,3.506,1.227,1.001,0.037,0.001,4.549,3.261,1.222,1.001,0.085,0.001,7.664,5.218,1.291,1,0.016,-79.52,-224.8,0,-0.634,3.808,10.72,18.67
10/3/19 3:30,6465,276,330,0.043,0,2.046,3.508,1.227,1,0.037,0.001,4.553,3.263,1.222,1.001,0.085,0,7.627,5.22,1.291,1,0.016,-79.78,-224.5,0,-0.649,3.567,10.7,18.67
10/3/19 3:45,6466,276,345,0.043,0,2.049,3.509,1.227,1,0.037,0.001,4.517,3.261,1.222,1.001,0.085,0.001,7.612,5.217,1.291,1.001,0.016,-79.58,-224.7,0,-1.101,3.348,10.66,18.66
10/3/19 4:00,6467,276,400,0.043,0.001,2.008,3.507,1.227,1.001,0.037,0,4.538,3.267,1.222,1,0.085,0.001,7.631,5.217,1.291,1.001,0.016,-80.5,-223.2,0,-1.145,3.306,10.65,18.66
10/3/19 4:15,6468,276,415,0.043,0.001,2.024,3.508,1.227,1,0.037,0,4.517,3.266,1.222,1,0.085,0.001,7.62,5.218,1.291,1.001,0.016,-81.2,-222.4,0,-0.75,3.414,10.66,18.66
10/3/19 4:30,6469,276,430,0.043,0,2.033,3.509,1.227,1,0.037,0,4.501,3.263,1.222,1,0.085,0,7.623,5.219,1.291,1,0.016,-80.6,-223.2,0,-0.213,3.595,10.68,18.66
10/3/19 4:45,6470,276,445,0.043,0,2.038,3.511,1.227,1,0.037,0,4.513,3.265,1.222,1,0.085,0,7.596,5.219,1.291,1,0.016,-80.7,-223.2,0,-0.374,3.349,10.65,18.66
10/3/19 5:00,6471,276,500,0.043,0.001,2.016,3.508,1.227,1,0.037,0,4.478,3.265,1.222,1,0.085,0.001,7.624,5.217,1.291,1.001,0.016,-81.4,-222.1,0,-1.071,3.261,10.63,18.65
10/3/19 5:15,6472,276,515,0.043,0,2.007,3.509,1.227,1,0.037,0,4.472,3.264,1.222,1,0.085,0.001,7.564,5.216,1.291,1.001,0.016,-80.9,-222.8,0,-1.321,2.934,10.58,18.64
10/3/19 5:30,6473,276,530,0.043,0,2.01,3.509,1.227,1,0.037,0.001,4.501,3.26,1.222,1.001,0.085,0.001,7.61,5.219,1.291,1,0.016,-79.93,-224.3,0,-0.139,2.89,10.55,18.64
10/3/19 5:45,6474,276,545,0.043,0.001,2.004,3.507,1.227,1.001,0.037,0.001,4.478,3.262,1.222,1.001,0.085,0.001,7.597,5.217,1.291,1.001,0.016,-80.1,-224,0,-1.546,2.843,10.56,18.64
10/3/19 6:00,6475,276,600,0.043,0.001,2.007,3.508,1.227,1,0.037,0.001,4.471,3.262,1.222,1.001,0.085,0.001,7.609,5.218,1.291,1.001,0.016,-79.75,-224.6,0,-1.396,2.805,10.55,18.64
10/3/19 6:15,6476,276,615,0.043,0,1.963,3.509,1.227,1,0.037,0.001,4.452,3.261,1.222,1.001,0.085,0.001,7.618,5.218,1.291,1.001,0.016,-79.39,-225.1,0,-0.879,2.772,10.54,18.64
10/3/19 6:30,6477,276,630,0.043,0.001,1.965,3.507,1.227,1,0.037,0.001,4.462,3.262,1.222,1.001,0.085,0.001,7.591,5.218,1.291,1.001,0.016,-78.88,-225.8,0,-1.405,2.458,10.52,18.63
10/3/19 6:45,6478,276,645,0.043,0.001,1.955,3.508,1.227,1,0.037,0,4.449,3.263,1.222,1.001,0.085,0,7.593,5.22,1.291,1,0.016,-78.35,-226.6,0,-0.583,2.913,10.59,18.65
10/3/19 7:00,6479,276,700,0.043,0.001,1.983,3.507,1.227,1,0.037,0.001,4.46,3.262,1.222,1.001,0.085,0.001,7.584,5.218,1.291,1.001,0.016,-77.88,-227.3,0,-0.587,3.119,10.66,18.66
10/3/19 7:15,6480,276,715,0.043,0.001,1.953,3.508,1.227,1,0.037,0.001,4.462,3.262,1.222,1.001,0.085,0.001,7.578,5.217,1.291,1.001,0.016,-78.76,-225.9,0,0.244,3.524,10.72,18.67
10/3/19 7:30,6481,276,730,0.043,0.001,1.949,3.505,1.227,1.001,0.037,0,4.444,3.265,1.222,1,0.085,0.001,7.603,5.217,1.291,1.001,0.016,-78.12,-226.9,0,0.478,3.841,10.78,18.68
10/3/19 7:45,6482,276,745,0.043,0.001,1.934,3.508,1.227,1,0.037,0,4.43,3.264,1.222,1,0.085,0.001,7.574,5.219,1.291,1,0.016,-78.31,-226.5,0,2.173,4.156,10.93,18.71
10/3/19 8:00,6483,276,800,0.043,0,1.937,3.509,1.227,1,0.036,0.001,4.439,3.261,1.222,1.001,0.085,0.001,7.583,5.219,1.291,1,0.018,-78.12,-226.9,0,2.263,4.507,11.08,18.74
10/3/19 8:15,6484,276,815,0.043,0.001,1.941,3.508,1.227,1,0.036,0.001,4.44,3.259,1.222,1.001,0.085,0.001,7.555,5.218,1.291,1.001,0.021,-77.64,-227.6,0,2.705,4.66,11.19,18.76
10/3/19 8:30,6485,276,830,0.043,0.001,1.917,3.508,1.227,1,0.037,0.001,4.417,3.26,1.222,1.001,0.085,0.001,7.546,5.217,1.291,1.001,0.021,-78.34,-226.5,0,4.012,5.448,11.17,18.76
10/3/19 8:45,6486,276,845,0.043,0.001,1.918,3.508,1.227,1,0.037,0,4.451,3.266,1.222,1,0.085,0.001,7.54,5.218,1.291,1,0.021,-77.52,-227.9,0,4.309,6.442,10.93,18.71
10/3/19 9:00,6487,276,900,0.043,0.001,1.923,3.507,1.227,1.001,0.037,0,4.411,3.264,1.222,1,0.085,0.001,7.536,5.218,1.291,1,0.021,-78.61,-226,0,5.793,7.42,10.82,18.69
10/3/19 9:15,6488,276,915,0.043,0.001,1.951,3.507,1.227,1.001,0.037,0,4.405,3.266,1.222,1,0.085,0.001,7.553,5.219,1.291,1,0.016,-78.59,-226.3,0,5.635,8.14,10.81,18.69
10/3/19 9:30,6489,276,930,0.043,0.001,1.931,3.508,1.227,1,0.037,0,4.406,3.263,1.222,1.001,0.085,0.001,7.519,5.217,1.291,1.001,0.012,-79.23,-225.1,0,5.808,8.57,11.14,18.75
10/3/19 9:45,6490,276,945,0.043,0.001,1.939,3.508,1.227,1,0.036,0.001,4.387,3.258,1.222,1.001,0.085,0,7.512,5.219,1.291,1,0.012,-79.18,-225.4,0,6.444,8.97,11.2,18.76
10/3/19 10:00,6491,276,1000,0.043,0.001,1.925,3.508,1.227,1,0.037,0,4.401,3.264,1.222,1.001,0.085,0.001,7.526,5.218,1.291,1.001,0.013,-78.74,-226,0,6.562,9.22,11.16,18.75
10/3/19 10:15,6492,276,1015,0.043,0.001,1.934,3.506,1.227,1.001,0.037,0.001,4.393,3.262,1.222,1.001,0.085,0,7.528,5.22,1.291,1,0.013,-79.47,-225,0,5.976,8.55,11.01,18.73
10/3/19 10:30,6493,276,1030,0.043,0.001,1.938,3.507,1.227,1,0.036,0.001,4.394,3.259,1.222,1.001,0.085,0,7.548,5.22,1.291,1,0.012,-79.67,-224.7,0,6.844,8.29,10.92,18.71
10/3/19 10:45,6494,276,1045,0.043,0.001,1.955,3.507,1.227,1.001,0.036,0.001,4.409,3.258,1.222,1.001,0.085,0.001,7.494,5.217,1.291,1.001,0.011,-80.3,-223.9,0,7.489,9.59,10.95,18.71
10/3/19 11:00,6495,276,1100,0.043,0.001,1.977,3.506,1.227,1.001,0.037,0,4.372,3.269,1.222,1,0.085,0.001,7.503,5.218,1.291,1,0.01,-80.6,-223.5,0,7.416,9.86,10.88,18.7
10/3/19 11:15,6496,276,1115,0.043,0.001,1.958,3.508,1.227,1,0.036,0.001,4.351,3.26,1.222,1.001,0.085,0.001,7.509,5.218,1.291,1,0.01,-80.8,-223.4,0,5.651,9.79,10.89,18.7
10/3/19 11:30,6497,276,1130,0.043,0.001,2.026,3.506,1.227,1.001,0.037,0.001,4.374,3.259,1.222,1.001,0.085,0.001,7.474,5.218,1.291,1,0.01,-80.4,-223.9,0,9.09,10.02,10.82,18.69
10/3/19 11:45,6498,276,1145,0.043,0,2.025,3.509,1.227,1,0.037,-0.001,4.372,3.271,1.222,0.999,0.085,0.001,7.494,5.218,1.291,1,0.01,-81.1,-223.1,0,9.45,10.5,10.78,18.68
10/3/19 12:00,6499,276,1200,0.043,0.001,2.055,3.508,1.227,1,0.037,0,4.342,3.267,1.222,1,0.085,0.001,7.463,5.218,1.291,1,0.01,-81.3,-222.6,0,8.82,10.03,10.66,18.66
10/3/19 12:15,6500,276,1215,0.043,0.001,2.096,3.508,1.227,1,0.037,0,4.37,3.269,1.222,1,0.085,0.001,7.485,5.218,1.291,1.001,0.01,-80.7,-223.8,0,8.79,10.04,10.33,18.6
10/3/19 12:30,6501,276,1230,0.043,0.001,2.123,3.507,1.227,1,0.037,0,4.358,3.267,1.222,1,0.085,0.001,7.485,5.218,1.291,1.001,0.01,-80.5,-223.8,0,6.251,9.54,10.37,18.61
10/3/19 12:45,6502,276,1245,0.043,0.001,2.13,3.508,1.227,1,0.036,0.002,4.349,3.254,1.222,1.002,0.085,0.001,7.486,5.218,1.291,1.001,0.01,-80.8,-223.5,0,9.45,8.27,10.22,18.58
10/3/19 13:00,6503,276,1300,0.043,0.001,2.109,3.506,1.227,1.001,0.036,0.001,4.339,3.256,1.222,1.002,0.085,0.001,7.465,5.218,1.291,1.001,0.01,-80.9,-223.3,0,9.23,7.794,10.09,18.55
10/3/19 13:15,6504,276,1315,0.043,0.001,2.137,3.507,1.227,1,0.036,0.001,4.325,3.258,1.222,1.001,0.085,0.001,7.48,5.218,1.291,1,0.01,-81.1,-222.9,0,9.46,8.09,10.15,18.56
10/3/19 13:30,6505,276,1330,0.043,0.001,2.123,3.508,1.227,1,0.037,0,4.328,3.267,1.222,1,0.085,0,7.46,5.219,1.291,1,0.01,-81,-223.2,0,8.86,8.1,10.14,18.56
10/3/19 13:45,6506,276,1345,0.043,0.001,2.135,3.506,1.227,1.001,0.036,0.001,4.323,3.258,1.222,1.001,0.085,0,7.443,5.219,1.291,1,0.01,-80.7,-223.4,0,8.18,7.666,10.17,18.57
10/3/19 14:00,6507,276,1400,0.043,0.001,2.089,3.507,1.227,1.001,0.036,0.002,4.332,3.254,1.222,1.002,0.085,0.001,7.444,5.219,1.291,1,0.01,-81.4,-222.5,0,7.232,7.42,10.18,18.57
10/3/19 14:15,6508,276,1415,0.043,0.001,2.11,3.506,1.227,1.001,0.037,0,4.298,3.268,1.222,1,0.085,0.001,7.455,5.219,1.291,1,0.01,-80.6,-223.8,0,5.716,7.397,10.11,18.56
10/3/19 14:30,6509,276,1430,0.043,0.001,2.067,3.507,1.227,1.001,0.036,0.001,4.306,3.259,1.222,1.001,0.085,0,7.447,5.219,1.291,1,0.01,-79.93,-224.5,0,4.914,7.174,10.08,18.55
10/3/19 14:45,6510,276,1445,0.043,0.001,2.091,3.507,1.227,1.001,0.036,0.001,4.26,3.256,1.222,1.002,0.085,0,7.461,5.219,1.291,1,0.01,-81.4,-222.3,0,5.903,7.464,10.09,18.55
10/3/19 15:00,6511,276,1500,0.043,0.001,2.093,3.508,1.227,1,0.037,0,4.26,3.269,1.222,1,0.085,0,7.456,5.219,1.291,1,0.01,-81.7,-222.1,0,5.565,8.28,10.1,18.55
10/3/19 15:15,6512,276,1515,0.043,0.001,2.088,3.506,1.227,1.001,0.037,0.001,4.294,3.262,1.222,1.001,0.085,0.001,7.43,5.218,1.291,1.001,0.01,-81.6,-222.5,0,4.028,8.36,10.13,18.56
10/3/19 15:30,6513,276,1530,0.043,0.001,2.066,3.506,1.227,1.001,0.036,0.001,4.247,3.258,1.222,1.001,0.085,0,7.447,5.219,1.291,1,0.01,-81,-223.3,0,5.48,8.19,10.14,18.56
10/3/19 15:45,6514,276,1545,0.043,0.001,2.121,3.506,1.227,1.001,0.037,0,4.236,3.268,1.222,1,0.085,0.001,7.446,5.217,1.291,1.001,0.01,-80.9,-223.5,0,4.632,7.219,10.03,18.54
10/3/19 16:00,6515,276,1600,0.043,0.001,2.102,3.507,1.227,1.001,0.037,0.001,4.234,3.263,1.222,1.001,0.085,0.001,7.409,5.218,1.291,1.001,0.01,-81.1,-223.2,0,4.73,6.152,10.11,18.56
10/3/19 16:15,6516,276,1615,0.043,0,2.087,3.51,1.227,1,0.037,0.001,4.208,3.26,1.222,1.001,0.085,0.001,7.451,5.218,1.291,1.001,0.01,-80.8,-223.8,0,3.02,5.556,10.15,18.56
10/3/19 16:30,6517,276,1630,0.043,0.001,2.077,3.508,1.227,1,0.037,0.001,4.209,3.263,1.222,1.001,0.085,0.001,7.388,5.217,1.291,1.001,0.01,-80.6,-223.9,0,1.779,5.006,9.93,18.52
10/3/19 16:45,6518,276,1645,0.043,0.001,2.075,3.507,1.227,1.001,0.036,0.001,4.222,3.261,1.222,1.001,0.085,0.001,7.396,5.218,1.291,1.001,0.01,-80.7,-223.7,0,1.103,4.524,9.73,18.48
10/3/19 17:00,6519,276,1700,0.043,0.001,2.084,3.506,1.227,1.001,0.037,0.001,4.239,3.259,1.222,1.001,0.085,0.001,7.385,5.217,1.291,1.001,0.01,-81.1,-223.1,0,0.511,3.977,9.62,18.46
10/3/19 17:15,6520,276,1715,0.043,0.001,2.08,3.505,1.227,1.001,0.037,0,4.201,3.263,1.222,1.001,0.085,0,7.395,5.219,1.291,1,0.01,-80.7,-223.9,0,-0.223,3.562,9.58,18.45
10/3/19 17:30,6521,276,1730,0.043,0.001,2.066,3.506,1.227,1.001,0.037,0,4.186,3.264,1.222,1.001,0.085,0.001,7.38,5.218,1.291,1.001,0.009,-79.89,-224.8,0,-0.517,3.17,9.52,18.44
10/3/19 17:45,6522,276,1745,0.043,0,2.077,3.509,1.227,1,0.037,0.001,4.222,3.262,1.222,1.001,0.085,0.001,7.4,5.218,1.291,1.001,0.009,-80.4,-224,0,-0.637,2.887,9.5,18.44
10/3/19 18:00,6523,276,1800,0.043,0.001,2.067,3.506,1.227,1.001,0.037,0.001,4.205,3.262,1.222,1.001,0.085,0.001,7.373,5.218,1.291,1.001,0.009,-80.7,-223.5,0,-1.001,2.647,9.5,18.44
10/3/19 18:15,6524,276,1815,0.043,0.001,2.049,3.507,1.227,1,0.037,0.001,4.21,3.285,1.223,1.001,0.085,0.001,7.382,5.218,1.291,1.001,0.009,-80.1,-224.5,0,-1.205,2.386,9.51,18.44
10/3/19 18:30,6525,276,1830,0.043,0,2.054,3.51,1.227,1,0.037,0.001,4.199,3.286,1.223,1.001,0.085,0.001,7.382,5.217,1.291,1.001,0.009,-80.1,-224.4,0,-1.186,2.278,9.51,18.44
10/3/19 18:45,6526,276,1845,0.043,0,2.083,3.509,1.227,1,0.038,0.001,4.205,3.308,1.224,1.001,0.085,0.001,7.387,5.218,1.291,1.001,0.009,-79.58,-225.1,0,-1.678,1.93,9.5,18.44
10/3/19 19:00,6527,276,1900,0.043,0.001,2.067,3.507,1.227,1,0.038,0.001,4.17,3.333,1.225,1.001,0.085,0.001,7.375,5.217,1.291,1.001,0.009,-79.5,-225.1,0,-1.747,1.757,9.5,18.44
10/3/19 19:15,6528,276,1915,0.043,0,2.06,3.51,1.227,1,0.038,0.001,4.161,3.334,1.225,1.001,0.085,0,7.405,5.219,1.291,1,0.009,-78.95,-226,0,-1.523,1.627,9.54,18.45
10/3/19 19:30,6529,276,1930,0.043,0,2.073,3.509,1.227,1,0.039,0.001,4.191,3.358,1.226,1.001,0.085,0,7.367,5.22,1.291,1,0.009,-78.93,-225.9,0,-1.954,1.388,9.56,18.45
10/3/19 19:45,6530,276,1945,0.043,0.001,2.054,3.506,1.227,1.001,0.04,0,4.166,3.384,1.228,1,0.085,0.001,7.369,5.217,1.291,1.001,0.009,-79.34,-225.3,0,-1.93,1.128,9.54,18.45
10/3/19 20:00,6531,276,2000,0.043,0,2.043,3.511,1.227,1,0.04,0,4.143,3.409,1.229,1,0.085,0.001,7.358,5.218,1.291,1.001,0.009,-79.41,-225.1,0,-2.354,1.057,9.56,18.45
10/3/19 20:15,6532,276,2015,0.043,0,2.049,3.51,1.227,1,0.041,0.001,4.148,3.431,1.23,1.001,0.085,0,7.354,5.219,1.291,1,0.009,-79.28,-225.4,0,-1.969,0.911,9.56,18.45
10/3/19 20:30,6533,276,2030,0.043,0,2.013,3.51,1.227,1,0.041,0.001,4.171,3.449,1.231,1.001,0.085,0.001,7.377,5.219,1.291,1,0.009,-79.3,-225.3,0,-1.855,1.101,9.63,18.47
10/3/19 20:45,6534,276,2045,0.043,0.001,2.007,3.506,1.227,1.001,0.042,0,4.172,3.456,1.231,1,0.085,0.001,7.351,5.217,1.291,1.001,0.009,-79.23,-225.4,0,-2.173,0.933,9.66,18.47
10/3/19 21:00,6535,276,2100,0.043,0.001,2.003,3.507,1.227,1,0.042,0,4.145,3.48,1.232,1,0.085,0.001,7.327,5.217,1.291,1.001,0.009,-79.2,-225.5,0,-2.053,0.895,9.72,18.48
10/3/19 21:15,6536,276,2115,0.043,0.001,1.984,3.507,1.227,1.001,0.043,0,4.174,3.503,1.233,1.001,0.085,0,7.345,5.219,1.291,1,0.009,-79.27,-225.3,0,-1.737,1.128,9.85,18.51
10/3/19 21:30,6537,276,2130,0.043,0.001,1.975,3.507,1.227,1.001,0.043,0,4.166,3.527,1.234,1.001,0.085,0.001,7.332,5.218,1.291,1.001,0.009,-80.1,-224.2,0,-2.257,0.957,9.91,18.52
10/3/19 21:45,6538,276,2145,0.043,0.001,1.976,3.506,1.227,1.001,0.044,0.001,4.143,3.548,1.235,1.001,0.085,0.001,7.336,5.217,1.291,1.001,0.009,-79.15,-225.5,0,-2.184,0.978,9.97,18.53
10/3/19 22:00,6539,276,2200,0.043,0.001,1.949,3.508,1.227,1,0.044,0,4.139,3.552,1.235,1,0.085,0.001,7.308,5.217,1.291,1.001,0.009,-79.18,-225.4,0,-2.167,0.978,10.04,18.54
10/3/19 22:15,6540,276,2215,0.043,0.001,1.934,3.508,1.227,1,0.045,0,4.132,3.575,1.236,1,0.085,0.001,7.308,5.217,1.291,1.001,0.009,-79.82,-224.5,0,-2.392,0.675,10.09,18.55
10/3/19 22:30,6541,276,2230,0.043,0.001,1.932,3.508,1.227,1,0.044,0.001,4.153,3.569,1.236,1.001,0.085,0,7.304,5.22,1.291,1,0.009,-78.39,-226.7,0,-2.381,0.719,10.18,18.57
10/3/19 22:45,6542,276,2245,0.043,0.001,1.917,3.508,1.227,1,0.045,0,4.162,3.576,1.237,1.001,0.085,0.001,7.32,5.218,1.291,1.001,0.008,-78.03,-227.2,0,-1.992,0.828,10.24,18.58
10/3/19 23:00,6543,276,2300,0.043,0.001,1.917,3.506,1.227,1.001,0.045,0.001,4.12,3.596,1.238,1.001,0.085,0.001,7.277,5.218,1.291,1.001,0.008,-78.7,-226.2,0,-2.369,0.72,10.31,18.59
10/3/19 23:15,6544,276,2315,0.043,0,1.908,3.511,1.227,1,0.045,0.001,4.143,3.599,1.238,1.001,0.085,0.001,7.291,5.219,1.291,1,0.009,-78.54,-226.3,0,-1.932,0.742,10.37,18.6
10/3/19 23:30,6545,276,2330,0.043,0.001,1.863,3.505,1.227,1.001,0.046,0.001,4.14,3.62,1.239,1.001,0.085,0.001,7.305,5.219,1.291,1,0.008,-79.01,-225.7,0,-2.262,0.59,10.44,18.62
10/3/19 23:45,6546,276,2345,0.043,0.001,1.908,3.507,1.227,1.001,0.046,0.001,4.135,3.62,1.239,1.001,0.085,0.001,7.3,5.218,1.291,1.001,0.008,-77.96,-227.2,0,-2.426,0.591,10.52,18.63
10/4/19 0:00,6547,277,0,0.043,0.001,1.863,3.507,1.227,1.001,0.046,0,4.108,3.626,1.239,1,0.085,0.001,7.313,5.218,1.291,1.001,0.008,-78.57,-226.3,0,-0.876,0.568,10.59,18.65
10/4/19 0:15,6548,277,15,0.043,0,1.858,3.509,1.227,1,0.046,0.001,4.13,3.644,1.24,1.001,0.085,0.001,7.304,5.218,1.291,1.001,0.008,-78.89,-225.8,0,-1.022,0.656,10.7,18.67
10/4/19 0:30,6549,277,30,0.043,0.001,1.841,3.507,1.227,1.001,0.046,0,4.11,3.648,1.24,1,0.085,0.001,7.288,5.217,1.291,1.001,0.008,-79.38,-225.1,0,-1.136,0.655,10.78,18.68
10/4/19 0:45,6550,277,45,0.043,0.001,1.85,3.504,1.227,1.001,0.046,0,4.082,3.649,1.24,1,0.085,0.001,7.288,5.218,1.291,1.001,0.008,-79.18,-225.3,0,-1.313,0.591,10.87,18.7
10/4/19 1:00,6551,277,100,0.043,0.001,1.845,3.508,1.227,1,0.047,0,4.135,3.673,1.241,1,0.085,0.001,7.255,5.218,1.291,1.001,0.008,-79.35,-225.2,0,-1.329,0.52,10.95,18.71
10/4/19 1:15,6552,277,115,0.043,0,1.822,3.51,1.227,1,0.047,0,4.108,3.675,1.241,1,0.085,0.001,7.288,5.219,1.291,1,0.008,-79.37,-225.1,0,-1.165,0.46,11,18.73
10/4/19 1:30,6553,277,130,0.043,0,1.837,3.51,1.227,1,0.047,0.001,4.138,3.671,1.241,1.001,0.085,0.001,7.259,5.217,1.291,1.001,0.008,-78.5,-226.4,0,-1.42,0.352,11.09,18.74
10/4/19 1:45,6554,277,145,0.043,0.001,1.793,3.508,1.227,1,0.048,0,4.109,3.697,1.242,1,0.085,0.001,7.267,5.217,1.291,1.001,0.008,-79.17,-225.2,0,-0.851,0.416,11.16,18.75
10/4/19 2:00,6555,277,200,0.043,0,1.806,3.51,1.227,1,0.048,0.001,4.07,3.694,1.242,1.001,0.085,0.001,7.269,5.218,1.291,1.001,0.008,-79.62,-224.8,0,-1.875,0.336,11.21,18.76
10/4/19 2:15,6556,277,215,0.043,0,1.771,3.509,1.227,1,0.048,0,4.126,3.698,1.242,1.001,0.085,0,7.256,5.22,1.291,1,0.008,-79.83,-224.5,0,-1.964,0.07,11.26,18.77
10/4/19 2:30,6557,277,230,0.043,0,1.784,3.51,1.227,1,0.048,0.001,4.098,3.719,1.243,1.001,0.085,0.001,7.235,5.218,1.291,1.001,0.008,-79.4,-224.9,0,-2.342,-0.168,11.3,18.78
10/4/19 2:45,6558,277,245,0.043,0,1.752,3.509,1.227,1,0.048,0.001,4.107,3.72,1.243,1.001,0.085,0.001,7.244,5.218,1.291,1.001,0.008,-79.64,-224.8,0,-2.425,-0.283,11.32,18.79
10/4/19 3:00,6559,277,300,0.043,0,1.728,3.511,1.227,1,0.048,0.001,4.083,3.721,1.243,1.001,0.085,0.001,7.247,5.216,1.291,1.001,0.008,-79.27,-225.3,0,-2.685,-0.45,11.35,18.79
10/4/19 3:15,6560,277,315,0.043,0.001,1.733,3.508,1.227,1,0.049,0.001,4.104,3.745,1.244,1.001,0.085,0,7.222,5.22,1.291,1,0.008,-79.28,-225.2,0,-2.746,-0.499,11.38,18.8
10/4/19 3:30,6561,277,330,0.043,0,1.715,3.509,1.227,1,0.049,0.001,4.07,3.745,1.244,1.001,0.085,0,7.26,5.219,1.291,1,0.008,-79.42,-225,0,-3.009,-0.797,11.37,18.79
10/4/19 3:45,6562,277,345,0.043,0,1.714,3.509,1.227,1,0.049,0.001,4.084,3.744,1.244,1.001,0.085,0.001,7.242,5.217,1.291,1.001,0.008,-79.08,-225.6,0,-3.217,-0.839,11.39,18.8
10/4/19 4:00,6563,277,400,0.043,0,1.691,3.51,1.227,1,0.05,0,4.081,3.772,1.246,1,0.085,0.001,7.232,5.217,1.291,1.001,0.008,-78.02,-227.1,0,-3.29,-0.9,11.42,18.8
10/4/19 4:15,6564,277,415,0.043,0,1.67,3.509,1.227,1,0.049,0.001,4.079,3.769,1.246,1.001,0.085,0.001,7.237,5.217,1.291,1.001,0.008,-78.71,-225.9,0,-2.364,-0.624,11.43,18.81
10/4/19 4:30,6565,277,430,0.043,0,1.623,3.509,1.227,1,0.05,0.001,4.088,3.77,1.246,1.001,0.085,0,7.235,5.219,1.291,1,0.008,-79.62,-224.6,0,-3.278,-0.558,11.42,18.8
10/4/19 4:45,6566,277,445,0.043,0,1.638,3.509,1.227,1,0.05,0.001,4.052,3.792,1.247,1.001,0.085,0.001,7.239,5.218,1.291,1.001,0.008,-78.82,-225.9,0,-3.631,-0.932,11.39,18.8
10/4/19 5:00,6567,277,500,0.043,0.001,1.588,3.505,1.227,1.001,0.05,0.001,4.109,3.794,1.247,1.001,0.085,0.001,7.224,5.218,1.291,1.001,0.008,-79.67,-224.6,0,-3.813,-1.251,11.4,18.8
10/4/19 5:15,6568,277,515,0.043,0.001,1.563,3.508,1.227,1,0.05,0.001,4.057,3.795,1.247,1.001,0.085,0,7.203,5.219,1.291,1,0.008,-79.78,-224.4,0,-3.769,-1.36,11.45,18.81
10/4/19 5:30,6569,277,530,0.043,0,1.551,3.51,1.227,1,0.051,0.001,4.059,3.818,1.248,1.001,0.085,0,7.214,5.219,1.291,1,0.008,-80.1,-224,0,-3.633,-1.361,11.51,18.82
10/4/19 5:45,6570,277,545,0.043,0.001,1.517,3.508,1.227,1,0.051,0.001,4.051,3.819,1.248,1.001,0.085,0.001,7.245,5.218,1.291,1.001,0.008,-79.36,-225.1,0,-3.721,-1.447,11.53,18.82
10/4/19 6:00,6571,277,600,0.043,0,1.489,3.51,1.227,1,0.051,0.001,4.053,3.819,1.248,1.001,0.085,0,7.153,5.219,1.291,1,0.008,-79.02,-225.5,0,-4.24,-1.468,11.53,18.82
10/4/19 6:15,6572,277,615,0.043,0.001,1.447,3.505,1.227,1.001,0.051,0.001,4.051,3.82,1.248,1.001,0.085,0.001,7.176,5.216,1.291,1.001,0.008,-78.32,-226.6,0,-3.774,-1.342,11.5,18.82
10/4/19 6:30,6573,277,630,0.043,0.001,1.442,3.507,1.227,1.001,0.051,0,4.058,3.847,1.249,1,0.085,0.001,7.184,5.217,1.291,1.001,0.008,-77.41,-228,0,-3.643,-0.882,11.48,18.81
10/4/19 6:45,6574,277,645,0.043,0.001,1.407,3.507,1.227,1.001,0.051,0.001,4.037,3.844,1.249,1.001,0.085,0.001,7.185,5.218,1.291,1.001,0.008,-77.63,-227.5,0,-2.915,0.05,11.44,18.81
10/4/19 7:00,6575,277,700,0.043,0.001,1.383,3.508,1.227,1,0.051,0.001,4.021,3.843,1.249,1.001,0.085,0.001,7.193,5.218,1.291,1,0.008,-78.42,-226.2,0,-2.556,0.029,11.31,18.78
10/4/19 7:15,6576,277,715,0.043,0.001,1.347,3.507,1.227,1.001,0.051,0.001,4.038,3.844,1.249,1.001,0.085,0.001,7.192,5.218,1.291,1,0.008,-79.3,-225.1,0,-2.24,-0.29,11.38,18.8
10/4/19 7:30,6577,277,730,0.043,0.001,1.307,3.508,1.227,1,0.051,0.002,4.03,3.838,1.249,1.002,0.085,0.001,7.214,5.218,1.291,1.001,0.008,-78.91,-225.7,0,-1.183,-0.344,11.39,18.8
10/4/19 7:45,6578,277,745,0.043,0.001,1.294,3.507,1.227,1.001,0.052,0.001,4.037,3.868,1.25,1.001,0.085,0.001,7.176,5.217,1.291,1.001,0.008,-79.47,-224.8,0,-0.64,0.04,11.67,18.85
10/4/19 8:00,6579,277,800,0.043,0.001,1.275,3.506,1.227,1.001,0.052,0,4.026,3.873,1.25,1,0.085,0.001,7.181,5.219,1.291,1,0.008,-78.9,-225.8,0,0.723,0.506,11.83,18.88
10/4/19 8:15,6580,277,815,0.043,0.001,1.269,3.508,1.227,1,0.052,0,4.027,3.873,1.25,1,0.085,0.001,7.17,5.218,1.291,1.001,0.008,-78.49,-226.3,0,2.367,1.244,12.02,18.92
10/4/19 8:30,6581,277,830,0.043,0.001,1.275,3.508,1.227,1,0.052,0,4.035,3.872,1.25,1,0.085,0.001,7.183,5.218,1.291,1.001,0.008,-78.4,-226.4,0,4.538,2.24,11.87,18.89
10/4/19 8:45,6582,277,845,0.043,0.001,1.277,3.505,1.227,1.001,0.052,0.001,4.028,3.867,1.25,1.001,0.085,0.001,7.173,5.219,1.291,1,0.009,-77.87,-227.4,0,5.425,4.288,11.53,18.82
10/4/19 9:00,6583,277,900,0.043,0,1.339,3.51,1.227,1,0.052,0,4.018,3.871,1.25,1.001,0.085,0.001,7.177,5.218,1.291,1.001,0.009,-77.98,-227,0,4.88,5.539,11.43,18.81
10/4/19 9:15,6584,277,915,0.043,0.001,1.275,3.506,1.227,1.001,0.053,0,4.033,3.894,1.251,1.001,0.085,0.001,7.155,5.218,1.291,1.001,0.009,-78.29,-226.6,0,5.392,6.889,11.39,18.8
10/4/19 9:30,6585,277,930,0.043,0.001,1.32,3.506,1.227,1.001,0.053,0,3.997,3.896,1.251,1,0.085,0.001,7.158,5.218,1.291,1.001,0.009,-78.44,-226.4,0,5.531,7.155,11.77,18.87
10/4/19 9:45,6586,277,945,0.043,0.001,1.349,3.507,1.227,1.001,0.053,0.001,4.019,3.893,1.251,1.001,0.085,0.001,7.16,5.219,1.291,1,0.009,-78.33,-226.5,0,7.017,7.965,11.84,18.88
10/4/19 10:00,6587,277,1000,0.043,0,1.336,3.508,1.227,1,0.053,0.001,4.012,3.892,1.251,1.001,0.085,0.001,7.145,5.218,1.291,1.001,0.01,-78.53,-225.9,0,7.215,9.01,11.84,18.88
10/4/19 10:15,6588,277,1015,0.043,0,1.361,3.509,1.227,1,0.053,0,3.998,3.895,1.251,1,0.085,0.001,7.136,5.218,1.291,1.001,0.01,-78.82,-225.6,0,8.56,9.7,11.75,18.87
10/4/19 10:30,6589,277,1030,0.043,0.001,1.375,3.508,1.227,1,0.053,0.001,3.995,3.893,1.251,1.001,0.085,0.001,7.126,5.217,1.291,1.001,0.01,-79.56,-224.5,0,8.84,10.04,11.81,18.88
10/4/19 10:45,6590,277,1045,0.043,0.001,1.404,3.508,1.227,1,0.053,0,3.997,3.899,1.251,1,0.085,0.001,7.14,5.216,1.291,1.001,0.01,-79.64,-224.4,0,9.48,9.38,11.75,18.87
10/4/19 11:00,6591,277,1100,0.043,0,1.394,3.509,1.227,1,0.052,0.002,3.979,3.885,1.251,1.002,0.085,0.001,7.133,5.218,1.291,1.001,0.01,-79.47,-224.8,0,10.36,10.57,11.63,18.84
10/4/19 11:15,6592,277,1115,0.043,0.001,1.429,3.507,1.227,1,0.053,0,3.979,3.897,1.251,1,0.085,0.001,7.109,5.217,1.291,1.001,0.01,-79.22,-225.2,0,10.61,11.74,11.55,18.83
10/4/19 11:30,6593,277,1130,0.043,0.001,1.45,3.507,1.227,1,0.053,0.001,3.978,3.918,1.252,1.001,0.085,0,7.09,5.219,1.291,1,0.01,-79.96,-224.1,0,10.73,12.63,11.49,18.82
10/4/19 11:45,6594,277,1145,0.043,0.001,1.496,3.508,1.227,1,0.053,0.001,3.992,3.918,1.252,1.001,0.085,0,7.174,5.22,1.291,1,0.01,-80,-224.1,0,11.16,13.01,11.37,18.8
10/4/19 12:00,6595,277,1200,0.043,0,1.554,3.51,1.227,1,0.053,0.001,3.955,3.911,1.252,1.002,0.085,0.001,7.116,5.218,1.291,1.001,0.01,-80.3,-223.7,0,11.99,12.49,11.22,18.77
10/4/19 12:15,6596,277,1215,0.043,0,1.601,3.51,1.227,1,0.053,0.001,3.957,3.916,1.252,1.001,0.085,0.001,7.112,5.217,1.291,1.001,0.01,-80.6,-223.3,0,13.47,13.11,10.89,18.7
10/4/19 12:30,6597,277,1230,0.043,0,1.674,3.509,1.227,1,0.053,0,3.993,3.925,1.252,1,0.085,0,7.128,5.22,1.291,1,0.009,-80.5,-223.3,0,12.7,14.22,10.89,18.7
10/4/19 12:45,6598,277,1245,0.043,0.001,1.782,3.507,1.227,1,0.053,0,3.962,3.922,1.252,1,0.085,0.001,7.125,5.217,1.291,1.001,0.008,-80.8,-223.3,0,11.9,10.97,10.55,18.64
10/4/19 13:00,6599,277,1300,0.043,0,1.927,3.509,1.227,1,0.053,0.001,3.971,3.917,1.252,1.001,0.085,0.001,7.089,5.217,1.291,1.001,0.007,-80.9,-223,0,13.03,9.84,10.38,18.61
10/4/19 13:15,6600,277,1315,0.043,0.001,2.12,3.506,1.227,1.001,0.053,0,3.94,3.927,1.252,1,0.085,0,7.121,5.22,1.291,1,0.006,-81.2,-222.8,0,11.77,9.6,10.46,18.62
10/4/19 13:30,6601,277,1330,0.043,0.001,2.274,3.508,1.228,1.001,0.054,0,3.946,3.944,1.254,1.001,0.085,0.001,7.137,5.218,1.291,1.001,0.005,-81.2,-222.5,0,12.37,9.83,10.39,18.61
10/4/19 13:45,6602,277,1345,0.043,0.001,2.4,3.531,1.229,1,0.054,0.001,3.947,3.944,1.254,1.001,0.085,0.001,7.099,5.218,1.291,1.001,0.005,-80.9,-223.2,0,12.49,9.75,10.34,18.6
10/4/19 14:00,6603,277,1400,0.044,0,2.509,3.533,1.229,1,0.054,0,3.928,3.969,1.255,1.001,0.085,0.001,7.097,5.218,1.291,1.001,0.004,-81,-223,0,11.53,10.01,10.39,18.61
10/4/19 14:15,6604,277,1415,0.044,0,2.67,3.532,1.229,1,0.054,0.001,3.938,3.962,1.255,1.002,0.085,0,7.117,5.219,1.291,1,0.004,-80.6,-223.6,0,9.04,9.93,10.32,18.6
10/4/19 14:30,6605,277,1430,0.043,0,2.866,3.533,1.229,1,0.054,0.001,3.923,3.968,1.255,1.001,0.085,0.001,7.051,5.217,1.291,1.001,0.004,-80.9,-223.2,0,9.11,10.2,10.28,18.59
10/4/19 14:45,6606,277,1445,0.043,0.001,3.019,3.531,1.229,1.001,0.055,0.001,3.912,3.989,1.256,1.002,0.085,0,7.085,5.219,1.291,1,0.004,-80.4,-224.1,0,8.3,10.34,10.27,18.59
10/4/19 15:00,6607,277,1500,0.043,0.001,3.113,3.531,1.229,1.001,0.056,0.001,3.917,4.013,1.257,1.002,0.085,0,7.066,5.22,1.291,1,0.004,-80.7,-223.6,0,8.45,11.65,10.3,18.59
10/4/19 15:15,6608,277,1515,0.044,0.001,3.196,3.532,1.229,1,0.056,0.002,3.914,4.013,1.257,1.002,0.085,0.001,7.07,5.218,1.291,1.001,0.004,-80.9,-223.6,0,7.743,13.68,10.38,18.61
10/4/19 15:30,6609,277,1530,0.043,0.001,3.268,3.532,1.229,1,0.056,0.002,3.909,4.037,1.258,1.002,0.085,0.001,7.08,5.218,1.291,1,0.004,-81.3,-223,0,7.826,13.73,10.37,18.6
10/4/19 15:45,6610,277,1545,0.043,0.001,3.37,3.531,1.229,1.001,0.056,0,3.873,4.046,1.258,1.001,0.085,0.001,7.066,5.218,1.291,1,0.004,-81.4,-223,0,7.018,11.78,10.27,18.59
10/4/19 16:00,6611,277,1600,0.043,0,3.414,3.533,1.229,1,0.057,0,3.901,4.072,1.259,1,0.085,0.001,7.066,5.218,1.291,1.001,0.004,-81.5,-223,0,7.35,9.54,10.35,18.6
10/4/19 16:15,6612,277,1615,0.043,0.001,3.509,3.531,1.229,1,0.058,0,3.928,4.1,1.26,1,0.085,0.001,7.029,5.218,1.291,1.001,0.004,-81.8,-222.4,0,5.539,8.47,10.35,18.6
10/4/19 16:30,6613,277,1630,0.044,0.001,3.539,3.532,1.229,1,0.058,0,3.897,4.098,1.26,1,0.085,0.001,7.043,5.218,1.291,1.001,0.004,-81.9,-222.3,0,5.378,7.91,10.24,18.58
10/4/19 16:45,6614,277,1645,0.043,0,3.587,3.534,1.229,1,0.058,0.001,3.918,4.118,1.261,1.001,0.085,0.001,7.046,5.217,1.291,1.001,0.004,-82.1,-222,0,4.073,7.474,10.17,18.57
10/4/19 17:00,6615,277,1700,0.043,0.001,3.66,3.531,1.229,1,0.058,0.001,3.92,4.121,1.261,1.001,0.085,0.001,7.046,5.219,1.291,1,0.004,-81.6,-222.8,0,2.276,6.683,10.08,18.55
10/4/19 17:15,6616,277,1715,0.043,0.001,3.654,3.531,1.229,1.001,0.059,0,3.906,4.146,1.263,1.001,0.085,0.001,7.048,5.217,1.291,1.001,0.004,-81.3,-223,0,1.679,5.964,9.99,18.53
10/4/19 17:30,6617,277,1730,0.043,0.001,3.607,3.529,1.229,1.001,0.059,0,3.918,4.149,1.263,1,0.085,0.001,7.039,5.217,1.291,1.001,0.004,-81.7,-222.4,0,0.664,5.028,9.98,18.53
10/4/19 17:45,6618,277,1745,0.044,0,3.514,3.533,1.229,1,0.06,0,3.92,4.172,1.264,1,0.085,0.001,7.031,5.218,1.291,1.001,0.004,-80.7,-224,0,0.292,3.917,9.97,18.53
10/4/19 18:00,6619,277,1800,0.044,0.001,3.375,3.532,1.229,1,0.06,0,3.918,4.176,1.264,1,0.085,0.001,7.027,5.218,1.291,1.001,0.004,-80.8,-223.6,0,-0.398,3.573,9.98,18.53
10/4/19 18:15,6620,277,1815,0.043,0.001,3.261,3.531,1.229,1.001,0.06,0.001,3.924,4.196,1.265,1.001,0.085,0,7.022,5.219,1.291,1,0.004,-80.9,-223.4,0,-0.431,3.518,10.04,18.54
10/4/19 18:30,6621,277,1830,0.043,0.001,3.13,3.53,1.229,1.001,0.06,0,3.932,4.199,1.265,1,0.085,0.001,7.021,5.217,1.291,1.001,0.004,-81.3,-222.9,0,-0.586,3.605,10.08,18.55
10/4/19 18:45,6622,277,1845,0.043,0.001,3.006,3.531,1.229,1.001,0.06,0.001,3.957,4.199,1.265,1.001,0.085,0.001,7.006,5.216,1.291,1.001,0.005,-81.2,-222.9,0,-0.935,3.393,10.08,18.55
10/4/19 19:00,6623,277,1900,0.044,0.001,2.863,3.532,1.229,1,0.061,0.001,3.942,4.223,1.266,1.001,0.085,0.001,7.03,5.218,1.291,1.001,0.005,-81.3,-222.8,0,-1.54,2.626,10.08,18.55
10/4/19 19:15,6624,277,1915,0.044,0.001,2.787,3.532,1.229,1,0.061,0.001,3.939,4.222,1.266,1.001,0.085,0.001,7.018,5.218,1.291,1.001,0.005,-80.8,-223.4,0,-1.69,2.452,10.07,18.55
10/4/19 19:30,6625,277,1930,0.043,0.001,2.704,3.532,1.229,1,0.061,0.001,3.974,4.244,1.267,1.001,0.085,0.001,7.01,5.219,1.291,1,0.005,-80.4,-224.1,0,-1.833,2.213,10.12,18.56
10/4/19 19:45,6626,277,1945,0.043,0.001,2.658,3.529,1.229,1.001,0.061,0.001,3.941,4.245,1.267,1.001,0.085,0.001,7.004,5.217,1.291,1.001,0.005,-80.4,-223.9,0,-2.046,1.854,10.15,18.56
10/4/19 20:00,6627,277,2000,0.043,0,2.589,3.533,1.229,1,0.061,0.001,3.965,4.248,1.267,1.001,0.085,0,6.995,5.219,1.291,1,0.005,-80.6,-223.6,0,-1.786,2.169,10.16,18.57
10/4/19 20:15,6628,277,2015,0.043,0.001,2.526,3.53,1.229,1.001,0.062,0.001,3.935,4.273,1.268,1.001,0.085,0.001,6.987,5.219,1.291,1,0.005,-79.15,-225.8,0,-2.242,2.126,10.25,18.58
10/4/19 20:30,6629,277,2030,0.044,0,2.469,3.533,1.229,1,0.062,0.001,3.961,4.273,1.268,1.001,0.085,0.001,6.998,5.218,1.291,1.001,0.005,-79.56,-224.9,0,-2.124,1.995,10.25,18.58
10/4/19 20:45,6630,277,2045,0.044,0,2.41,3.533,1.229,1,0.062,0.001,3.961,4.273,1.268,1.001,0.085,0.001,6.996,5.217,1.291,1.001,0.005,-79.56,-225.1,0,-2.565,1.627,10.26,18.58
10/4/19 21:00,6631,277,2100,0.044,0.001,2.374,3.532,1.229,1,0.063,0,3.999,4.301,1.269,1,0.085,0.001,7.004,5.218,1.291,1.001,0.005,-80,-224.3,0,-2.488,1.735,10.27,18.59
10/4/19 21:15,6632,277,2115,0.044,0.001,2.284,3.532,1.229,1,0.063,0.001,3.976,4.297,1.269,1.001,0.085,0.001,7.004,5.218,1.291,1,0.005,-79.5,-225.2,0,-2.531,1.822,10.3,18.59
10/4/19 21:30,6633,277,2130,0.043,0.001,2.272,3.532,1.229,1,0.063,0.001,3.978,4.298,1.269,1.001,0.085,0,6.957,5.219,1.291,1,0.005,-79.07,-225.7,0,-2.73,1.627,10.35,18.6
10/4/19 21:45,6634,277,2145,0.043,0.001,2.217,3.53,1.229,1.001,0.063,0.001,3.996,4.322,1.27,1.001,0.085,0.001,6.97,5.218,1.291,1.001,0.005,-78.99,-225.7,0,-2.91,1.52,10.37,18.61
10/4/19 22:00,6635,277,2200,0.043,0.001,2.195,3.53,1.229,1.001,0.063,0,4.009,4.326,1.27,1,0.085,0.001,6.981,5.218,1.291,1.001,0.005,-79.91,-224.4,0,-2.813,1.346,10.4,18.61
10/4/19 22:15,6636,277,2215,0.044,0,2.133,3.535,1.229,1,0.063,0.001,3.989,4.323,1.27,1.001,0.085,0.001,6.953,5.219,1.291,1.001,0.005,-79.95,-224.3,0,-3.003,1.048,10.44,18.62
10/4/19 22:30,6637,277,2230,0.044,0.001,2.097,3.532,1.229,1,0.063,0.001,3.993,4.324,1.27,1.001,0.086,0.001,6.986,5.242,1.292,1.001,0.005,-80,-224.2,0,-2.318,0.936,10.52,18.63
10/4/19 22:45,6638,277,2245,0.043,0.001,2.097,3.532,1.229,1,0.064,0.001,4.002,4.35,1.272,1.001,0.085,0,7.016,5.221,1.291,1,0.005,-80.5,-223.3,0,-2.281,1.263,10.62,18.65
10/4/19 23:00,6639,277,2300,0.043,0.001,2.048,3.531,1.229,1.001,0.064,0.001,4.017,4.35,1.272,1.001,0.086,0,7.007,5.247,1.292,1,0.005,-80.7,-223.3,0,-1.829,1.815,10.67,18.66
10/4/19 23:15,6640,277,2315,0.044,0.001,1.997,3.532,1.229,1,0.064,0.001,3.984,4.35,1.272,1.001,0.086,0,6.975,5.246,1.292,1,0.005,-79.71,-224.6,0,-1.084,2.778,10.8,18.69
10/4/19 23:30,6641,277,2330,0.043,0.001,1.989,3.531,1.229,1.001,0.064,0.001,4.008,4.351,1.272,1.001,0.086,0,7.018,5.248,1.292,1,0.005,-80.4,-223.6,0,-1.596,3.111,10.86,18.7
10/4/19 23:45,6642,277,2345,0.043,0.001,1.962,3.53,1.229,1.001,0.065,0,4.013,4.378,1.273,1,0.086,0.001,6.927,5.244,1.292,1.001,0.005,-79.79,-224.5,0,-1.966,2.695,10.85,18.7
10/5/19 0:00,6643,278,0,0.043,0.001,1.916,3.531,1.229,1.001,0.065,0.001,4.007,4.376,1.273,1.001,0.086,0.001,6.969,5.246,1.292,1,0.005,-79.98,-224.1,0,-2.382,2.001,10.84,18.69
10/5/19 0:15,6644,278,15,0.043,0.001,1.9,3.532,1.229,1.001,0.065,0.001,3.999,4.375,1.273,1.001,0.086,0.001,6.933,5.245,1.292,1.001,0.005,-79.89,-224.5,0,-2.293,1.652,10.86,18.7
10/5/19 0:30,6645,278,30,0.044,0.001,1.875,3.554,1.23,1.001,0.065,0.001,4.014,4.376,1.273,1.001,0.086,0.001,6.94,5.245,1.292,1.001,0.005,-79.21,-225.3,0,-2.697,1.415,10.84,18.69
10/5/19 0:45,6646,278,45,0.044,0.001,1.905,3.557,1.23,1,0.065,0.001,4.014,4.377,1.273,1.001,0.086,0.001,6.987,5.246,1.292,1,0.005,-79.03,-225.6,0,-2.674,1.437,10.86,18.7
10/5/19 1:00,6647,278,100,0.044,0.001,1.817,3.556,1.23,1.001,0.065,0.001,3.972,4.399,1.274,1.001,0.086,0.001,6.945,5.245,1.292,1.001,0.005,-78.65,-226.3,0,-2.818,1.459,10.87,18.7
10/5/19 1:15,6648,278,115,0.044,0.001,1.801,3.553,1.23,1.001,0.065,0,3.991,4.404,1.274,1.001,0.086,0.001,6.91,5.246,1.292,1,0.005,-78.24,-226.8,0,-2.868,1.544,10.82,18.69
10/5/19 1:30,6649,278,130,0.044,0.001,1.791,3.556,1.23,1.001,0.065,0.001,3.982,4.401,1.274,1.001,0.086,0.001,6.955,5.245,1.292,1.001,0.005,-78.77,-225.8,0,-2.592,1.74,10.79,18.69
10/5/19 1:45,6650,278,145,0.044,0.001,1.777,3.555,1.23,1.001,0.065,0.001,4.016,4.4,1.274,1.001,0.086,0.001,6.929,5.246,1.292,1,0.006,-79.72,-224.7,0,-1.769,3.11,10.75,18.68
10/5/19 2:00,6651,278,200,0.044,0.001,1.737,3.555,1.23,1.001,0.065,0.001,3.962,4.404,1.274,1.001,0.086,0.001,6.916,5.246,1.292,1.001,0.006,-79.14,-225.4,0,-1.191,4.738,10.72,18.67
10/5/19 2:15,6652,278,215,0.044,0,1.731,3.557,1.23,1,0.066,0.001,4.013,4.427,1.275,1.001,0.086,0.001,6.961,5.245,1.292,1.001,0.006,-78.9,-225.8,0,-1.787,4.441,10.57,18.64
10/5/19 2:30,6653,278,230,0.044,0.001,1.676,3.555,1.23,1.001,0.066,0.001,4.008,4.425,1.275,1.001,0.086,0.001,6.933,5.244,1.292,1.001,0.006,-78.74,-226.1,0,-1.583,4.092,10.44,18.62
10/5/19 2:45,6654,278,245,0.044,0.001,1.671,3.556,1.23,1,0.066,0.001,3.974,4.428,1.275,1.001,0.086,0,6.935,5.246,1.292,1,0.006,-78.81,-225.8,0,-1.33,4.793,10.42,18.61
10/5/19 3:00,6655,278,300,0.044,0.001,1.635,3.556,1.23,1,0.066,0.001,3.979,4.426,1.275,1.001,0.086,0.001,6.924,5.245,1.292,1.001,0.006,-79.79,-224.4,0,-1.142,4.925,10.36,18.6
10/5/19 3:15,6656,278,315,0.044,0.001,1.601,3.556,1.23,1,0.066,0.001,3.974,4.427,1.275,1.001,0.086,0.001,6.955,5.245,1.292,1.001,0.006,-79.41,-225,0,-2.212,4.108,10.23,18.58
10/5/19 3:30,6657,278,330,0.044,0.001,1.59,3.557,1.23,1,0.066,0.001,3.978,4.427,1.275,1.001,0.086,0.001,6.93,5.245,1.292,1.001,0.006,-79.07,-225.5,0,-2.202,3.655,10.11,18.56
10/5/19 3:45,6658,278,345,0.044,0.001,1.589,3.554,1.23,1.001,0.067,0,3.959,4.457,1.276,1,0.086,0.001,6.933,5.245,1.292,1.001,0.006,-79.42,-224.9,0,-1.93,3.851,10.07,18.55
10/5/19 4:00,6659,278,400,0.044,0.001,1.545,3.555,1.23,1.001,0.067,0.001,3.975,4.455,1.276,1.001,0.086,0.001,6.891,5.244,1.292,1.001,0.006,-79.57,-224.7,0,-2.354,3.72,10.05,18.54
10/5/19 4:15,6660,278,415,0.044,0,1.547,3.558,1.23,1,0.067,0.001,3.991,4.455,1.276,1.001,0.086,0.001,6.92,5.246,1.292,1,0.006,-79.41,-225,0,-2.247,3.164,9.98,18.53
10/5/19 4:30,6661,278,430,0.044,0.001,1.495,3.555,1.23,1.001,0.067,0.001,3.935,4.454,1.276,1.001,0.086,0.001,6.91,5.244,1.292,1.001,0.006,-79.26,-225.1,0,-1.458,3,9.98,18.53
10/5/19 4:45,6662,278,445,0.044,0.001,1.484,3.556,1.23,1,0.067,0.001,3.953,4.453,1.276,1.001,0.086,0,6.919,5.246,1.292,1,0.006,-79.01,-225.5,0,-2.073,2.87,9.92,18.52
10/5/19 5:00,6663,278,500,0.044,0.001,1.454,3.556,1.23,1,0.067,0.001,3.891,4.457,1.276,1.001,0.086,0,6.926,5.247,1.292,1,0.006,-79.21,-225.2,0,-2.056,3.11,9.88,18.51
10/5/19 5:15,6664,278,515,0.044,0,1.419,3.558,1.23,1,0.067,0.001,3.954,4.479,1.277,1.001,0.086,0.001,6.906,5.245,1.292,1,0.006,-79.06,-225.5,0,-1.973,3.502,9.81,18.5
10/5/19 5:30,6665,278,530,0.044,0.001,1.428,3.556,1.23,1,0.067,0.001,3.947,4.481,1.277,1.001,0.086,0.001,6.895,5.246,1.292,1,0.006,-79.08,-225.4,0,-2.056,3.634,9.8,18.5
10/5/19 5:45,6666,278,545,0.044,0.001,1.389,3.556,1.23,1,0.067,0.001,3.964,4.479,1.277,1.001,0.086,0.001,6.895,5.245,1.292,1.001,0.006,-79.49,-224.8,0,-2.073,3.885,9.72,18.48
10/5/19 6:00,6667,278,600,0.044,0,1.343,3.559,1.23,1,0.067,0.001,3.961,4.482,1.277,1.001,0.086,0.001,6.902,5.246,1.292,1.001,0.006,-79.05,-225.5,0,-2.058,3.677,9.69,18.48
10/5/19 6:15,6668,278,615,0.044,0.001,1.331,3.556,1.23,1.001,0.067,0.001,3.959,4.482,1.277,1.001,0.086,0.001,6.919,5.245,1.292,1.001,0.006,-78.98,-225.6,0,-1.795,3.72,9.68,18.47
10/5/19 6:30,6669,278,630,0.044,0.001,1.293,3.554,1.23,1.001,0.067,0,3.932,4.481,1.277,1.001,0.086,0.001,6.885,5.245,1.292,1,0.006,-79.09,-225.3,0,-0.939,4.294,9.7,18.48
10/5/19 6:45,6670,278,645,0.044,0.001,1.31,3.556,1.23,1,0.067,0,3.926,4.482,1.277,1.001,0.086,0,6.876,5.247,1.292,1,0.007,-79.84,-224.2,0,-0.813,4.222,9.74,18.48
10/5/19 7:00,6671,278,700,0.044,0,1.257,3.557,1.23,1,0.067,0.001,3.952,4.48,1.277,1.001,0.086,0.001,6.864,5.243,1.292,1.001,0.007,-80.1,-223.9,0,0.16,4.726,9.79,18.49
10/5/19 7:15,6672,278,715,0.044,0.001,1.277,3.555,1.23,1.001,0.067,0.001,3.912,4.482,1.277,1.001,0.086,0.001,6.852,5.246,1.292,1.001,0.007,-79.58,-224.8,0,2.229,6.158,9.91,18.52
10/5/19 7:30,6673,278,730,0.044,0.001,1.297,3.555,1.23,1.001,0.068,0,3.921,4.508,1.278,1.001,0.086,0.001,6.875,5.245,1.292,1.001,0.007,-79.15,-225.2,0,3.152,6.735,10.02,18.54
10/5/19 7:45,6674,278,745,0.044,0.001,1.32,3.556,1.23,1,0.068,0.001,3.92,4.505,1.278,1.001,0.086,0.001,6.885,5.244,1.292,1.001,0.007,-79.41,-224.9,0,4.7,6.979,10.31,18.59
10/5/19 8:00,6675,278,800,0.044,0.001,1.309,3.554,1.23,1.001,0.068,0.001,3.914,4.502,1.278,1.002,0.086,0.001,6.868,5.244,1.292,1.001,0.007,-79.83,-224.1,0,5.677,7.224,10.47,18.62
10/5/19 8:15,6676,278,815,0.044,0.001,1.329,3.555,1.23,1.001,0.068,0.002,3.901,4.499,1.278,1.002,0.086,0.001,6.868,5.245,1.292,1.001,0.007,-79.68,-224.4,0,6.692,7.627,10.58,18.65
10/5/19 8:30,6677,278,830,0.044,0,1.353,3.557,1.23,1,0.068,0.001,3.888,4.506,1.278,1.001,0.086,0.001,6.865,5.245,1.292,1.001,0.007,-80.7,-222.8,0,8.57,8.03,10.51,18.63
10/5/19 8:45,6678,278,845,0.044,0.001,1.352,3.556,1.23,1,0.068,0.001,3.907,4.507,1.278,1.001,0.086,0.001,6.864,5.245,1.292,1.001,0.007,-80.5,-223.4,0,9.61,9.72,10.43,18.62
10/5/19 9:00,6679,278,900,0.044,0.001,1.381,3.556,1.23,1,0.068,0.001,3.896,4.506,1.278,1.001,0.086,0.001,6.854,5.244,1.292,1.001,0.007,-80.4,-223.5,0,9.98,12.85,10.41,18.61
10/5/19 9:15,6680,278,915,0.044,0.001,1.402,3.556,1.23,1,0.068,0.001,3.895,4.504,1.278,1.001,0.086,0,6.873,5.246,1.292,1,0.007,-79.77,-224.6,0,10.19,14.06,10.41,18.61
10/5/19 9:30,6681,278,930,0.044,0,1.409,3.557,1.23,1,0.068,0,3.88,4.508,1.278,1.001,0.086,0.001,6.862,5.246,1.292,1,0.007,-79.04,-225.4,0,10.06,13.73,10.73,18.67
10/5/19 9:45,6682,278,945,0.044,0,1.458,3.558,1.23,1,0.068,0,3.873,4.509,1.278,1,0.086,0.001,6.862,5.246,1.292,1.001,0.008,-79.62,-224.4,0,11.42,13.68,10.81,18.69
10/5/19 10:00,6683,278,1000,0.044,0.001,1.469,3.556,1.23,1,0.068,0.001,3.859,4.506,1.278,1.001,0.086,0.001,6.859,5.245,1.292,1.001,0.008,-79,-225.5,0,13.56,15.79,10.83,18.69
10/5/19 10:15,6684,278,1015,0.044,0.001,1.499,3.555,1.23,1,0.068,0.001,3.899,4.506,1.278,1.001,0.086,0,6.857,5.246,1.292,1,0.008,-79.21,-225,0,14.3,16.95,10.89,18.7