TOA5,CR1000_tower3_cluster,CR1000,78272,CR1000.Std.28.02,CPU:SH_tow3_cluster_2017.CR1,29011,Enviro,,,,,,,,,,,,,,,,,,,,,
TIMESTAMP,RECORD,Day_of_Year,Hour,VWC_1_Avg,EC_1_Avg,ST_1_Avg,P_1_Avg,PA_1_Avg,VR_1_Avg,VWC_2_Avg,EC_2_Avg,ST_2_Avg,P_2_Avg,PA_2_Avg,VR_2_Avg,VWC_3_Avg,EC_3_Avg,ST_3_Avg,P_3_Avg,PA_3_Avg,VR_3_Avg,SWE_mv_Avg,maxbot_volt_Avg,maxbot_dist_Avg,TT_C,SBT_C,FuelM_Avg,PA_uS_Avg
TS,RN,,,m^3/m^3,dS/m,Deg C,unitless,nSec,unitless,,,,,,,,,,,,,,,,Deg C,Deg C,%,uSec
,,Smp,Smp,Avg,Avg,Avg,Avg,Avg,Avg,Avg,Avg,Avg,Avg,Avg,Avg,Avg,Avg,Avg,Avg,Avg,Avg,Avg,Avg,Avg,Smp,Smp,Avg,Avg
10/1/19 0:00,6250,274,0,0.232,0.004,4.294,12.39,1.537,1.005,0.114,0.003,8.98,6.451,1.344,1.004,0.115,0.008,10.02,6.492,1.347,1.01,0.041,4040,3.945,-6.153,-6.174,19.98,20.4
10/1/19 0:15,6251,274,15,0.232,0.004,4.243,12.35,1.536,1.004,0.114,0.003,8.96,6.451,1.344,1.004,0.115,0.009,9.99,6.488,1.347,1.011,0.041,4042,3.947,-6.215,-6.218,20.02,20.41
10/1/19 0:30,6252,274,30,0.232,0.004,4.207,12.35,1.536,1.005,0.114,0.003,8.97,6.452,1.344,1.004,0.115,0.008,9.99,6.491,1.347,1.011,0.042,4047,3.952,-6.242,-6.252,20.05,20.41
10/1/19 0:45,6253,274,45,0.231,0.004,4.148,12.31,1.535,1.005,0.114,0.003,8.95,6.45,1.344,1.004,0.115,0.008,9.98,6.49,1.347,1.011,0.042,4049,3.954,-6.316,-6.285,20.08,20.42
10/1/19 1:00,6254,274,100,0.231,0.004,4.121,12.31,1.535,1.004,0.114,0.003,8.95,6.45,1.344,1.004,0.115,0.008,9.97,6.491,1.347,1.011,0.043,4048,3.953,-6.373,-6.313,20.11,20.42
10/1/19 1:15,6255,274,115,0.23,0.004,4.114,12.27,1.534,1.004,0.114,0.003,8.91,6.451,1.344,1.004,0.115,0.008,9.96,6.49,1.347,1.011,0.043,4053,3.958,-6.39,-6.33,20.14,20.43
10/1/19 1:30,6256,274,130,0.23,0.004,4.047,12.27,1.534,1.004,0.114,0.003,8.9,6.45,1.344,1.004,0.115,0.008,9.96,6.49,1.347,1.011,0.044,4043,3.949,-6.457,-6.397,20.17,20.44
10/1/19 1:45,6257,274,145,0.23,0.004,4.072,12.23,1.533,1.005,0.114,0.003,8.88,6.45,1.344,1.004,0.115,0.008,9.95,6.492,1.347,1.01,0.044,4036,3.942,-6.575,-6.503,20.16,20.43
10/1/19 2:00,6258,274,200,0.23,0.004,3.989,12.23,1.533,1.004,0.114,0.003,8.87,6.452,1.344,1.004,0.115,0.008,9.94,6.489,1.347,1.011,0.045,4039,3.944,-6.567,-6.553,20.18,20.44
10/1/19 2:15,6259,274,215,0.229,0.004,3.987,12.2,1.531,1.004,0.114,0.003,8.86,6.451,1.344,1.004,0.115,0.008,9.91,6.491,1.347,1.011,0.045,4039,3.944,-6.566,-6.575,20.24,20.45
10/1/19 2:30,6260,274,230,0.229,0.004,3.951,12.19,1.531,1.005,0.114,0.003,8.84,6.45,1.344,1.004,0.115,0.009,9.92,6.489,1.347,1.011,0.046,4035,3.94,-6.579,-6.531,20.26,20.45
10/1/19 2:45,6261,274,245,0.228,0.004,3.9,12.16,1.53,1.005,0.114,0.003,8.81,6.45,1.344,1.004,0.115,0.009,9.89,6.489,1.347,1.011,0.046,4035,3.941,-6.456,-6.419,20.34,20.47
10/1/19 3:00,6262,274,300,0.228,0.004,3.906,12.15,1.53,1.005,0.114,0.003,8.8,6.451,1.344,1.004,0.115,0.008,9.92,6.491,1.347,1.011,0.046,4035,3.941,-6.443,-6.302,20.38,20.48
10/1/19 3:15,6263,274,315,0.228,0.004,3.871,12.12,1.529,1.005,0.114,0.002,8.79,6.45,1.344,1.004,0.115,0.008,9.89,6.494,1.347,1.01,0.046,4036,3.942,-6.482,-6.346,20.4,20.48
10/1/19 3:30,6264,274,330,0.228,0.004,3.825,12.12,1.529,1.005,0.113,0.002,8.78,6.423,1.343,1.003,0.115,0.008,9.88,6.492,1.347,1.01,0.047,4037,3.943,-6.488,-6.33,20.44,20.49
10/1/19 3:45,6265,274,345,0.227,0.004,3.821,12.08,1.528,1.004,0.113,0.003,8.76,6.422,1.343,1.004,0.115,0.008,9.89,6.491,1.347,1.01,0.047,4034,3.94,-6.538,-6.396,20.47,20.49
10/1/19 4:00,6266,274,400,0.227,0.003,3.775,12.08,1.528,1.004,0.113,0.003,8.76,6.422,1.343,1.004,0.115,0.009,9.88,6.488,1.347,1.011,0.047,4049,3.954,-6.504,-6.369,20.5,20.5
10/1/19 4:15,6267,274,415,0.226,0.003,3.774,12.04,1.527,1.004,0.113,0.003,8.71,6.422,1.343,1.004,0.115,0.009,9.87,6.488,1.347,1.011,0.047,4126,4.029,-6.412,-6.358,20.57,20.51
10/1/19 4:30,6268,274,430,0.226,0.003,3.754,12.04,1.527,1.004,0.113,0.003,8.72,6.42,1.343,1.004,0.115,0.008,9.87,6.492,1.347,1.01,0.047,4029,3.934,-6.272,-6.218,20.63,20.52
10/1/19 4:45,6269,274,445,0.226,0.004,3.722,12.01,1.526,1.004,0.113,0.003,8.66,6.421,1.343,1.004,0.115,0.008,9.85,6.491,1.347,1.01,0.047,4033,3.939,-6.147,-6.151,20.68,20.53
10/1/19 5:00,6270,274,500,0.226,0.003,3.675,12,1.526,1.004,0.113,0.002,8.72,6.423,1.343,1.004,0.115,0.008,9.84,6.49,1.347,1.011,0.048,4042,3.947,-6.103,-6.084,20.71,20.53
10/1/19 5:15,6271,274,515,0.225,0.004,3.706,11.97,1.525,1.004,0.113,0.003,8.69,6.422,1.343,1.004,0.115,0.008,9.84,6.492,1.347,1.01,0.048,4066,3.971,-5.891,-5.918,20.78,20.55
10/1/19 5:30,6272,274,530,0.225,0.004,3.648,11.96,1.525,1.004,0.113,0.003,8.65,6.422,1.343,1.004,0.115,0.008,9.81,6.491,1.347,1.01,0.048,4069,3.974,-5.284,-5.69,20.89,20.57
10/1/19 5:45,6273,274,545,0.224,0.003,3.655,11.93,1.524,1.003,0.113,0.002,8.65,6.423,1.343,1.004,0.115,0.008,9.82,6.492,1.347,1.01,0.047,4180,4.082,-4.894,-5.203,21.07,20.6
10/1/19 6:00,6274,274,600,0.224,0.004,3.633,11.93,1.524,1.004,0.113,0.003,8.63,6.422,1.343,1.004,0.115,0.008,9.8,6.491,1.347,1.01,0.047,4092,3.996,-4.87,-4.955,21.12,20.61
10/1/19 6:15,6275,274,615,0.224,0.003,3.635,11.89,1.522,1.004,0.113,0.003,8.58,6.422,1.343,1.004,0.115,0.008,9.78,6.492,1.347,1.01,0.047,4102,4.006,-4.867,-4.873,21.14,20.61
10/1/19 6:30,6276,274,630,0.224,0.003,3.585,11.89,1.522,1.004,0.113,0.003,8.58,6.422,1.343,1.004,0.115,0.008,9.78,6.492,1.347,1.01,0.047,4101,4.005,-4.572,-4.669,21.21,20.63
10/1/19 6:45,6277,274,645,0.223,0.004,3.584,11.85,1.521,1.004,0.113,0.003,8.57,6.422,1.343,1.004,0.115,0.008,9.78,6.491,1.347,1.01,0.047,4122,4.025,-4.448,-4.471,21.31,20.65
10/1/19 7:00,6278,274,700,0.223,0.004,3.562,11.85,1.521,1.004,0.113,0.003,8.55,6.421,1.343,1.004,0.115,0.008,9.77,6.492,1.347,1.01,0.047,4134,4.037,-4.366,-4.383,21.35,20.65
10/1/19 7:15,6279,274,715,0.222,0.004,3.505,11.82,1.52,1.004,0.113,0.002,8.54,6.423,1.343,1.004,0.115,0.008,9.76,6.49,1.347,1.011,0.047,4120,4.023,-4.029,-4.251,21.38,20.66
10/1/19 7:30,6280,274,730,0.222,0.003,3.563,11.82,1.52,1.004,0.113,0.003,8.53,6.422,1.343,1.004,0.115,0.008,9.75,6.492,1.347,1.01,0.047,4138,4.041,-3.455,-3.775,21.54,20.69
10/1/19 7:45,6281,274,745,0.222,0.004,3.553,11.81,1.52,1.004,0.113,0.003,8.51,6.421,1.343,1.004,0.115,0.008,9.75,6.492,1.347,1.01,0.047,4121,4.025,-2.742,-3.027,21.72,20.72
10/1/19 8:00,6282,274,800,0.222,0.003,3.529,11.78,1.519,1.003,0.113,0.002,8.5,6.424,1.343,1.003,0.115,0.008,9.74,6.493,1.347,1.01,0.046,4135,4.038,-2.011,-2.2,21.89,20.75
10/1/19 8:15,6283,274,815,0.222,0.004,3.524,11.78,1.519,1.004,0.113,0.003,8.46,6.421,1.343,1.004,0.115,0.008,9.73,6.493,1.347,1.01,0.042,4142,4.045,-1.624,-1.527,22.01,20.77
10/1/19 8:30,6284,274,830,0.222,0.004,3.493,11.78,1.519,1.004,0.113,0.003,8.44,6.421,1.343,1.004,0.115,0.009,9.73,6.489,1.347,1.011,0.041,4119,4.022,-1.43,-1.289,22.04,20.78
10/1/19 8:45,6285,274,845,0.221,0.004,3.504,11.74,1.518,1.004,0.113,0.003,8.44,6.421,1.343,1.004,0.115,0.008,9.71,6.491,1.347,1.01,0.04,4108,4.012,-1.388,-1.213,22.03,20.78
10/1/19 9:00,6286,274,900,0.221,0.004,3.497,11.74,1.518,1.004,0.113,0.003,8.43,6.422,1.343,1.004,0.115,0.008,9.69,6.492,1.347,1.01,0.04,4149,4.052,-1.196,-1.256,22.05,20.78
10/1/19 9:15,6287,274,915,0.221,0.004,3.43,11.74,1.518,1.004,0.113,0.003,8.38,6.423,1.343,1.004,0.115,0.008,9.7,6.492,1.347,1.01,0.04,4134,4.037,-0.695,-0.985,22.08,20.79
10/1/19 9:30,6288,274,930,0.221,0.004,3.443,11.74,1.518,1.005,0.113,0.003,8.4,6.421,1.343,1.004,0.115,0.008,9.69,6.492,1.347,1.01,0.04,4147,4.05,0.007,-0.639,22.12,20.79
10/1/19 9:45,6289,274,945,0.22,0.003,3.499,11.7,1.517,1.004,0.113,0.003,8.37,6.422,1.343,1.004,0.115,0.008,9.67,6.49,1.347,1.011,0.039,4180,4.082,1.065,0.204,22.38,20.84
10/1/19 10:00,6290,274,1000,0.22,0.004,3.462,11.7,1.517,1.005,0.113,0.002,8.39,6.423,1.343,1.004,0.115,0.008,9.67,6.493,1.347,1.01,0.039,3550,3.466,3.163,2.238,22.57,20.88
10/1/19 10:15,6291,274,1015,0.22,0.004,3.437,11.7,1.517,1.005,0.113,0.002,8.34,6.423,1.343,1.004,0.115,0.008,9.64,6.492,1.347,1.01,0.038,4639,4.53,4.791,3.93,22.26,20.82
10/1/19 10:30,6292,274,1030,0.221,0.003,3.415,11.74,1.518,1.003,0.113,0.003,8.33,6.421,1.343,1.004,0.115,0.008,9.65,6.495,1.347,1.01,0.038,4783,4.67,4.507,3.706,21.7,20.72
10/1/19 10:45,6293,274,1045,0.221,0.004,3.432,11.74,1.518,1.004,0.113,0.002,8.31,6.423,1.343,1.003,0.115,0.008,9.63,6.491,1.347,1.01,0.037,4775,4.663,5.926,4.291,21.29,20.64
10/1/19 11:00,6294,274,1100,0.222,0.004,3.428,11.78,1.519,1.005,0.113,0.002,8.3,6.423,1.343,1.004,0.115,0.008,9.61,6.491,1.347,1.01,0.037,4418,4.314,5.893,5.121,20.8,20.55
10/1/19 11:15,6295,274,1115,0.223,0.003,3.448,11.86,1.521,1.004,0.113,0.003,8.28,6.422,1.343,1.004,0.115,0.008,9.63,6.49,1.347,1.011,0.037,2291,2.237,7.132,5.253,20.4,20.48
10/1/19 11:30,6296,274,1130,0.224,0.004,3.499,11.89,1.523,1.004,0.113,0.003,8.27,6.422,1.343,1.004,0.115,0.008,9.61,6.492,1.347,1.01,0.037,2124,2.074,7.901,6.353,20.11,20.42
10/1/19 11:45,6297,274,1145,0.224,0.003,3.608,11.93,1.524,1.004,0.113,0.003,8.24,6.423,1.343,1.004,0.115,0.008,9.58,6.493,1.347,1.01,0.037,3443,3.362,4.565,5.831,19.57,20.33
10/1/19 12:00,6298,274,1200,0.225,0.004,3.717,11.97,1.525,1.004,0.113,0.003,8.23,6.422,1.343,1.004,0.115,0.008,9.59,6.491,1.347,1.01,0.037,3287,3.21,6.093,6.104,19.25,20.27
10/1/19 12:15,6299,274,1215,0.226,0.004,3.877,12.01,1.526,1.004,0.113,0.003,8.23,6.421,1.343,1.004,0.115,0.008,9.58,6.491,1.347,1.01,0.037,3546,3.463,7.347,6.037,18.82,20.19
10/1/19 12:30,6300,274,1230,0.226,0.004,4.061,12.04,1.527,1.004,0.113,0.003,8.21,6.422,1.343,1.004,0.115,0.008,9.59,6.49,1.347,1.01,0.037,2745,2.68,8.98,6.713,18.44,20.12
10/1/19 12:45,6301,274,1245,0.226,0.004,4.309,12.05,1.527,1.004,0.113,0.002,8.21,6.423,1.343,1.004,0.114,0.008,9.57,6.462,1.346,1.01,0.037,3180,3.106,8.64,7.518,18.39,20.11
10/1/19 13:00,6302,274,1300,0.227,0.004,4.54,12.08,1.528,1.004,0.113,0.003,8.19,6.423,1.343,1.004,0.114,0.008,9.56,6.46,1.346,1.011,0.037,3818,3.729,9.37,6.862,18.13,20.06
10/1/19 13:15,6303,274,1315,0.227,0.004,4.77,12.08,1.528,1.004,0.113,0.003,8.18,6.422,1.343,1.004,0.114,0.008,9.55,6.46,1.346,1.011,0.037,4089,3.994,8.31,6.212,17.87,20.01
10/1/19 13:30,6304,274,1330,0.227,0.004,5.001,12.08,1.528,1.005,0.113,0.003,8.15,6.422,1.343,1.004,0.114,0.008,9.54,6.46,1.346,1.011,0.038,2985,2.915,9.35,6.697,17.72,19.98
10/1/19 13:45,6305,274,1345,0.227,0.004,5.188,12.08,1.528,1.004,0.113,0.003,8.14,6.422,1.343,1.004,0.114,0.008,9.52,6.463,1.346,1.01,0.038,4104,4.008,8.04,7.505,17.65,19.97
10/1/19 14:00,6306,274,1400,0.227,0.004,5.394,12.08,1.528,1.005,0.113,0.003,8.12,6.422,1.343,1.004,0.114,0.008,9.51,6.463,1.346,1.01,0.038,4865,4.751,8.67,7.109,17.56,19.95
10/1/19 14:15,6307,274,1415,0.227,0.004,5.59,12.08,1.528,1.004,0.113,0.003,8.11,6.422,1.343,1.004,0.114,0.008,9.5,6.463,1.346,1.01,0.039,4986,4.869,8.77,7.537,17.47,19.94
10/1/19 14:30,6308,274,1430,0.227,0.003,5.696,12.08,1.528,1.004,0.113,0.003,8.12,6.422,1.343,1.004,0.114,0.008,9.5,6.463,1.346,1.01,0.039,4951,4.835,8.47,7.114,17.41,19.93
10/1/19 14:45,6309,274,1445,0.227,0.003,5.768,12.08,1.528,1.004,0.113,0.002,8.07,6.424,1.343,1.003,0.114,0.008,9.49,6.465,1.346,1.01,0.038,2748,2.684,7.608,7.648,17.21,19.89
10/1/19 15:00,6310,274,1500,0.227,0.004,5.923,12.08,1.528,1.005,0.113,0.003,8.07,6.422,1.343,1.004,0.114,0.008,9.49,6.464,1.346,1.01,0.038,3229,3.153,7.994,8.49,16.9,19.83
10/1/19 15:15,6311,274,1515,0.227,0.004,6.016,12.08,1.528,1.005,0.113,0.003,8.06,6.421,1.343,1.004,0.114,0.008,9.49,6.464,1.346,1.01,0.039,2464,2.406,7.762,8.48,16.66,19.79
10/1/19 15:30,6312,274,1530,0.227,0.004,6.073,12.08,1.528,1.005,0.113,0.003,8.05,6.422,1.343,1.004,0.114,0.008,9.46,6.462,1.346,1.01,0.039,2674,2.611,6.77,7.943,16.28,19.72
10/1/19 15:45,6313,274,1545,0.227,0.004,6.291,12.08,1.528,1.005,0.113,0.003,8.04,6.421,1.343,1.004,0.114,0.008,9.46,6.463,1.346,1.01,0.039,4635,4.526,6.378,9.39,16.02,19.67
10/1/19 16:00,6314,274,1600,0.227,0.003,6.438,12.08,1.528,1.004,0.113,0.003,8.03,6.422,1.343,1.004,0.114,0.008,9.44,6.463,1.346,1.01,0.039,4816,4.703,5.501,7.611,15.8,19.63
10/1/19 16:15,6315,274,1615,0.226,0.005,6.636,12.04,1.527,1.005,0.113,0.003,8.02,6.422,1.343,1.004,0.114,0.008,9.45,6.465,1.346,1.01,0.039,4349,4.247,3.744,5.853,15.81,19.63
10/1/19 16:30,6316,274,1630,0.226,0.004,6.801,12.04,1.527,1.005,0.113,0.002,7.995,6.423,1.343,1.004,0.114,0.008,9.43,6.462,1.346,1.01,0.039,4232,4.133,2.709,4.071,15.81,19.63
10/1/19 16:45,6317,274,1645,0.226,0.003,6.947,12.05,1.527,1.004,0.113,0.003,8,6.422,1.343,1.004,0.114,0.008,9.4,6.463,1.346,1.01,0.04,3881,3.79,2.606,3.332,15.93,19.65
10/1/19 17:00,6318,274,1700,0.226,0.003,7.064,12.04,1.527,1.004,0.113,0.003,7.994,6.422,1.343,1.004,0.114,0.008,9.4,6.461,1.346,1.01,0.04,3263,3.187,2.335,2.941,16.12,19.69
10/1/19 17:15,6319,274,1715,0.226,0.004,7.127,12,1.526,1.005,0.113,0.003,7.981,6.421,1.343,1.004,0.114,0.008,9.4,6.462,1.346,1.01,0.04,3761,3.673,1.642,2.34,16.28,19.72
10/1/19 17:30,6320,274,1730,0.226,0.004,7.194,12,1.526,1.005,0.113,0.002,7.99,6.423,1.343,1.004,0.114,0.008,9.4,6.464,1.346,1.01,0.04,4154,4.057,1.005,1.706,16.39,19.74
10/1/19 17:45,6321,274,1745,0.226,0.004,7.208,12,1.526,1.005,0.113,0.002,7.972,6.423,1.343,1.004,0.114,0.008,9.37,6.462,1.346,1.01,0.04,3517,3.435,0.326,1.041,16.45,19.75
10/1/19 18:00,6322,274,1800,0.225,0.004,7.165,11.97,1.525,1.005,0.113,0.003,7.981,6.422,1.343,1.004,0.114,0.008,9.37,6.461,1.346,1.011,0.04,3238,3.163,-0.337,0.376,16.56,19.77
10/1/19 18:15,6323,274,1815,0.225,0.003,7.143,11.97,1.525,1.004,0.113,0.003,7.999,6.422,1.343,1.004,0.114,0.008,9.36,6.463,1.346,1.01,0.04,3074,3.002,-0.818,-0.196,16.68,19.79
10/1/19 18:30,6324,274,1830,0.225,0.003,7.141,11.97,1.525,1.004,0.113,0.002,7.976,6.423,1.343,1.004,0.114,0.008,9.36,6.462,1.346,1.01,0.04,4748,4.637,-1.261,-0.694,16.81,19.81
10/1/19 18:45,6325,274,1845,0.225,0.004,7.155,11.97,1.525,1.004,0.113,0.002,7.968,6.423,1.343,1.004,0.114,0.008,9.35,6.461,1.346,1.011,0.041,4847,4.734,-1.611,-1.127,16.95,19.84
10/1/19 19:00,6326,274,1900,0.224,0.003,7.112,11.93,1.524,1.004,0.113,0.003,7.969,6.422,1.343,1.004,0.114,0.008,9.35,6.463,1.346,1.01,0.041,4895,4.78,-1.963,-1.516,17.06,19.86
10/1/19 19:15,6327,274,1915,0.224,0.004,7.048,11.93,1.524,1.005,0.113,0.003,7.983,6.421,1.343,1.004,0.114,0.008,9.34,6.462,1.346,1.01,0.041,4914,4.798,-2.143,-1.819,17.19,19.88
10/1/19 19:30,6328,274,1930,0.224,0.003,6.994,11.93,1.524,1.004,0.113,0.002,7.983,6.424,1.343,1.003,0.114,0.008,9.33,6.462,1.346,1.01,0.041,4975,4.858,-2.329,-2.078,17.32,19.91
10/1/19 19:45,6329,274,1945,0.224,0.004,6.93,11.93,1.524,1.004,0.113,0.003,7.994,6.422,1.343,1.004,0.114,0.008,9.31,6.461,1.346,1.011,0.041,4977,4.861,-2.479,-2.228,17.46,19.94
10/1/19 20:00,6330,274,2000,0.224,0.003,6.849,11.93,1.524,1.004,0.113,0.003,7.992,6.422,1.343,1.004,0.114,0.008,9.32,6.46,1.346,1.011,0.041,4979,4.862,-2.596,-2.271,17.61,19.96
10/1/19 20:15,6331,274,2015,0.224,0.004,6.777,11.89,1.522,1.005,0.113,0.002,8.01,6.423,1.343,1.003,0.114,0.008,9.3,6.462,1.346,1.01,0.041,4980,4.863,-2.695,-2.376,17.74,19.99
10/1/19 20:30,6332,274,2030,0.224,0.004,6.666,11.89,1.522,1.005,0.113,0.003,8.01,6.421,1.343,1.004,0.114,0.008,9.3,6.463,1.346,1.01,0.04,4980,4.863,-2.802,-2.527,17.91,20.02
10/1/19 20:45,6333,274,2045,0.224,0.003,6.62,11.89,1.522,1.004,0.113,0.003,8.01,6.421,1.343,1.004,0.114,0.008,9.27,6.463,1.346,1.01,0.04,4980,4.864,-3.022,-2.679,18,20.03
10/1/19 21:00,6334,274,2100,0.224,0.004,6.516,11.89,1.522,1.004,0.113,0.003,7.985,6.421,1.343,1.004,0.114,0.008,9.29,6.464,1.346,1.01,0.04,4980,4.863,-3.157,-2.864,18.01,20.04
10/1/19 21:15,6335,274,2115,0.224,0.004,6.442,11.89,1.522,1.005,0.113,0.002,8.02,6.423,1.343,1.004,0.114,0.008,9.26,6.462,1.346,1.01,0.04,4980,4.863,-3.316,-3.005,18.11,20.05
10/1/19 21:30,6336,274,2130,0.223,0.004,6.298,11.85,1.521,1.005,0.113,0.003,8.04,6.422,1.343,1.004,0.114,0.008,9.26,6.462,1.346,1.01,0.04,4981,4.864,-3.464,-3.159,18.17,20.07
10/1/19 21:45,6337,274,2145,0.223,0.004,6.256,11.85,1.521,1.004,0.113,0.003,8.03,6.422,1.343,1.004,0.114,0.008,9.25,6.463,1.346,1.01,0.04,4981,4.865,-3.611,-3.3,18.2,20.07
10/1/19 22:00,6338,274,2200,0.223,0.004,6.142,11.85,1.521,1.005,0.113,0.002,8.06,6.423,1.343,1.004,0.114,0.008,9.24,6.463,1.346,1.01,0.04,4982,4.865,-3.72,-3.431,18.27,20.09
10/1/19 22:15,6339,274,2215,0.223,0.003,6.063,11.86,1.521,1.003,0.113,0.002,8.04,6.424,1.343,1.003,0.114,0.008,9.23,6.465,1.346,1.01,0.04,4981,4.865,-3.842,-3.507,18.37,20.1
10/1/19 22:30,6340,274,2230,0.223,0.004,5.968,11.85,1.521,1.005,0.113,0.002,8.05,6.423,1.343,1.004,0.114,0.008,9.23,6.463,1.346,1.01,0.04,4982,4.865,-3.957,-3.639,18.43,20.12
10/1/19 22:45,6341,274,2245,0.223,0.004,5.884,11.85,1.521,1.004,0.113,0.003,8.07,6.421,1.343,1.004,0.114,0.008,9.22,6.46,1.346,1.011,0.04,4981,4.865,-3.989,-3.682,18.53,20.13
10/1/19 23:00,6342,274,2300,0.223,0.004,5.796,11.85,1.521,1.005,0.113,0.003,8.07,6.422,1.343,1.004,0.114,0.008,9.23,6.464,1.346,1.01,0.04,4981,4.864,-4.051,-3.693,18.66,20.16
10/1/19 23:15,6343,274,2315,0.222,0.004,5.733,11.81,1.52,1.005,0.113,0.003,8.08,6.422,1.343,1.004,0.114,0.008,9.22,6.462,1.346,1.01,0.04,4979,4.862,-4.185,-3.775,18.67,20.16
10/1/19 23:30,6344,274,2330,0.222,0.004,5.608,11.82,1.52,1.004,0.113,0.003,8.07,6.422,1.343,1.004,0.114,0.008,9.22,6.463,1.346,1.01,0.04,4979,4.862,-4.338,-3.944,18.68,20.16
10/1/19 23:45,6345,274,2345,0.222,0.004,5.58,11.82,1.52,1.004,0.113,0.003,8.07,6.422,1.343,1.004,0.114,0.008,9.2,6.462,1.346,1.01,0.04,4979,4.862,-4.442,-4.043,18.74,20.17
10/2/19 0:00,6346,275,0,0.222,0.004,5.497,11.81,1.52,1.005,0.113,0.002,8.09,6.423,1.343,1.004,0.114,0.008,9.2,6.462,1.346,1.01,0.04,4979,4.862,-4.563,-4.164,18.79,20.18
10/2/19 0:15,6347,275,15,0.222,0.003,5.399,11.82,1.52,1.004,0.113,0.003,8.08,6.421,1.343,1.004,0.114,0.008,9.19,6.461,1.346,1.011,0.04,4977,4.861,-4.696,-4.295,18.83,20.19
10/2/19 0:30,6348,275,30,0.222,0.003,5.323,11.81,1.52,1.004,0.113,0.003,8.1,6.423,1.343,1.004,0.114,0.008,9.18,6.462,1.346,1.01,0.04,4978,4.861,-4.801,-4.394,18.86,20.19
10/2/19 0:45,6349,275,45,0.222,0.004,5.28,11.78,1.519,1.004,0.113,0.003,8.1,6.422,1.343,1.004,0.114,0.008,9.19,6.465,1.346,1.01,0.04,4984,4.867,-4.939,-4.515,18.91,20.2
10/2/19 1:00,6350,275,100,0.222,0.003,5.224,11.78,1.519,1.004,0.113,0.003,8.08,6.42,1.343,1.004,0.114,0.008,9.17,6.463,1.346,1.01,0.04,4049,3.954,-4.922,-4.498,19.01,20.22
10/2/19 1:15,6351,275,115,0.222,0.004,5.155,11.78,1.519,1.005,0.113,0.003,8.1,6.423,1.343,1.004,0.114,0.008,9.16,6.463,1.346,1.01,0.04,3572,3.488,-4.939,-4.515,19.07,20.23
10/2/19 1:30,6352,275,130,0.222,0.004,5.086,11.78,1.519,1.004,0.113,0.003,8.12,6.422,1.343,1.004,0.114,0.008,9.16,6.461,1.346,1.01,0.04,4286,4.185,-5.14,-4.669,19.11,20.24
10/2/19 1:45,6353,275,145,0.222,0.004,4.999,11.78,1.519,1.004,0.113,0.002,8.1,6.422,1.343,1.004,0.114,0.008,9.16,6.461,1.346,1.01,0.04,3271,3.195,-5.184,-4.713,19.16,20.25
10/2/19 2:00,6354,275,200,0.222,0.004,4.932,11.78,1.519,1.004,0.113,0.002,8.12,6.423,1.343,1.004,0.114,0.008,9.14,6.463,1.346,1.01,0.04,2976,2.906,-5.192,-4.801,19.17,20.25
10/2/19 2:15,6355,275,215,0.222,0.003,4.897,11.78,1.519,1.004,0.113,0.003,8.09,6.422,1.343,1.004,0.114,0.009,9.15,6.459,1.346,1.011,0.04,3738,3.651,-5.339,-4.867,19.2,20.26
10/2/19 2:30,6356,275,230,0.221,0.004,4.838,11.74,1.518,1.004,0.113,0.003,8.09,6.422,1.343,1.004,0.114,0.008,9.14,6.462,1.346,1.01,0.04,3352,3.273,-5.237,-4.823,19.31,20.28
10/2/19 2:45,6357,275,245,0.221,0.004,4.776,11.74,1.518,1.004,0.113,0.003,8.1,6.422,1.343,1.004,0.114,0.008,9.14,6.463,1.346,1.01,0.04,3158,3.084,-5.224,-4.707,19.39,20.29
10/2/19 3:00,6358,275,300,0.221,0.004,4.731,11.74,1.518,1.004,0.113,0.002,8.12,6.422,1.343,1.004,0.114,0.008,9.14,6.463,1.346,1.01,0.04,3921,3.829,-5.214,-4.691,19.44,20.3
10/2/19 3:15,6359,275,315,0.221,0.004,4.658,11.74,1.518,1.004,0.113,0.002,8.13,6.423,1.343,1.004,0.114,0.008,9.13,6.463,1.346,1.01,0.04,2860,2.793,-5.38,-4.84,19.44,20.3
10/2/19 3:30,6360,275,330,0.22,0.004,4.602,11.7,1.517,1.004,0.113,0.003,8.12,6.421,1.343,1.004,0.114,0.008,9.13,6.463,1.346,1.01,0.04,4097,4.001,-5.53,-4.977,19.46,20.3
10/2/19 3:45,6361,275,345,0.22,0.004,4.572,11.7,1.517,1.004,0.113,0.003,8.1,6.421,1.343,1.004,0.114,0.008,9.15,6.462,1.346,1.01,0.04,3765,3.677,-5.688,-5.066,19.49,20.31
10/2/19 4:00,6362,275,400,0.22,0.004,4.467,11.7,1.517,1.004,0.113,0.003,8.09,6.422,1.343,1.004,0.114,0.008,9.12,6.463,1.346,1.01,0.04,3652,3.567,-5.774,-5.226,19.48,20.31
10/2/19 4:15,6363,275,415,0.22,0.003,4.428,11.7,1.517,1.004,0.113,0.003,8.1,6.422,1.343,1.004,0.114,0.008,9.13,6.464,1.346,1.01,0.04,3040,2.969,-5.802,-5.248,19.56,20.32
10/2/19 4:30,6364,275,430,0.22,0.003,4.403,11.7,1.517,1.004,0.113,0.003,8.08,6.422,1.343,1.004,0.114,0.008,9.12,6.461,1.346,1.01,0.04,3034,2.962,-5.819,-5.237,19.59,20.33
10/2/19 4:45,6365,275,445,0.22,0.004,4.368,11.66,1.516,1.005,0.113,0.003,8.08,6.421,1.343,1.004,0.114,0.008,9.1,6.464,1.346,1.01,0.04,3974,3.881,-5.898,-5.303,19.61,20.33
10/2/19 5:00,6366,275,500,0.22,0.004,4.325,11.66,1.516,1.004,0.113,0.003,8.08,6.421,1.343,1.004,0.114,0.008,9.09,6.462,1.346,1.01,0.04,2778,2.713,-5.915,-5.309,19.65,20.34
10/2/19 5:15,6367,275,515,0.22,0.003,4.283,11.67,1.516,1.004,0.113,0.002,8.07,6.424,1.343,1.003,0.114,0.008,9.1,6.465,1.346,1.01,0.04,3520,3.438,-5.831,-5.248,19.68,20.34
10/2/19 5:30,6368,275,530,0.22,0.004,4.253,11.66,1.516,1.004,0.113,0.003,8.07,6.421,1.343,1.004,0.114,0.008,9.09,6.464,1.346,1.01,0.04,4926,4.81,-5.799,-5.176,19.75,20.36
10/2/19 5:45,6369,275,545,0.219,0.003,4.194,11.63,1.515,1.004,0.113,0.003,8.06,6.422,1.343,1.004,0.114,0.008,9.08,6.465,1.346,1.01,0.04,4978,4.862,-5.94,-5.264,19.79,20.37
10/2/19 6:00,6370,275,600,0.219,0.004,4.171,11.63,1.515,1.004,0.113,0.002,8.07,6.424,1.343,1.003,0.114,0.008,9.09,6.464,1.346,1.01,0.04,4913,4.798,-6.023,-5.358,19.8,20.37
10/2/19 6:15,6371,275,615,0.219,0.004,4.13,11.63,1.515,1.004,0.113,0.003,8.05,6.422,1.343,1.004,0.114,0.008,9.08,6.464,1.346,1.01,0.04,4975,4.859,-6.127,-5.485,19.83,20.37
10/2/19 6:30,6372,275,630,0.219,0.004,4.114,11.63,1.515,1.005,0.113,0.003,8.04,6.422,1.343,1.004,0.114,0.008,9.07,6.461,1.346,1.011,0.04,4977,4.861,-6.153,-5.551,19.86,20.38
10/2/19 6:45,6373,275,645,0.219,0.004,4.012,11.63,1.515,1.004,0.113,0.003,8.03,6.421,1.343,1.004,0.114,0.008,9.07,6.462,1.346,1.01,0.04,4663,4.554,-6.333,-5.684,19.88,20.38
10/2/19 7:00,6374,275,700,0.218,0.003,3.993,11.59,1.513,1.004,0.113,0.003,8.02,6.421,1.343,1.004,0.114,0.008,9.06,6.463,1.346,1.01,0.04,4977,4.86,-6.339,-5.8,19.89,20.38
10/2/19 7:15,6375,275,715,0.218,0.003,3.969,11.59,1.513,1.003,0.113,0.002,8,6.423,1.343,1.003,0.114,0.008,9.07,6.463,1.346,1.01,0.04,4979,4.862,-6.234,-5.799,19.93,20.39
10/2/19 7:30,6376,275,730,0.218,0.004,3.95,11.59,1.513,1.004,0.113,0.003,8.01,6.422,1.343,1.004,0.114,0.008,9.06,6.462,1.346,1.01,0.04,4978,4.861,-5.671,-5.572,20,20.4
10/2/19 7:45,6377,275,745,0.218,0.004,3.92,11.59,1.513,1.005,0.113,0.002,7.994,6.423,1.343,1.004,0.114,0.008,9.05,6.463,1.346,1.01,0.04,4976,4.859,-3.153,-3.592,20.18,20.44
10/2/19 8:00,6378,275,800,0.218,0.004,3.913,11.55,1.512,1.005,0.113,0.003,7.985,6.422,1.343,1.004,0.114,0.008,9.07,6.461,1.346,1.01,0.04,4918,4.803,-1.579,-1.948,20.73,20.54
10/2/19 8:15,6379,275,815,0.218,0.004,3.851,11.55,1.512,1.004,0.113,0.002,7.968,6.423,1.343,1.004,0.114,0.008,9.04,6.463,1.346,1.01,0.039,4976,4.859,-0.162,-0.92,21.51,20.68
10/2/19 8:30,6380,275,830,0.218,0.004,3.832,11.55,1.512,1.004,0.113,0.003,7.971,6.421,1.343,1.004,0.114,0.008,9.04,6.46,1.346,1.011,0.039,3237,3.161,2.445,1.978,21.77,20.73
10/2/19 8:45,6381,275,845,0.217,0.004,3.801,11.52,1.511,1.004,0.113,0.003,7.962,6.42,1.343,1.004,0.114,0.009,9.04,6.459,1.346,1.011,0.039,3009,2.938,4.147,4.02,21.99,20.77
10/2/19 9:00,6382,275,900,0.217,0.004,3.776,11.52,1.511,1.004,0.113,0.002,7.952,6.423,1.343,1.004,0.114,0.008,9.04,6.462,1.346,1.01,0.039,2968,2.899,6.071,6.655,22.21,20.81
10/2/19 9:15,6383,275,915,0.217,0.003,3.781,11.52,1.511,1.004,0.113,0.002,7.935,6.424,1.343,1.003,0.114,0.008,9.02,6.464,1.346,1.01,0.038,3104,3.032,7.445,8.91,22.2,20.81
10/2/19 9:30,6384,275,930,0.217,0.003,3.657,11.52,1.511,1.004,0.113,0.002,7.956,6.423,1.343,1.004,0.114,0.008,9.03,6.46,1.346,1.011,0.038,3093,3.02,9.07,9.7,21.75,20.73
10/2/19 9:45,6385,275,945,0.217,0.003,3.743,11.52,1.511,1.004,0.113,0.003,7.906,6.422,1.343,1.004,0.114,0.008,9.02,6.463,1.346,1.01,0.038,3126,3.053,9.14,10.71,21.16,20.62
10/2/19 10:00,6386,275,1000,0.217,0.003,3.733,11.52,1.511,1.003,0.113,0.003,7.929,6.42,1.343,1.004,0.114,0.008,9.02,6.462,1.346,1.01,0.038,3284,3.207,11.3,12.24,20.52,20.5
10/2/19 10:15,6387,275,1015,0.217,0.003,3.714,11.52,1.511,1.004,0.113,0.003,7.909,6.422,1.343,1.004,0.114,0.008,9.02,6.462,1.346,1.01,0.037,3402,3.322,12.22,12.71,19.87,20.38
10/2/19 10:30,6388,275,1030,0.217,0.004,3.78,11.51,1.511,1.005,0.113,0.003,7.902,6.423,1.343,1.004,0.114,0.008,8.99,6.461,1.346,1.01,0.037,3183,3.108,12.96,13.62,19.33,20.28
10/2/19 10:45,6389,275,1045,0.217,0.004,3.854,11.52,1.511,1.004,0.113,0.003,7.88,6.422,1.343,1.004,0.114,0.008,9.02,6.464,1.346,1.01,0.037,3293,3.216,13.87,14.91,18.77,20.18
10/2/19 11:00,6390,275,1100,0.217,0.004,3.977,11.51,1.511,1.004,0.113,0.003,7.87,6.423,1.343,1.004,0.114,0.008,9,6.461,1.346,1.01,0.037,3287,3.21,14.41,15.1,18.23,20.08
10/2/19 11:15,6391,275,1115,0.217,0.003,4.124,11.52,1.511,1.004,0.113,0.003,7.846,6.422,1.343,1.004,0.114,0.008,9,6.462,1.346,1.01,0.037,3167,3.092,14.74,15.18,17.76,19.99
10/2/19 11:30,6392,275,1130,0.218,0.003,4.3,11.55,1.512,1.004,0.113,0.002,7.854,6.422,1.343,1.004,0.114,0.008,9,6.462,1.346,1.01,0.037,3146,3.072,15.17,15.45,17.36,19.92
10/2/19 11:45,6393,275,1145,0.218,0.003,4.526,11.55,1.512,1.004,0.113,0.002,7.854,6.423,1.343,1.004,0.114,0.007,8.99,6.466,1.346,1.01,0.037,3155,3.081,15.79,16.65,16.92,19.83
10/2/19 12:00,6394,275,1200,0.217,0.004,4.773,11.55,1.512,1.005,0.113,0.003,7.816,6.422,1.343,1.004,0.114,0.008,8.98,6.462,1.346,1.01,0.036,3157,3.083,14.99,16.5,16.53,19.76
10/2/19 12:15,6395,275,1215,0.217,0.004,5.064,11.55,1.512,1.005,0.113,0.003,7.806,6.421,1.343,1.004,0.114,0.008,8.99,6.465,1.346,1.01,0.036,3145,3.072,14.8,16.97,16.12,19.69
10/2/19 12:30,6396,275,1230,0.218,0.004,5.407,11.55,1.512,1.005,0.113,0.003,7.79,6.422,1.343,1.004,0.114,0.008,8.96,6.463,1.346,1.01,0.037,3132,3.059,14.22,15.65,15.62,19.59
10/2/19 12:45,6397,275,1245,0.218,0.003,5.723,11.55,1.512,1.004,0.113,0.003,7.793,6.422,1.343,1.004,0.114,0.008,8.97,6.462,1.346,1.01,0.037,3127,3.053,15.09,14.94,15.51,19.57
10/2/19 13:00,6398,275,1300,0.218,0.004,6.108,11.55,1.512,1.005,0.113,0.002,7.758,6.422,1.343,1.004,0.114,0.008,8.96,6.462,1.346,1.01,0.037,3120,3.047,15.56,13.7,15.34,19.54
10/2/19 13:15,6399,275,1315,0.218,0.003,6.413,11.55,1.512,1.004,0.113,0.002,7.762,6.423,1.343,1.003,0.114,0.008,8.98,6.465,1.346,1.01,0.037,2959,2.889,15.19,13.35,14.97,19.47
10/2/19 13:30,6400,275,1330,0.218,0.003,6.72,11.55,1.512,1.004,0.113,0.002,7.746,6.423,1.343,1.004,0.114,0.008,8.93,6.464,1.346,1.01,0.038,3133,3.06,15.06,15.19,14.8,19.44
10/2/19 13:45,6401,275,1345,0.218,0.004,6.989,11.55,1.512,1.004,0.113,0.002,7.753,6.424,1.343,1.003,0.114,0.008,8.93,6.463,1.346,1.01,0.038,3103,3.031,16.64,15.81,14.6,19.4
10/2/19 14:00,6402,275,1400,0.218,0.004,7.219,11.55,1.512,1.005,0.113,0.002,7.724,6.423,1.343,1.004,0.114,0.008,8.93,6.465,1.346,1.01,0.038,3134,3.06,16.26,15.77,14.44,19.37
10/2/19 14:15,6403,275,1415,0.218,0.003,7.509,11.55,1.512,1.004,0.113,0.003,7.706,6.42,1.343,1.004,0.114,0.008,8.93,6.463,1.346,1.01,0.038,3123,3.05,16.5,16.99,14.33,19.35
10/2/19 14:30,6404,275,1430,0.217,0.005,7.614,11.51,1.511,1.005,0.113,0.003,7.715,6.422,1.343,1.004,0.114,0.008,8.92,6.463,1.346,1.01,0.038,3135,3.061,16.01,17.28,14.24,19.33
10/2/19 14:45,6405,275,1445,0.217,0.004,7.743,11.51,1.511,1.004,0.113,0.003,7.699,6.423,1.343,1.004,0.114,0.008,8.93,6.463,1.346,1.01,0.038,3112,3.039,15.38,16.33,13.91,19.27
10/2/19 15:00,6406,275,1500,0.217,0.004,7.869,11.52,1.511,1.004,0.113,0.003,7.707,6.422,1.343,1.004,0.114,0.008,8.9,6.463,1.346,1.01,0.038,3120,3.047,15.35,17.04,13.65,19.22
10/2/19 15:15,6407,275,1515,0.217,0.004,7.963,11.51,1.511,1.005,0.113,0.002,7.693,6.423,1.343,1.004,0.114,0.008,8.89,6.464,1.346,1.01,0.038,3119,3.046,14.16,16.84,13.4,19.18
10/2/19 15:30,6408,275,1530,0.216,0.004,8.1,11.48,1.51,1.005,0.113,0.002,7.693,6.423,1.343,1.004,0.114,0.009,8.9,6.459,1.346,1.011,0.038,3114,3.041,13.59,15.74,13.05,19.11
10/2/19 15:45,6409,275,1545,0.216,0.004,8.25,11.48,1.51,1.004,0.113,0.003,7.686,6.422,1.343,1.004,0.114,0.008,8.9,6.462,1.346,1.01,0.038,3118,3.045,12.4,16.1,12.7,19.04
10/2/19 16:00,6410,275,1600,0.216,0.004,8.46,11.48,1.51,1.004,0.113,0.003,7.637,6.422,1.343,1.004,0.114,0.008,8.89,6.461,1.346,1.011,0.038,3134,3.06,11.48,14.97,12.4,18.99
10/2/19 16:15,6411,275,1615,0.216,0.003,8.63,11.48,1.51,1.003,0.113,0.002,7.668,6.423,1.343,1.004,0.114,0.008,8.87,6.465,1.346,1.01,0.039,3129,3.056,10.86,13.33,12.39,18.99
10/2/19 16:30,6412,275,1630,0.216,0.004,8.8,11.47,1.51,1.005,0.113,0.003,7.681,6.422,1.343,1.004,0.114,0.008,8.88,6.465,1.346,1.01,0.039,3126,3.052,10.09,12.69,12.29,18.97
10/2/19 16:45,6413,275,1645,0.215,0.003,8.91,11.44,1.509,1.004,0.113,0.002,7.677,6.422,1.343,1.004,0.114,0.008,8.86,6.463,1.346,1.01,0.039,3131,3.058,8.88,11.6,12.16,18.94
10/2/19 17:00,6414,275,1700,0.216,0.003,9.04,11.44,1.509,1.004,0.113,0.002,7.667,6.424,1.343,1.003,0.114,0.008,8.88,6.462,1.346,1.01,0.039,3126,3.052,8.32,10.44,12.1,18.93
10/2/19 17:15,6415,275,1715,0.216,0.003,9.12,11.44,1.509,1.003,0.113,0.003,7.711,6.422,1.343,1.004,0.114,0.008,8.85,6.461,1.346,1.011,0.04,3121,3.048,7.425,9.75,12.11,18.93
10/2/19 17:30,6416,275,1730,0.215,0.003,9.16,11.4,1.508,1.004,0.113,0.002,7.709,6.423,1.343,1.004,0.114,0.008,8.86,6.464,1.346,1.01,0.04,3139,3.065,5.572,8.01,12.04,18.92
10/2/19 17:45,6417,275,1745,0.215,0.003,9.22,11.4,1.508,1.004,0.113,0.002,7.686,6.423,1.343,1.004,0.114,0.008,8.85,6.462,1.346,1.01,0.04,3127,3.054,4.025,6.06,11.93,18.9
10/2/19 18:00,6418,275,1800,0.215,0.004,9.19,11.4,1.508,1.005,0.113,0.002,7.714,6.423,1.343,1.004,0.114,0.008,8.84,6.462,1.346,1.01,0.04,3124,3.051,2.973,4.635,11.9,18.89
10/2/19 18:15,6419,275,1815,0.214,0.004,9.17,11.37,1.507,1.004,0.113,0.003,7.715,6.422,1.343,1.004,0.114,0.008,8.84,6.463,1.346,1.01,0.041,3129,3.056,2.114,3.591,11.92,18.9
10/2/19 18:30,6420,275,1830,0.214,0.004,9.12,11.37,1.507,1.004,0.113,0.003,7.737,6.422,1.343,1.004,0.114,0.008,8.85,6.463,1.346,1.01,0.041,3156,3.082,1.378,2.746,11.95,18.9
10/2/19 18:45,6421,275,1845,0.214,0.004,9.11,11.36,1.507,1.005,0.113,0.003,7.732,6.422,1.343,1.004,0.114,0.008,8.8,6.464,1.346,1.01,0.041,3168,3.094,0.651,2.031,11.99,18.91
10/2/19 19:00,6422,275,1900,0.213,0.004,9.05,11.33,1.506,1.005,0.113,0.003,7.741,6.422,1.343,1.004,0.114,0.008,8.82,6.462,1.346,1.01,0.041,3161,3.087,0.137,1.382,12.04,18.92
10/2/19 19:15,6423,275,1915,0.214,0.004,9,11.33,1.506,1.004,0.113,0.002,7.764,6.423,1.343,1.004,0.114,0.008,8.8,6.462,1.346,1.01,0.041,4856,4.742,-0.259,0.906,12.09,18.93
10/2/19 19:30,6424,275,1930,0.214,0.004,8.91,11.33,1.506,1.004,0.113,0.002,7.771,6.423,1.343,1.004,0.114,0.008,8.81,6.462,1.346,1.01,0.041,4974,4.858,-0.494,0.549,12.16,18.94
10/2/19 19:45,6425,275,1945,0.213,0.004,8.81,11.33,1.505,1.004,0.113,0.003,7.796,6.422,1.343,1.004,0.114,0.008,8.82,6.463,1.346,1.01,0.041,4974,4.858,-0.685,0.366,12.24,18.96
10/2/19 20:00,6426,275,2000,0.213,0.003,8.71,11.29,1.504,1.004,0.113,0.003,7.797,6.422,1.343,1.004,0.114,0.008,8.8,6.464,1.346,1.01,0.041,4974,4.858,-0.898,0.025,12.34,18.98
10/2/19 20:15,6427,275,2015,0.213,0.004,8.64,11.29,1.504,1.004,0.113,0.003,7.821,6.421,1.343,1.004,0.114,0.008,8.81,6.463,1.346,1.01,0.041,4973,4.857,-1.093,-0.196,12.44,19
10/2/19 20:30,6428,275,2030,0.213,0.004,8.52,11.29,1.504,1.005,0.113,0.003,7.854,6.423,1.343,1.004,0.114,0.008,8.78,6.463,1.346,1.01,0.041,4973,4.856,-1.342,-0.499,12.54,19.02
10/2/19 20:45,6429,275,2045,0.212,0.004,8.41,11.25,1.503,1.005,0.113,0.003,7.855,6.422,1.343,1.004,0.114,0.008,8.81,6.464,1.346,1.01,0.041,4973,4.856,-1.386,-0.628,12.64,19.03
10/2/19 21:00,6430,275,2100,0.212,0.004,8.33,11.25,1.503,1.005,0.113,0.002,7.866,6.422,1.343,1.004,0.114,0.008,8.77,6.462,1.346,1.01,0.041,4972,4.856,-1.527,-0.779,12.71,19.05
10/2/19 21:15,6431,275,2115,0.212,0.004,8.22,11.25,1.503,1.004,0.113,0.002,7.904,6.423,1.343,1.004,0.114,0.008,8.78,6.464,1.346,1.01,0.041,4973,4.856,-1.753,-0.993,12.82,19.07
10/2/19 21:30,6432,275,2130,0.212,0.004,8.1,11.25,1.503,1.005,0.113,0.003,7.913,6.423,1.343,1.004,0.114,0.008,8.78,6.464,1.346,1.01,0.041,4970,4.853,-1.914,-1.175,12.91,19.08
10/2/19 21:45,6433,275,2145,0.211,0.004,7.926,11.22,1.502,1.005,0.113,0.003,7.918,6.422,1.343,1.004,0.114,0.008,8.77,6.462,1.346,1.01,0.041,4975,4.858,-1.902,-1.293,13.01,19.1
10/2/19 22:00,6434,275,2200,0.211,0.003,7.897,11.22,1.502,1.004,0.113,0.002,7.952,6.424,1.343,1.003,0.114,0.008,8.78,6.465,1.346,1.01,0.041,4986,4.87,-2.084,-1.395,13.11,19.12
10/2/19 22:15,6435,275,2215,0.211,0.003,7.79,11.22,1.502,1.004,0.113,0.003,7.972,6.422,1.343,1.004,0.114,0.008,8.78,6.463,1.346,1.01,0.041,4971,4.855,-2.275,-1.551,13.17,19.13
10/2/19 22:30,6436,275,2230,0.211,0.003,7.67,11.22,1.502,1.004,0.113,0.003,7.991,6.422,1.343,1.004,0.114,0.008,8.77,6.464,1.346,1.01,0.041,4971,4.854,-2.37,-1.702,13.25,19.15
10/2/19 22:45,6437,275,2245,0.211,0.004,7.578,11.22,1.502,1.005,0.113,0.003,7.99,6.421,1.343,1.004,0.114,0.008,8.75,6.464,1.346,1.01,0.041,4975,4.858,-2.321,-1.636,13.33,19.16
10/2/19 23:00,6438,275,2300,0.211,0.004,7.442,11.22,1.502,1.004,0.113,0.002,8.01,6.422,1.343,1.004,0.114,0.008,8.76,6.465,1.346,1.01,0.041,4968,4.852,-2.295,-1.571,13.4,19.18
10/2/19 23:15,6439,275,2315,0.211,0.004,7.332,11.18,1.501,1.005,0.113,0.002,8.01,6.423,1.343,1.003,0.114,0.008,8.76,6.464,1.346,1.01,0.041,4970,4.853,-2.428,-1.652,13.45,19.19
10/2/19 23:30,6440,275,2330,0.211,0.004,7.251,11.18,1.501,1.005,0.113,0.003,8.04,6.422,1.343,1.004,0.114,0.008,8.77,6.465,1.346,1.01,0.041,4971,4.855,-2.484,-1.679,13.52,19.2
10/2/19 23:45,6441,275,2345,0.211,0.003,7.148,11.18,1.501,1.004,0.113,0.003,8.05,6.422,1.343,1.004,0.114,0.008,8.79,6.464,1.346,1.01,0.041,4971,4.855,-2.409,-1.69,13.58,19.21
10/3/19 0:00,6442,276,0,0.211,0.004,7.047,11.18,1.501,1.004,0.113,0.003,8.08,6.422,1.343,1.004,0.114,0.008,8.77,6.463,1.346,1.01,0.041,4972,4.855,-2.489,-1.701,13.63,19.22
10/3/19 0:15,6443,276,15,0.211,0.004,6.938,11.18,1.501,1.004,0.113,0.003,8.08,6.421,1.343,1.004,0.114,0.008,8.77,6.462,1.346,1.01,0.041,4965,4.849,-2.523,-1.679,13.71,19.24
10/3/19 0:30,6444,276,30,0.211,0.004,6.876,11.18,1.501,1.004,0.113,0.003,8.11,6.421,1.343,1.004,0.114,0.008,8.75,6.462,1.346,1.01,0.041,4970,4.854,-2.443,-1.69,13.76,19.24
10/3/19 0:45,6445,276,45,0.211,0.004,6.774,11.18,1.501,1.004,0.113,0.003,8.1,6.421,1.343,1.004,0.114,0.008,8.74,6.465,1.346,1.01,0.041,4970,4.854,-2.517,-1.679,13.81,19.25
10/3/19 1:00,6446,276,100,0.211,0.004,6.658,11.18,1.501,1.005,0.113,0.002,8.12,6.423,1.343,1.004,0.114,0.008,8.76,6.464,1.346,1.01,0.041,4970,4.853,-2.523,-1.679,13.85,19.26
10/3/19 1:15,6447,276,115,0.21,0.004,6.505,11.14,1.5,1.004,0.113,0.003,8.13,6.421,1.343,1.004,0.114,0.008,8.75,6.462,1.346,1.01,0.041,4967,4.851,-2.228,-1.549,13.94,19.28
10/3/19 1:30,6448,276,130,0.21,0.003,6.49,11.15,1.5,1.004,0.113,0.003,8.12,6.422,1.343,1.004,0.114,0.008,8.75,6.462,1.346,1.01,0.041,4477,4.372,-1.014,-0.336,14.09,19.31
10/3/19 1:45,6449,276,145,0.21,0.004,6.394,11.14,1.5,1.004,0.113,0.003,8.14,6.422,1.343,1.004,0.114,0.008,8.75,6.463,1.346,1.01,0.041,3262,3.185,-0.321,0.783,14.23,19.33
10/3/19 2:00,6450,276,200,0.21,0.004,6.292,11.14,1.5,1.004,0.113,0.003,8.18,6.422,1.343,1.004,0.114,0.008,8.75,6.465,1.346,1.01,0.041,3577,3.493,0.076,1.372,14.35,19.35
10/3/19 2:15,6451,276,215,0.21,0.004,6.222,11.14,1.5,1.004,0.113,0.002,8.16,6.422,1.343,1.004,0.114,0.008,8.75,6.463,1.346,1.01,0.041,3066,2.994,0.441,1.762,14.46,19.38
10/3/19 2:30,6452,276,230,0.21,0.004,6.133,11.14,1.5,1.005,0.113,0.002,8.17,6.423,1.343,1.004,0.114,0.008,8.75,6.463,1.346,1.01,0.041,3139,3.065,0.463,1.957,14.55,19.39
10/3/19 2:45,6453,276,245,0.209,0.004,6.009,11.11,1.499,1.004,0.113,0.003,8.17,6.422,1.343,1.004,0.114,0.008,8.74,6.463,1.346,1.01,0.041,3380,3.301,0.444,2.043,14.6,19.4
10/3/19 3:00,6454,276,300,0.209,0.003,5.99,11.11,1.499,1.004,0.113,0.003,8.17,6.422,1.343,1.004,0.114,0.008,8.73,6.465,1.346,1.01,0.04,3215,3.139,1.063,2.39,14.62,19.41
10/3/19 3:15,6455,276,315,0.209,0.004,5.924,11.11,1.499,1.004,0.113,0.003,8.2,6.421,1.343,1.004,0.114,0.008,8.75,6.462,1.346,1.01,0.04,3150,3.076,0.778,2.585,14.61,19.4
10/3/19 3:30,6456,276,330,0.209,0.003,5.858,11.11,1.499,1.004,0.113,0.002,8.18,6.424,1.343,1.003,0.114,0.008,8.78,6.462,1.346,1.01,0.04,3389,3.31,0.757,2.525,14.56,19.39
10/3/19 3:45,6457,276,345,0.209,0.004,5.794,11.11,1.499,1.004,0.113,0.003,8.17,6.42,1.343,1.004,0.114,0.008,8.76,6.464,1.346,1.01,0.04,3153,3.079,0.868,2.607,14.49,19.38
10/3/19 4:00,6458,276,400,0.209,0.003,5.717,11.11,1.499,1.004,0.113,0.003,8.18,6.422,1.343,1.004,0.114,0.008,8.73,6.465,1.346,1.01,0.04,3150,3.076,0.421,2.287,14.42,19.37
10/3/19 4:15,6459,276,415,0.209,0.004,5.613,11.11,1.499,1.005,0.113,0.003,8.19,6.422,1.343,1.004,0.114,0.008,8.76,6.462,1.346,1.01,0.04,3237,3.161,0.243,2,14.36,19.36
10/3/19 4:30,6460,276,430,0.209,0.004,5.616,11.1,1.499,1.004,0.113,0.003,8.17,6.422,1.343,1.004,0.114,0.008,8.75,6.464,1.346,1.01,0.04,3180,3.105,0.158,1.821,14.35,19.35
10/3/19 4:45,6461,276,445,0.209,0.003,5.538,11.07,1.498,1.004,0.113,0.003,8.21,6.422,1.343,1.004,0.114,0.008,8.73,6.462,1.346,1.01,0.04,3096,3.023,0.182,1.567,14.34,19.35
10/3/19 5:00,6462,276,500,0.209,0.003,5.495,11.07,1.498,1.004,0.113,0.003,8.2,6.421,1.343,1.004,0.114,0.008,8.75,6.462,1.346,1.01,0.04,3096,3.024,0.063,1.632,14.34,19.35
10/3/19 5:15,6463,276,515,0.209,0.003,5.444,11.07,1.498,1.004,0.113,0.002,8.2,6.423,1.343,1.004,0.114,0.008,8.75,6.464,1.346,1.01,0.04,3223,3.148,-0.004,1.61,14.35,19.35
10/3/19 5:30,6464,276,530,0.209,0.004,5.4,11.07,1.498,1.005,0.113,0.003,8.21,6.422,1.343,1.004,0.114,0.008,8.76,6.462,1.346,1.01,0.04,3096,3.024,-0.147,1.502,14.35,19.35
10/3/19 5:45,6465,276,545,0.209,0.003,5.339,11.07,1.498,1.004,0.113,0.003,8.21,6.422,1.343,1.004,0.114,0.008,8.76,6.463,1.346,1.01,0.04,3090,3.018,-0.175,1.48,14.35,19.35
10/3/19 6:00,6466,276,600,0.209,0.004,5.269,11.07,1.498,1.004,0.113,0.003,8.21,6.422,1.343,1.004,0.114,0.008,8.74,6.463,1.346,1.01,0.04,4343,4.241,-0.444,1.264,14.34,19.35
10/3/19 6:15,6467,276,615,0.209,0.003,5.23,11.07,1.498,1.004,0.113,0.003,8.18,6.42,1.343,1.004,0.114,0.008,8.76,6.465,1.346,1.01,0.04,4852,4.739,-0.726,0.918,14.35,19.36
10/3/19 6:30,6468,276,630,0.209,0.003,5.206,11.07,1.498,1.004,0.113,0.002,8.17,6.423,1.343,1.004,0.114,0.008,8.74,6.464,1.346,1.01,0.04,4380,4.278,-0.807,0.637,14.36,19.36
10/3/19 6:45,6469,276,645,0.208,0.003,5.144,11.03,1.497,1.004,0.113,0.002,8.18,6.423,1.343,1.004,0.114,0.008,8.76,6.466,1.346,1.01,0.039,4843,4.73,-0.907,0.448,14.37,19.36
10/3/19 7:00,6470,276,700,0.208,0.003,5.102,11.04,1.497,1.004,0.113,0.003,8.16,6.421,1.343,1.004,0.114,0.008,8.74,6.463,1.346,1.01,0.039,4597,4.489,-1.226,0.204,14.38,19.36
10/3/19 7:15,6471,276,715,0.208,0.004,5.025,11.03,1.497,1.004,0.113,0.003,8.17,6.421,1.343,1.004,0.114,0.008,8.74,6.462,1.346,1.01,0.039,4968,4.852,-1.12,0.075,14.42,19.37
10/3/19 7:30,6472,276,730,0.208,0.003,5.019,11.04,1.497,1.004,0.113,0.003,8.13,6.422,1.343,1.004,0.114,0.008,8.76,6.462,1.346,1.01,0.039,4744,4.633,-0.801,-0.012,14.47,19.38
10/3/19 7:45,6473,276,745,0.208,0.004,4.967,11.03,1.497,1.004,0.113,0.003,8.14,6.422,1.343,1.004,0.114,0.008,8.71,6.462,1.346,1.01,0.039,2629,2.568,1.536,1.892,14.62,19.4
10/3/19 8:00,6474,276,800,0.208,0.004,4.909,11.03,1.497,1.004,0.113,0.003,8.13,6.42,1.343,1.004,0.114,0.008,8.74,6.463,1.346,1.01,0.039,2596,2.535,3.499,3.345,14.99,19.48
10/3/19 8:15,6475,276,815,0.208,0.003,4.852,11.03,1.497,1.004,0.113,0.003,8.15,6.421,1.343,1.004,0.114,0.008,8.73,6.462,1.346,1.01,0.039,4849,4.736,6.185,5.047,15.29,19.53
10/3/19 8:30,6476,276,830,0.208,0.004,4.806,11.03,1.497,1.004,0.113,0.003,8.12,6.422,1.343,1.004,0.114,0.008,8.74,6.463,1.346,1.01,0.039,4477,4.372,8.23,7.901,15.08,19.49
10/3/19 8:45,6477,276,845,0.208,0.004,4.768,11.03,1.497,1.004,0.113,0.003,8.12,6.423,1.343,1.004,0.114,0.008,8.74,6.464,1.346,1.01,0.039,3132,3.058,10.24,9.74,14.89,19.46
10/3/19 9:00,6478,276,900,0.208,0.004,4.784,11.03,1.496,1.004,0.113,0.003,8.09,6.422,1.343,1.004,0.114,0.008,8.75,6.465,1.346,1.01,0.038,3332,3.254,10.61,10.96,14.63,19.41
10/3/19 9:15,6479,276,915,0.207,0.003,4.731,11,1.495,1.004,0.113,0.002,8.07,6.423,1.343,1.004,0.114,0.008,8.74,6.464,1.346,1.01,0.038,2541,2.482,12.15,11.83,14.39,19.36
10/3/19 9:30,6480,276,930,0.207,0.003,4.756,11,1.495,1.004,0.113,0.003,8.08,6.421,1.343,1.004,0.114,0.007,8.72,6.466,1.346,1.009,0.037,2451,2.394,12.71,11.79,14.16,19.32
10/3/19 9:45,6481,276,945,0.207,0.004,4.79,11,1.495,1.004,0.113,0.003,8.06,6.421,1.343,1.004,0.114,0.008,8.73,6.464,1.346,1.01,0.037,2579,2.518,13.66,12.49,13.88,19.27
10/3/19 10:00,6482,276,1000,0.207,0.003,4.877,11,1.495,1.004,0.113,0.003,8.07,6.421,1.343,1.004,0.114,0.008,8.72,6.464,1.346,1.01,0.037,2314,2.26,12.83,13.25,13.68,19.23
10/3/19 10:15,6483,276,1015,0.207,0.004,4.976,11,1.495,1.004,0.113,0.002,8.07,6.423,1.343,1.004,0.114,0.008,8.74,6.463,1.346,1.01,0.037,2422,2.365,14.5,14.3,13.53,19.2
10/3/19 10:30,6484,276,1030,0.207,0.004,5.068,11,1.495,1.005,0.113,0.003,8.06,6.422,1.343,1.004,0.114,0.007,8.73,6.467,1.346,1.009,0.037,2287,2.234,15.02,13.77,13.3,19.16
10/3/19 10:45,6485,276,1045,0.207,0.003,5.207,11,1.495,1.004,0.113,0.003,8.02,6.423,1.343,1.004,0.114,0.008,8.75,6.463,1.346,1.01,0.037,2276,2.223,14.66,13.38,13.09,19.12
10/3/19 11:00,6486,276,1100,0.207,0.003,5.385,11,1.495,1.004,0.113,0.003,8.04,6.422,1.343,1.004,0.114,0.008,8.74,6.463,1.346,1.01,0.037,2271,2.218,14.27,13.33,12.88,19.08
10/3/19 11:15,6487,276,1115,0.207,0.004,5.555,10.96,1.494,1.004,0.113,0.003,8.02,6.422,1.343,1.004,0.114,0.008,8.74,6.464,1.346,1.01,0.037,2274,2.221,15.4,15.05,12.74,19.05
10/3/19 11:30,6488,276,1130,0.207,0.003,5.766,10.96,1.494,1.004,0.113,0.002,7.987,6.424,1.343,1.003,0.114,0.008,8.74,6.461,1.346,1.011,0.037,2278,2.225,14.67,14.96,12.56,19.02
10/3/19 11:45,6489,276,1145,0.207,0.004,5.951,10.96,1.494,1.004,0.113,0.003,7.999,6.423,1.343,1.004,0.114,0.008,8.74,6.464,1.346,1.01,0.037,2273,2.22,14.27,13.95,12.32,18.97
10/3/19 12:00,6490,276,1200,0.207,0.004,6.277,10.96,1.494,1.004,0.113,0.003,7.984,6.422,1.343,1.004,0.114,0.008,8.74,6.465,1.346,1.01,0.037,2282,2.228,14.62,14.31,12.12,18.94
10/3/19 12:15,6491,276,1215,0.207,0.004,6.516,10.96,1.494,1.004,0.113,0.003,7.998,6.422,1.343,1.004,0.114,0.007,8.7,6.467,1.346,1.009,0.037,2221,2.169,12.79,13.8,11.96,18.91
10/3/19 12:30,6492,276,1230,0.207,0.004,6.809,10.96,1.494,1.004,0.113,0.003,7.932,6.422,1.343,1.004,0.114,0.008,8.73,6.465,1.346,1.01,0.037,2245,2.192,15.08,14.48,11.55,18.83
10/3/19 12:45,6493,276,1245,0.207,0.004,7.092,10.96,1.494,1.004,0.113,0.003,7.958,6.422,1.343,1.004,0.114,0.008,8.74,6.464,1.346,1.01,0.037,2243,2.191,13.59,13.03,11.6,18.84
10/3/19 13:00,6494,276,1300,0.207,0.003,7.425,10.96,1.494,1.004,0.113,0.002,7.939,6.424,1.343,1.003,0.114,0.008,8.72,6.464,1.346,1.01,0.037,2232,2.18,14.61,11.81,11.5,18.82
10/3/19 13:15,6495,276,1315,0.206,0.004,7.731,10.92,1.493,1.004,0.113,0.003,7.944,6.422,1.343,1.004,0.114,0.008,8.75,6.466,1.346,1.01,0.037,2244,2.191,13.24,11.42,11.17,18.76
10/3/19 13:30,6496,276,1330,0.206,0.003,8.08,10.93,1.493,1.003,0.113,0.003,7.931,6.421,1.343,1.004,0.114,0.008,8.71,6.465,1.346,1.01,0.038,2229,2.177,14.42,12.97,11.1,18.74
10/3/19 13:45,6497,276,1345,0.206,0.003,8.27,10.93,1.493,1.004,0.113,0.002,7.905,6.423,1.343,1.004,0.114,0.007,8.7,6.467,1.346,1.009,0.039,2371,2.315,13.93,12.63,11.06,18.74
10/3/19 14:00,6498,276,1400,0.206,0.004,8.46,10.92,1.493,1.004,0.113,0.002,7.925,6.423,1.343,1.004,0.114,0.008,8.7,6.46,1.346,1.011,0.039,2167,2.116,13.69,11.74,11.09,18.74
10/3/19 14:15,6499,276,1415,0.205,0.004,8.67,10.89,1.492,1.005,0.113,0.003,7.901,6.423,1.343,1.004,0.114,0.008,8.71,6.464,1.346,1.01,0.039,2153,2.103,14.14,12.61,11.19,18.76
10/3/19 14:30,6500,276,1430,0.205,0.004,8.79,10.89,1.492,1.005,0.113,0.003,7.899,6.421,1.343,1.004,0.114,0.008,8.69,6.464,1.346,1.01,0.039,2160,2.109,12.96,12.64,11.36,18.79
10/3/19 14:45,6501,276,1445,0.205,0.004,8.88,10.89,1.492,1.004,0.113,0.003,7.908,6.422,1.343,1.004,0.114,0.007,8.7,6.467,1.346,1.009,0.039,2164,2.113,12.99,12.52,11.35,18.79
10/3/19 15:00,6502,276,1500,0.205,0.003,8.93,10.89,1.492,1.004,0.113,0.003,7.885,6.421,1.343,1.004,0.114,0.007,8.7,6.467,1.346,1.009,0.039,2168,2.117,12.21,12.57,11.19,18.76
10/3/19 15:15,6503,276,1515,0.205,0.003,9.02,10.85,1.491,1.004,0.113,0.002,7.875,6.424,1.343,1.003,0.114,0.008,8.69,6.463,1.346,1.01,0.039,2160,2.109,10.85,12.07,11.07,18.74
10/3/19 15:30,6504,276,1530,0.205,0.004,9.12,10.85,1.491,1.004,0.113,0.003,7.914,6.421,1.343,1.004,0.114,0.008,8.71,6.463,1.346,1.01,0.04,2158,2.107,9.96,11.1,10.77,18.68
10/3/19 15:45,6505,276,1545,0.205,0.004,9.27,10.85,1.491,1.005,0.113,0.002,7.886,6.423,1.343,1.004,0.114,0.008,8.67,6.463,1.346,1.01,0.04,2172,2.121,8.58,10.98,10.43,18.62
10/3/19 16:00,6506,276,1600,0.204,0.004,9.37,10.81,1.49,1.005,0.113,0.003,7.883,6.422,1.343,1.004,0.114,0.008,8.67,6.463,1.346,1.01,0.04,2174,2.123,8.57,10.86,10.24,18.58
10/3/19 16:15,6507,276,1615,0.204,0.004,9.52,10.81,1.49,1.004,0.113,0.003,7.885,6.421,1.343,1.004,0.114,0.008,8.66,6.462,1.346,1.01,0.04,2149,2.099,7.958,9.56,10.27,18.59
10/3/19 16:30,6508,276,1630,0.204,0.004,9.64,10.81,1.49,1.004,0.113,0.003,7.899,6.422,1.343,1.004,0.114,0.008,8.67,6.464,1.346,1.01,0.041,2144,2.094,7.456,9.3,10.15,18.56
10/3/19 16:45,6509,276,1645,0.204,0.004,9.74,10.81,1.49,1.004,0.113,0.002,7.879,6.423,1.343,1.003,0.114,0.008,8.67,6.463,1.346,1.01,0.041,2148,2.097,6.737,8.37,10.04,18.54
10/3/19 17:00,6510,276,1700,0.203,0.004,9.82,10.78,1.489,1.005,0.113,0.002,7.902,6.424,1.343,1.003,0.114,0.008,8.66,6.463,1.346,1.01,0.041,2140,2.09,6.163,7.632,9.97,18.53
10/3/19 17:15,6511,276,1715,0.203,0.004,9.82,10.78,1.489,1.004,0.113,0.003,7.921,6.421,1.343,1.004,0.114,0.008,8.64,6.463,1.346,1.01,0.041,2167,2.117,5.692,7.16,9.96,18.53
10/3/19 17:30,6512,276,1730,0.203,0.004,9.85,10.78,1.489,1.004,0.113,0.003,7.915,6.422,1.343,1.004,0.114,0.008,8.65,6.465,1.346,1.01,0.041,2182,2.131,4.776,6.612,9.89,18.51
10/3/19 17:45,6513,276,1745,0.203,0.003,9.83,10.74,1.487,1.004,0.113,0.003,7.91,6.421,1.343,1.004,0.114,0.008,8.65,6.465,1.346,1.01,0.041,2176,2.125,3.977,5.996,9.78,18.49
10/3/19 18:00,6514,276,1800,0.203,0.004,9.78,10.74,1.487,1.005,0.113,0.003,7.948,6.423,1.343,1.004,0.114,0.008,8.65,6.465,1.346,1.01,0.041,2186,2.134,3.8,5.448,9.7,18.48
10/3/19 18:15,6515,276,1815,0.203,0.004,9.73,10.74,1.487,1.005,0.113,0.003,7.945,6.422,1.343,1.004,0.114,0.008,8.66,6.463,1.346,1.01,0.041,2178,2.127,3.198,5.121,9.67,18.47
10/3/19 18:30,6516,276,1830,0.202,0.004,9.67,10.74,1.487,1.005,0.113,0.003,7.949,6.422,1.343,1.004,0.114,0.008,8.64,6.462,1.346,1.01,0.042,2169,2.118,3.021,4.705,9.63,18.47
10/3/19 18:45,6517,276,1845,0.202,0.004,9.57,10.7,1.486,1.005,0.113,0.003,7.975,6.422,1.343,1.004,0.114,0.008,8.64,6.466,1.346,1.01,0.041,2171,2.12,2.662,4.487,9.64,18.47
10/3/19 19:00,6518,276,1900,0.202,0.004,9.48,10.7,1.486,1.004,0.113,0.002,7.995,6.422,1.343,1.004,0.114,0.008,8.64,6.463,1.346,1.01,0.041,2191,2.14,2.917,4.574,9.67,18.47
10/3/19 19:15,6519,276,1915,0.202,0.003,9.4,10.7,1.486,1.004,0.113,0.002,8.01,6.423,1.343,1.003,0.114,0.008,8.64,6.463,1.346,1.01,0.041,2203,2.151,2.401,4.356,9.65,18.47
10/3/19 19:30,6520,276,1930,0.201,0.004,9.29,10.67,1.485,1.005,0.113,0.003,8,6.421,1.343,1.004,0.114,0.008,8.64,6.464,1.346,1.01,0.041,2204,2.152,2.353,4.225,9.62,18.46
10/3/19 19:45,6521,276,1945,0.201,0.004,9.18,10.67,1.485,1.005,0.113,0.003,8.04,6.421,1.343,1.004,0.114,0.007,8.63,6.466,1.346,1.009,0.041,2185,2.134,1.897,3.658,9.55,18.45
10/3/19 20:00,6522,276,2000,0.201,0.004,9.05,10.67,1.485,1.004,0.113,0.003,8.02,6.422,1.343,1.004,0.114,0.008,8.63,6.464,1.346,1.01,0.041,2175,2.124,2.309,3.669,9.55,18.45
10/3/19 20:15,6523,276,2015,0.201,0.003,8.94,10.63,1.484,1.004,0.113,0.002,8.07,6.423,1.343,1.004,0.114,0.008,8.62,6.465,1.346,1.01,0.041,2181,2.13,1.998,3.593,9.57,18.45
10/3/19 20:30,6524,276,2030,0.201,0.004,8.85,10.63,1.484,1.004,0.113,0.003,8.08,6.422,1.343,1.004,0.114,0.008,8.61,6.465,1.346,1.01,0.041,2195,2.143,1.765,3.533,9.57,18.45
10/3/19 20:45,6525,276,2045,0.201,0.003,8.72,10.63,1.484,1.004,0.113,0.002,8.1,6.424,1.343,1.003,0.114,0.008,8.63,6.464,1.346,1.01,0.041,2195,2.143,0.73,2.925,9.52,18.44
10/3/19 21:00,6526,276,2100,0.201,0.004,8.6,10.63,1.484,1.005,0.113,0.003,8.11,6.423,1.343,1.004,0.114,0.008,8.62,6.462,1.346,1.01,0.041,2200,2.149,-0.297,1.923,9.42,18.43
10/3/19 21:15,6527,276,2115,0.2,0.004,8.46,10.63,1.484,1.005,0.113,0.003,8.11,6.422,1.343,1.004,0.114,0.007,8.63,6.466,1.346,1.009,0.041,2198,2.147,-0.59,1.231,9.41,18.42
10/3/19 21:30,6528,276,2130,0.2,0.004,8.37,10.6,1.483,1.005,0.113,0.003,8.14,6.422,1.343,1.004,0.114,0.008,8.63,6.463,1.346,1.01,0.041,2195,2.143,-0.799,0.734,9.42,18.42
10/3/19 21:45,6529,276,2145,0.2,0.004,8.26,10.6,1.483,1.004,0.113,0.002,8.16,6.423,1.343,1.004,0.114,0.008,8.61,6.464,1.346,1.01,0.041,2205,2.153,-1.147,0.277,9.48,18.44
10/3/19 22:00,6530,276,2200,0.2,0.004,8.14,10.6,1.483,1.005,0.113,0.003,8.18,6.422,1.343,1.004,0.114,0.008,8.63,6.463,1.346,1.01,0.041,2193,2.141,-1.52,-0.171,9.56,18.45
10/3/19 22:15,6531,276,2215,0.2,0.004,8.03,10.6,1.483,1.005,0.113,0.003,8.18,6.42,1.343,1.004,0.114,0.008,8.62,6.463,1.346,1.01,0.041,2135,2.085,-0.791,0.177,9.7,18.48
10/3/19 22:30,6532,276,2230,0.2,0.003,7.89,10.6,1.483,1.004,0.113,0.003,8.19,6.422,1.343,1.004,0.114,0.007,8.63,6.466,1.346,1.01,0.041,2128,2.078,0.053,0.698,9.88,18.51
10/3/19 22:45,6533,276,2245,0.2,0.003,7.813,10.6,1.483,1.004,0.113,0.002,8.22,6.423,1.343,1.004,0.114,0.007,8.61,6.466,1.346,1.01,0.041,2164,2.113,-0.042,1.238,10.04,18.54
10/3/19 23:00,6534,276,2300,0.2,0.003,7.713,10.6,1.483,1.004,0.113,0.003,8.23,6.422,1.343,1.004,0.114,0.008,8.62,6.465,1.346,1.01,0.041,2134,2.084,0.316,1.694,10.13,18.56
10/3/19 23:15,6535,276,2315,0.199,0.004,7.581,10.56,1.482,1.004,0.113,0.003,8.24,6.423,1.343,1.004,0.114,0.008,8.66,6.463,1.346,1.01,0.04,2133,2.083,0.367,1.744,10.18,18.57
10/3/19 23:30,6536,276,2330,0.199,0.003,7.49,10.56,1.482,1.004,0.113,0.003,8.26,6.422,1.343,1.004,0.114,0.008,8.63,6.464,1.346,1.01,0.04,2151,2.101,0.122,1.707,10.27,18.59
10/3/19 23:45,6537,276,2345,0.199,0.003,7.384,10.56,1.482,1.004,0.113,0.002,8.26,6.422,1.343,1.004,0.114,0.008,8.6,6.464,1.346,1.01,0.04,2153,2.103,0.267,1.512,10.29,18.59
10/4/19 0:00,6538,277,0,0.199,0.003,7.252,10.56,1.482,1.004,0.113,0.002,8.29,6.423,1.343,1.004,0.114,0.008,8.62,6.463,1.346,1.01,0.04,2184,2.133,0.157,1.285,10.34,18.6
10/4/19 0:15,6539,277,15,0.199,0.004,7.196,10.56,1.482,1.004,0.113,0.003,8.29,6.421,1.343,1.004,0.114,0.008,8.62,6.461,1.346,1.01,0.04,2133,2.083,0.92,2.021,10.51,18.63
10/4/19 0:30,6540,277,30,0.199,0.003,7.074,10.56,1.482,1.004,0.113,0.003,8.31,6.422,1.343,1.004,0.114,0.008,8.61,6.465,1.346,1.01,0.04,2126,2.076,0.731,2.211,10.58,18.64
10/4/19 0:45,6541,277,45,0.199,0.004,7.019,10.56,1.482,1.004,0.113,0.003,8.31,6.422,1.343,1.004,0.114,0.008,8.62,6.465,1.346,1.01,0.04,2129,2.079,1.143,2.563,10.65,18.66
10/4/19 1:00,6542,277,100,0.199,0.004,6.93,10.56,1.482,1.004,0.113,0.003,8.31,6.422,1.343,1.004,0.114,0.008,8.59,6.463,1.346,1.01,0.04,2126,2.076,1.079,2.378,10.69,18.67
10/4/19 1:15,6543,277,115,0.198,0.004,6.846,10.52,1.481,1.005,0.113,0.003,8.35,6.42,1.343,1.004,0.114,0.008,8.63,6.462,1.346,1.01,0.04,2122,2.073,0.952,2.325,10.73,18.67
10/4/19 1:30,6544,277,130,0.198,0.003,6.784,10.53,1.481,1.004,0.113,0.003,8.33,6.421,1.343,1.004,0.114,0.008,8.6,6.464,1.346,1.01,0.04,2122,2.072,0.748,2.195,10.78,18.68
10/4/19 1:45,6545,277,145,0.198,0.003,6.644,10.53,1.481,1.004,0.113,0.003,8.33,6.423,1.343,1.004,0.114,0.008,8.61,6.464,1.346,1.01,0.04,2122,2.073,1.013,2.124,10.85,18.7
10/4/19 2:00,6546,277,200,0.198,0.003,6.583,10.53,1.481,1.004,0.113,0.002,8.34,6.423,1.343,1.004,0.114,0.008,8.64,6.463,1.346,1.01,0.04,2139,2.089,0.931,2.281,10.91,18.71
10/4/19 2:15,6547,277,215,0.198,0.003,6.53,10.53,1.481,1.004,0.113,0.002,8.37,6.424,1.343,1.003,0.114,0.008,8.65,6.463,1.346,1.01,0.04,2136,2.086,0.776,2.217,10.96,18.72
10/4/19 2:30,6548,277,230,0.198,0.004,6.406,10.53,1.481,1.004,0.113,0.003,8.35,6.421,1.343,1.004,0.114,0.008,8.64,6.463,1.346,1.01,0.04,2155,2.104,0.495,2.043,10.97,18.72
10/4/19 2:45,6549,277,245,0.198,0.003,6.376,10.52,1.481,1.004,0.113,0.003,8.33,6.422,1.343,1.004,0.114,0.008,8.64,6.465,1.346,1.01,0.04,2153,2.102,0.667,2.108,11.02,18.73
10/4/19 3:00,6550,277,300,0.198,0.003,6.27,10.49,1.479,1.004,0.113,0.002,8.33,6.423,1.343,1.004,0.114,0.008,8.62,6.464,1.346,1.01,0.04,2132,2.082,0.456,1.805,11,18.72
10/4/19 3:15,6551,277,315,0.198,0.003,6.226,10.49,1.479,1.004,0.113,0.003,8.34,6.423,1.343,1.004,0.114,0.008,8.64,6.463,1.346,1.01,0.04,2157,2.106,0.198,1.783,11.05,18.73
10/4/19 3:30,6552,277,330,0.198,0.003,6.145,10.49,1.479,1.004,0.113,0.003,8.36,6.421,1.343,1.004,0.114,0.008,8.65,6.463,1.346,1.01,0.04,2085,2.037,0.102,1.632,11.07,18.74
10/4/19 3:45,6553,277,345,0.198,0.003,6.066,10.49,1.479,1.004,0.113,0.003,8.36,6.422,1.343,1.004,0.114,0.008,8.65,6.465,1.346,1.01,0.04,2075,2.026,-0.736,1.199,11.05,18.73
10/4/19 4:00,6554,277,400,0.198,0.003,6.009,10.49,1.479,1.004,0.113,0.002,8.36,6.423,1.343,1.004,0.114,0.008,8.65,6.464,1.346,1.01,0.04,2090,2.041,-0.76,0.722,11,18.72
10/4/19 4:15,6555,277,415,0.198,0.003,5.959,10.49,1.479,1.004,0.113,0.003,8.37,6.421,1.343,1.004,0.114,0.008,8.64,6.463,1.346,1.01,0.04,2095,2.046,-1.192,0.507,11.05,18.73
10/4/19 4:30,6556,277,430,0.198,0.003,5.879,10.49,1.479,1.004,0.113,0.002,8.34,6.422,1.343,1.004,0.114,0.008,8.65,6.463,1.346,1.01,0.04,2100,2.051,-1.149,0.399,11.11,18.74
10/4/19 4:45,6557,277,445,0.198,0.003,5.856,10.49,1.479,1.004,0.113,0.002,8.31,6.424,1.343,1.003,0.114,0.008,8.65,6.462,1.346,1.01,0.04,2120,2.07,-0.983,0.356,11.15,18.75
10/4/19 5:00,6558,277,500,0.198,0.004,5.794,10.49,1.479,1.004,0.113,0.002,8.33,6.423,1.343,1.004,0.114,0.008,8.65,6.464,1.346,1.01,0.04,2105,2.056,-0.729,0.513,11.2,18.76
10/4/19 5:15,6559,277,515,0.197,0.003,5.719,10.45,1.478,1.004,0.113,0.003,8.32,6.422,1.343,1.004,0.114,0.008,8.63,6.463,1.346,1.01,0.04,2100,2.051,-0.779,0.486,11.24,18.77
10/4/19 5:30,6560,277,530,0.197,0.003,5.639,10.45,1.478,1.004,0.113,0.002,8.3,6.423,1.343,1.004,0.114,0.008,8.65,6.466,1.346,1.01,0.04,2112,2.062,-1.328,0.507,11.21,18.76
10/4/19 5:45,6561,277,545,0.197,0.004,5.575,10.45,1.478,1.005,0.113,0.003,8.32,6.422,1.343,1.004,0.114,0.008,8.65,6.464,1.346,1.01,0.04,2125,2.075,-2.137,-0.163,11.08,18.74
10/4/19 6:00,6562,277,600,0.197,0.003,5.516,10.45,1.478,1.004,0.113,0.003,8.29,6.421,1.343,1.004,0.114,0.008,8.64,6.465,1.346,1.01,0.04,2121,2.072,-1.894,-0.677,11.04,18.73
10/4/19 6:15,6563,277,615,0.197,0.003,5.507,10.45,1.478,1.004,0.113,0.002,8.32,6.423,1.343,1.004,0.114,0.008,8.65,6.464,1.346,1.01,0.04,2114,2.065,-1.774,-0.574,11.16,18.75
10/4/19 6:30,6564,277,630,0.197,0.003,5.338,10.45,1.478,1.004,0.113,0.002,8.29,6.423,1.343,1.004,0.114,0.008,8.64,6.466,1.346,1.01,0.04,2056,2.008,-1.606,-0.379,11.29,18.78
10/4/19 6:45,6565,277,645,0.197,0.003,5.331,10.46,1.478,1.004,0.113,0.003,8.31,6.421,1.343,1.004,0.114,0.008,8.67,6.465,1.346,1.01,0.04,2038,1.991,-1.905,-0.423,11.3,18.78
10/4/19 7:00,6566,277,700,0.197,0.003,5.267,10.45,1.478,1.004,0.113,0.003,8.29,6.42,1.343,1.004,0.114,0.008,8.66,6.465,1.346,1.01,0.04,2031,1.983,-2.242,-0.655,11.24,18.77
10/4/19 7:15,6567,277,715,0.197,0.003,5.21,10.45,1.478,1.004,0.113,0.003,8.29,6.422,1.343,1.004,0.114,0.007,8.64,6.466,1.346,1.01,0.04,2046,1.998,-2.455,-1.007,11.16,18.76
10/4/19 7:30,6568,277,730,0.196,0.003,5.19,10.42,1.477,1.004,0.113,0.003,8.27,6.422,1.343,1.004,0.114,0.008,8.65,6.463,1.346,1.01,0.04,2068,2.019,-2.101,-1.029,11.2,18.76
10/4/19 7:45,6569,277,745,0.196,0.003,5.111,10.42,1.477,1.004,0.113,0.003,8.28,6.42,1.343,1.004,0.114,0.008,8.65,6.465,1.346,1.01,0.04,2075,2.027,-0.554,0.161,11.37,18.79
10/4/19 8:00,6570,277,800,0.196,0.003,5.029,10.42,1.477,1.004,0.113,0.003,8.25,6.421,1.343,1.004,0.114,0.008,8.64,6.463,1.346,1.01,0.04,2061,2.012,1.325,0.875,11.81,18.88
10/4/19 8:15,6571,277,815,0.196,0.003,4.958,10.42,1.477,1.004,0.113,0.003,8.26,6.422,1.343,1.004,0.114,0.008,8.65,6.464,1.346,1.01,0.04,2087,2.038,2.017,1.87,12.2,18.95
10/4/19 8:30,6572,277,830,0.196,0.003,4.948,10.42,1.477,1.004,0.113,0.003,8.23,6.422,1.343,1.004,0.114,0.008,8.63,6.465,1.346,1.01,0.039,2095,2.046,5.508,4.238,12.1,18.93
10/4/19 8:45,6573,277,845,0.196,0.003,4.884,10.42,1.477,1.003,0.113,0.002,8.23,6.423,1.343,1.004,0.114,0.008,8.66,6.465,1.346,1.01,0.039,2093,2.044,7.611,6.146,12.32,18.97
10/4/19 9:00,6574,277,900,0.196,0.003,4.83,10.42,1.477,1.003,0.113,0.002,8.23,6.423,1.343,1.004,0.114,0.008,8.65,6.463,1.346,1.01,0.039,2090,2.041,9.47,8.01,12.34,18.98
10/4/19 9:15,6575,277,915,0.196,0.003,4.825,10.42,1.477,1.004,0.113,0.003,8.21,6.422,1.343,1.004,0.114,0.008,8.67,6.464,1.346,1.01,0.038,2088,2.039,10.22,8.99,12.3,18.97
10/4/19 9:30,6576,277,930,0.196,0.003,4.797,10.42,1.477,1.004,0.113,0.003,8.2,6.422,1.343,1.004,0.114,0.007,8.63,6.466,1.346,1.01,0.038,2257,2.204,10.66,9.01,12.24,18.96
10/4/19 9:45,6577,277,945,0.196,0.003,4.803,10.42,1.477,1.004,0.113,0.003,8.19,6.422,1.343,1.004,0.114,0.008,8.64,6.463,1.346,1.01,0.038,2100,2.051,11.01,10.15,12.04,18.92
10/4/19 10:00,6578,277,1000,0.196,0.004,4.849,10.38,1.476,1.005,0.113,0.003,8.16,6.421,1.343,1.004,0.114,0.007,8.63,6.466,1.346,1.01,0.038,2097,2.048,12.3,10.76,11.95,18.9
10/4/19 10:15,6579,277,1015,0.196,0.003,4.91,10.38,1.476,1.004,0.113,0.003,8.18,6.422,1.343,1.004,0.114,0.007,8.68,6.467,1.346,1.009,0.038,2104,2.055,11.55,10.88,11.85,18.89
10/4/19 10:30,6580,277,1030,0.196,0.004,5.093,10.38,1.476,1.005,0.113,0.003,8.15,6.42,1.343,1.004,0.114,0.007,8.66,6.469,1.346,1.009,0.038,2107,2.057,12.55,12.37,11.82,18.88
10/4/19 10:45,6581,277,1045,0.196,0.004,5.191,10.38,1.476,1.004,0.113,0.002,8.11,6.423,1.343,1.004,0.114,0.007,8.65,6.466,1.346,1.01,0.037,2116,2.066,12.61,11.4,11.63,18.84
10/4/19 11:00,6582,277,1100,0.196,0.003,5.314,10.38,1.476,1.004,0.113,0.002,8.14,6.423,1.343,1.004,0.114,0.008,8.65,6.462,1.346,1.01,0.037,2462,2.404,12.57,11.3,11.57,18.83
10/4/19 11:15,6583,277,1115,0.196,0.003,5.508,10.38,1.476,1.004,0.113,0.003,8.12,6.421,1.343,1.004,0.114,0.008,8.65,6.462,1.346,1.01,0.037,2127,2.078,13.6,12.74,11.53,18.83
10/4/19 11:30,6584,277,1130,0.196,0.004,5.707,10.38,1.476,1.005,0.113,0.002,8.12,6.423,1.343,1.003,0.114,0.008,8.65,6.464,1.346,1.01,0.037,2117,2.068,13.84,12.66,11.39,18.8
10/4/19 11:45,6585,277,1145,0.195,0.003,5.952,10.35,1.475,1.004,0.113,0.002,8.12,6.424,1.343,1.003,0.114,0.008,8.63,6.462,1.346,1.01,0.037,2087,2.038,13.26,12.78,11.3,18.78
10/4/19 12:00,6586,277,1200,0.195,0.003,6.221,10.35,1.475,1.004,0.113,0.003,8.08,6.422,1.343,1.004,0.114,0.008,8.64,6.463,1.346,1.01,0.037,2115,2.066,12.99,13.29,11.25,18.77
10/4/19 12:15,6587,277,1215,0.195,0.003,6.512,10.35,1.475,1.004,0.113,0.003,8.08,6.422,1.343,1.004,0.114,0.008,8.62,6.462,1.346,1.01,0.037,2106,2.056,12.84,13.48,11.09,18.74
10/4/19 12:30,6588,277,1230,0.195,0.003,6.832,10.35,1.475,1.004,0.113,0.002,8.05,6.424,1.343,1.003,0.114,0.008,8.65,6.465,1.346,1.01,0.037,2074,2.025,12.8,12.74,10.58,18.64
10/4/19 12:45,6589,277,1245,0.195,0.004,7.139,10.35,1.475,1.004,0.113,0.002,8.06,6.423,1.343,1.004,0.114,0.008,8.64,6.464,1.346,1.01,0.037,2077,2.028,13.83,12.67,10.74,18.68
10/4/19 13:00,6590,277,1300,0.195,0.004,7.47,10.35,1.475,1.004,0.113,0.003,8.06,6.421,1.343,1.004,0.114,0.008,8.62,6.464,1.346,1.01,0.037,2093,2.044,13.15,11.03,10.69,18.67
10/4/19 13:15,6591,277,1315,0.195,0.004,7.776,10.35,1.475,1.004,0.113,0.003,8.05,6.422,1.343,1.004,0.114,0.008,8.64,6.463,1.346,1.01,0.038,2077,2.028,13.91,11.44,10.33,18.6
10/4/19 13:30,6592,277,1330,0.195,0.003,8.09,10.35,1.475,1.004,0.113,0.003,8.03,6.422,1.343,1.004,0.114,0.008,8.64,6.465,1.346,1.01,0.038,2102,2.053,13.79,12.79,10.25,18.58
10/4/19 13:45,6593,277,1345,0.195,0.003,8.33,10.34,1.475,1.004,0.113,0.002,8.02,6.423,1.343,1.004,0.114,0.008,8.62,6.465,1.346,1.01,0.039,2107,2.058,14.93,13.76,10.17,18.57
10/4/19 14:00,6594,277,1400,0.194,0.004,8.56,10.31,1.474,1.005,0.113,0.003,7.992,6.422,1.343,1.004,0.114,0.008,8.65,6.462,1.346,1.01,0.039,2074,2.026,13.99,13.3,10.22,18.58
10/4/19 14:15,6595,277,1415,0.194,0.003,8.78,10.31,1.474,1.004,0.113,0.003,7.956,6.422,1.343,1.004,0.114,0.008,8.65,6.462,1.346,1.01,0.039,2075,2.026,13.7,13.9,10.33,18.6
10/4/19 14:30,6596,277,1430,0.194,0.003,8.94,10.31,1.474,1.003,0.113,0.003,7.944,6.421,1.343,1.004,0.114,0.008,8.64,6.465,1.346,1.01,0.04,2075,2.027,13.31,13.79,10.54,18.64
10/4/19 14:45,6597,277,1445,0.194,0.004,9.06,10.31,1.474,1.004,0.113,0.003,7.969,6.421,1.343,1.004,0.114,0.007,8.63,6.466,1.346,1.009,0.039,2069,2.02,13.01,13.62,10.48,18.63
10/4/19 15:00,6598,277,1500,0.194,0.003,9.15,10.28,1.473,1.004,0.113,0.003,7.937,6.422,1.343,1.004,0.114,0.008,8.62,6.464,1.346,1.01,0.039,2089,2.04,13.57,15.25,10.38,18.61
10/4/19 15:15,6599,277,1515,0.194,0.004,9.23,10.27,1.473,1.004,0.113,0.002,7.948,6.424,1.343,1.003,0.114,0.008,8.63,6.464,1.346,1.01,0.039,2085,2.036,13.61,16.16,10.26,18.58
10/4/19 15:30,6600,277,1530,0.194,0.003,9.32,10.28,1.473,1.004,0.113,0.003,7.948,6.422,1.343,1.004,0.114,0.008,8.61,6.463,1.346,1.01,0.04,2112,2.063,12.63,15.12,10.06,18.55
10/4/19 15:45,6601,277,1545,0.194,0.003,9.44,10.27,1.473,1.004,0.113,0.003,7.947,6.423,1.343,1.004,0.114,0.008,8.59,6.461,1.346,1.011,0.04,2080,2.032,11.82,14.67,9.67,18.47
10/4/19 16:00,6602,277,1600,0.193,0.003,9.6,10.24,1.472,1.004,0.113,0.002,7.972,6.423,1.343,1.004,0.114,0.008,8.58,6.465,1.346,1.01,0.04,2084,2.035,11.36,15.13,9.47,18.44
10/4/19 16:15,6603,277,1615,0.193,0.004,9.73,10.24,1.472,1.005,0.113,0.002,7.946,6.423,1.343,1.003,0.114,0.008,8.6,6.466,1.346,1.01,0.04,2079,2.03,10.6,13.11,9.51,18.44
10/4/19 16:30,6604,277,1630,0.193,0.003,9.89,10.24,1.472,1.004,0.113,0.003,7.929,6.422,1.343,1.004,0.114,0.008,8.58,6.465,1.346,1.01,0.04,2045,1.997,10.1,12.1,9.43,18.43
10/4/19 16:45,6605,277,1645,0.193,0.004,10.01,10.24,1.472,1.005,0.113,0.003,7.957,6.422,1.343,1.004,0.114,0.008,8.6,6.461,1.346,1.011,0.041,2034,1.986,9.27,11.25,9.36,18.41
10/4/19 17:00,6606,277,1700,0.192,0.003,10.1,10.21,1.47,1.004,0.113,0.003,7.96,6.421,1.343,1.004,0.114,0.008,8.58,6.465,1.346,1.01,0.041,2039,1.992,8.49,10.33,9.32,18.41
10/4/19 17:15,6607,277,1715,0.192,0.003,10.17,10.2,1.47,1.004,0.113,0.003,7.923,6.422,1.343,1.004,0.114,0.008,8.58,6.464,1.346,1.01,0.041,2031,1.983,7.702,9.55,9.32,18.41
10/4/19 17:30,6608,277,1730,0.192,0.004,10.18,10.2,1.47,1.004,0.113,0.003,7.946,6.422,1.343,1.004,0.114,0.008,8.59,6.461,1.346,1.01,0.041,2088,2.039,7.285,8.69,9.36,18.41
10/4/19 17:45,6609,277,1745,0.192,0.004,10.18,10.2,1.47,1.004,0.113,0.003,7.967,6.421,1.343,1.004,0.114,0.008,8.6,6.464,1.346,1.01,0.041,2071,2.022,6.256,7.8,9.4,18.42
10/4/19 18:00,6610,277,1800,0.192,0.004,10.17,10.2,1.47,1.005,0.113,0.003,7.992,6.421,1.343,1.004,0.114,0.008,8.57,6.466,1.346,1.01,0.041,2057,2.009,4.981,6.722,9.38,18.42
10/4/19 18:15,6611,277,1815,0.192,0.004,10.13,10.17,1.469,1.004,0.113,0.003,8,6.42,1.343,1.004,0.114,0.008,8.59,6.463,1.346,1.01,0.041,2065,2.017,4.055,5.663,9.4,18.42
10/4/19 18:30,6612,277,1830,0.192,0.004,10.1,10.17,1.469,1.004,0.113,0.002,7.99,6.424,1.343,1.003,0.114,0.008,8.56,6.464,1.346,1.01,0.041,2065,2.016,3.123,4.657,9.42,18.43
10/4/19 18:45,6613,277,1845,0.192,0.004,10.03,10.17,1.469,1.004,0.113,0.003,8.01,6.421,1.343,1.004,0.114,0.008,8.56,6.463,1.346,1.01,0.041,2053,2.004,2.522,3.809,9.46,18.43
10/4/19 19:00,6614,277,1900,0.191,0.003,9.97,10.14,1.468,1.004,0.113,0.002,8.01,6.422,1.343,1.004,0.114,0.007,8.55,6.466,1.346,1.01,0.041,2053,2.005,1.805,3.158,9.51,18.44
10/4/19 19:15,6615,277,1915,0.191,0.003,9.91,10.13,1.468,1.004,0.113,0.002,8.04,6.423,1.343,1.003,0.114,0.008,8.55,6.462,1.346,1.01,0.041,2026,1.978,1.15,2.442,9.54,18.45
10/4/19 19:30,6616,277,1930,0.191,0.004,9.82,10.13,1.468,1.004,0.113,0.003,8.05,6.422,1.343,1.004,0.114,0.008,8.56,6.465,1.346,1.01,0.041,2057,2.009,0.689,1.869,9.6,18.46
10/4/19 19:45,6617,277,1945,0.191,0.004,9.73,10.13,1.468,1.004,0.113,0.003,8.06,6.42,1.343,1.004,0.114,0.008,8.54,6.464,1.346,1.01,0.041,2048,2,0.277,1.382,9.66,18.47
10/4/19 20:00,6618,277,2000,0.191,0.004,9.63,10.13,1.468,1.004,0.113,0.003,8.08,6.421,1.343,1.004,0.114,0.008,8.56,6.463,1.346,1.01,0.041,2019,1.971,-0.071,0.993,9.7,18.48
10/4/19 20:15,6619,277,2015,0.19,0.004,9.55,10.1,1.467,1.004,0.113,0.003,8.12,6.421,1.343,1.004,0.114,0.008,8.55,6.465,1.346,1.01,0.041,2020,1.973,-0.398,0.701,9.77,18.49
10/4/19 20:30,6620,277,2030,0.19,0.004,9.42,10.09,1.467,1.005,0.113,0.003,8.14,6.422,1.343,1.004,0.114,0.008,8.53,6.462,1.346,1.01,0.041,2027,1.979,-0.613,0.387,9.85,18.51
10/4/19 20:45,6621,277,2045,0.19,0.004,9.36,10.1,1.467,1.005,0.113,0.002,8.12,6.423,1.343,1.004,0.114,0.008,8.54,6.464,1.346,1.01,0.041,2041,1.993,-0.723,0.171,9.92,18.52
10/4/19 21:00,6622,277,2100,0.19,0.004,9.22,10.1,1.467,1.005,0.113,0.003,8.14,6.422,1.343,1.004,0.114,0.008,8.54,6.465,1.346,1.01,0.041,2017,1.969,-0.984,-0.11,10,18.54
10/4/19 21:15,6623,277,2115,0.19,0.004,9.1,10.09,1.467,1.004,0.113,0.003,8.17,6.422,1.343,1.004,0.114,0.007,8.55,6.466,1.346,1.01,0.041,2003,1.956,-1.228,-0.369,10.07,18.55
10/4/19 21:30,6624,277,2130,0.19,0.004,8.96,10.06,1.466,1.005,0.113,0.002,8.18,6.422,1.343,1.004,0.114,0.008,8.53,6.465,1.346,1.01,0.041,2025,1.978,-1.352,-0.499,10.14,18.56
10/4/19 21:45,6625,277,2145,0.19,0.003,8.86,10.06,1.466,1.003,0.113,0.002,8.21,6.423,1.343,1.004,0.114,0.008,8.55,6.464,1.346,1.01,0.041,2019,1.971,-1.536,-0.692,10.22,18.58
10/4/19 22:00,6626,277,2200,0.19,0.003,8.73,10.06,1.466,1.004,0.113,0.003,8.2,6.421,1.343,1.004,0.114,0.008,8.54,6.464,1.346,1.01,0.041,2004,1.957,-1.761,-0.939,10.28,18.59
10/4/19 22:15,6627,277,2215,0.19,0.003,8.63,10.06,1.466,1.004,0.113,0.002,8.21,6.423,1.343,1.004,0.114,0.008,8.54,6.461,1.346,1.01,0.041,1993,1.947,-1.893,-1.171,10.32,18.6
10/4/19 22:30,6628,277,2230,0.19,0.003,8.54,10.06,1.466,1.003,0.113,0.002,8.24,6.423,1.343,1.004,0.114,0.008,8.54,6.464,1.346,1.01,0.041,1984,1.938,-2.026,-1.337,10.4,18.61
10/4/19 22:45,6629,277,2245,0.19,0.004,8.41,10.06,1.466,1.005,0.113,0.003,8.23,6.421,1.343,1.004,0.114,0.008,8.54,6.464,1.346,1.01,0.041,1995,1.948,-2.193,-1.553,10.45,18.62
10/4/19 23:00,6630,277,2300,0.19,0.003,8.28,10.06,1.466,1.004,0.113,0.003,8.29,6.422,1.343,1.004,0.114,0.008,8.54,6.462,1.346,1.01,0.041,1988,1.942,-2.302,-1.725,10.54,18.64
10/4/19 23:15,6631,277,2315,0.19,0.003,8.17,10.06,1.466,1.004,0.113,0.003,8.31,6.422,1.343,1.004,0.114,0.008,8.53,6.463,1.346,1.01,0.041,1992,1.945,-2.397,-1.875,10.63,18.65
10/4/19 23:30,6632,277,2330,0.189,0.003,8.07,10.06,1.466,1.004,0.113,0.002,8.29,6.423,1.343,1.004,0.114,0.008,8.53,6.464,1.346,1.01,0.04,1972,1.926,-1.966,-1.593,10.75,18.68
10/4/19 23:45,6633,277,2345,0.189,0.003,7.946,10.03,1.465,1.004,0.113,0.003,8.33,6.422,1.343,1.004,0.114,0.008,8.54,6.464,1.346,1.01,0.04,1975,1.929,-1.936,-1.343,10.9,18.71
10/5/19 0:00,6634,278,0,0.189,0.004,7.834,10.03,1.465,1.004,0.113,0.002,8.33,6.424,1.343,1.003,0.114,0.008,8.54,6.465,1.346,1.01,0.04,1993,1.946,-2.133,-1.37,10.98,18.72
10/5/19 0:15,6635,278,15,0.189,0.004,7.756,10.03,1.465,1.004,0.113,0.003,8.33,6.421,1.343,1.004,0.114,0.008,8.54,6.462,1.346,1.01,0.04,2006,1.959,-2.41,-1.657,10.99,18.72
10/5/19 0:30,6636,278,30,0.189,0.003,7.68,10.03,1.465,1.003,0.113,0.003,8.36,6.421,1.343,1.004,0.114,0.008,8.53,6.463,1.346,1.01,0.04,2010,1.963,-2.405,-1.691,11.11,18.74
10/5/19 0:45,6637,278,45,0.189,0.003,7.525,10.03,1.465,1.003,0.113,0.002,8.37,6.423,1.343,1.004,0.114,0.008,8.52,6.462,1.346,1.01,0.04,2011,1.964,-2.468,-1.799,11.21,18.76
10/5/19 1:00,6638,278,100,0.189,0.003,7.431,10.03,1.465,1.003,0.113,0.002,8.39,6.423,1.343,1.004,0.114,0.008,8.53,6.464,1.346,1.01,0.04,2014,1.967,-2.289,-1.723,11.32,18.78
10/5/19 1:15,6639,278,115,0.189,0.003,7.333,10.03,1.465,1.004,0.113,0.003,8.39,6.423,1.343,1.004,0.114,0.008,8.55,6.464,1.346,1.01,0.04,2013,1.965,-2.281,-1.636,11.43,18.81
10/5/19 1:30,6640,278,130,0.189,0.003,7.219,10.03,1.465,1.004,0.113,0.003,8.39,6.421,1.343,1.004,0.114,0.008,8.54,6.464,1.346,1.01,0.04,2041,1.993,-2.597,-1.809,11.5,18.82
10/5/19 1:45,6641,278,145,0.189,0.003,7.162,10.03,1.465,1.004,0.113,0.003,8.42,6.422,1.343,1.004,0.114,0.008,8.56,6.465,1.346,1.01,0.04,2038,1.991,-2.571,-2.026,11.56,18.83
10/5/19 2:00,6642,278,200,0.188,0.003,7.051,9.99,1.464,1.004,0.113,0.003,8.4,6.421,1.343,1.004,0.114,0.007,8.54,6.466,1.346,1.009,0.04,2035,1.987,-2.385,-1.858,11.71,18.86
10/5/19 2:15,6643,278,215,0.188,0.003,6.956,9.99,1.464,1.004,0.113,0.003,8.43,6.421,1.343,1.004,0.114,0.008,8.53,6.461,1.346,1.01,0.04,2018,1.97,-2.439,-1.787,11.79,18.87
10/5/19 2:30,6644,278,230,0.188,0.003,6.85,9.99,1.464,1.004,0.113,0.003,8.42,6.42,1.343,1.004,0.114,0.008,8.55,6.463,1.346,1.01,0.04,2008,1.961,-2.361,-1.766,11.9,18.89
10/5/19 2:45,6645,278,245,0.188,0.004,6.721,9.99,1.464,1.004,0.113,0.003,8.44,6.422,1.343,1.004,0.114,0.008,8.56,6.465,1.346,1.01,0.04,2005,1.958,-2.531,-1.76,11.99,18.91
10/5/19 3:00,6646,278,300,0.188,0.003,6.696,9.99,1.464,1.004,0.113,0.003,8.42,6.421,1.343,1.004,0.114,0.008,8.56,6.465,1.346,1.01,0.04,2024,1.977,-2.791,-1.928,12.05,18.92
10/5/19 3:15,6647,278,315,0.188,0.003,6.641,9.99,1.464,1.004,0.113,0.003,8.45,6.422,1.343,1.004,0.114,0.008,8.56,6.463,1.346,1.01,0.04,2011,1.964,-2.925,-2.135,12.06,18.92
10/5/19 3:30,6648,278,330,0.188,0.003,6.494,9.99,1.464,1.004,0.113,0.003,8.42,6.422,1.343,1.004,0.114,0.007,8.56,6.467,1.346,1.009,0.04,2012,1.965,-3.054,-2.298,12.08,18.93
10/5/19 3:45,6649,278,345,0.188,0.003,6.412,9.99,1.464,1.004,0.113,0.002,8.44,6.423,1.343,1.003,0.114,0.008,8.54,6.465,1.346,1.01,0.04,1976,1.929,-3.163,-2.428,12.09,18.93
10/5/19 4:00,6650,278,400,0.188,0.003,6.354,9.99,1.464,1.004,0.113,0.003,8.44,6.422,1.343,1.004,0.114,0.008,8.52,6.465,1.346,1.01,0.04,1981,1.934,-3.273,-2.526,12.12,18.94
10/5/19 4:15,6651,278,415,0.188,0.003,6.278,9.96,1.463,1.004,0.113,0.003,8.42,6.422,1.343,1.004,0.114,0.008,8.57,6.463,1.346,1.01,0.04,1972,1.926,-3.403,-2.678,12.14,18.94
10/5/19 4:30,6652,278,430,0.188,0.003,6.225,9.96,1.463,1.004,0.113,0.003,8.41,6.422,1.343,1.004,0.114,0.008,8.56,6.464,1.346,1.01,0.04,1982,1.935,-3.523,-2.809,12.18,18.95
10/5/19 4:45,6653,278,445,0.188,0.003,6.175,9.96,1.463,1.004,0.113,0.003,8.44,6.421,1.343,1.004,0.114,0.008,8.55,6.463,1.346,1.01,0.04,1995,1.948,-3.418,-2.722,12.21,18.95
10/5/19 5:00,6654,278,500,0.188,0.003,6.06,9.96,1.463,1.003,0.113,0.003,8.44,6.422,1.343,1.004,0.114,0.008,8.59,6.465,1.346,1.01,0.04,2000,1.953,-3.422,-2.629,12.26,18.96
10/5/19 5:15,6655,278,515,0.188,0.003,5.999,9.96,1.463,1.003,0.113,0.002,8.41,6.423,1.343,1.004,0.114,0.008,8.62,6.465,1.346,1.01,0.041,1990,1.943,-3.566,-2.738,12.29,18.97
10/5/19 5:30,6656,278,530,0.188,0.003,5.934,9.96,1.463,1.004,0.113,0.003,8.41,6.423,1.343,1.004,0.114,0.008,8.56,6.466,1.346,1.01,0.041,2000,1.953,-3.503,-2.744,12.31,18.97
10/5/19 5:45,6657,278,545,0.188,0.003,5.837,9.96,1.463,1.004,0.113,0.003,8.45,6.422,1.343,1.004,0.114,0.008,8.57,6.466,1.346,1.01,0.041,2011,1.964,-3.673,-2.896,12.33,18.98
10/5/19 6:00,6658,278,600,0.188,0.003,5.768,9.96,1.463,1.003,0.113,0.003,8.4,6.421,1.343,1.004,0.114,0.008,8.56,6.464,1.346,1.01,0.041,2018,1.97,-3.687,-2.983,12.37,18.98
10/5/19 6:15,6659,278,615,0.188,0.003,5.704,9.96,1.463,1.003,0.113,0.003,8.44,6.42,1.343,1.004,0.114,0.008,8.59,6.463,1.346,1.01,0.041,2023,1.975,-3.735,-2.934,12.41,18.99
10/5/19 6:30,6660,278,630,0.187,0.003,5.63,9.96,1.463,1.004,0.113,0.003,8.41,6.422,1.343,1.004,0.114,0.008,8.57,6.463,1.346,1.01,0.041,2011,1.964,-3.753,-3.027,12.44,19
10/5/19 6:45,6661,278,645,0.187,0.003,5.537,9.92,1.462,1.003,0.113,0.003,8.41,6.422,1.343,1.004,0.114,0.008,8.57,6.464,1.346,1.01,0.041,2001,1.954,-3.8,-3.005,12.47,19
10/5/19 7:00,6662,278,700,0.187,0.003,5.486,9.92,1.462,1.004,0.113,0.002,8.39,6.424,1.343,1.003,0.114,0.008,8.57,6.464,1.346,1.01,0.041,1987,1.941,-3.852,-3.136,12.48,19
10/5/19 7:15,6663,278,715,0.187,0.003,5.442,9.92,1.462,1.004,0.113,0.003,8.4,6.423,1.343,1.004,0.114,0.008,8.58,6.464,1.346,1.01,0.041,1994,1.947,-3.686,-3.125,12.52,19.01
10/5/19 7:30,6664,278,730,0.187,0.003,5.442,9.92,1.462,1.003,0.113,0.003,8.36,6.421,1.343,1.004,0.114,0.007,8.59,6.466,1.346,1.01,0.041,1982,1.936,-3.311,-2.983,12.58,19.02
10/5/19 7:45,6665,278,745,0.187,0.004,5.248,9.92,1.462,1.004,0.113,0.003,8.37,6.421,1.343,1.004,0.114,0.008,8.59,6.463,1.346,1.01,0.041,1999,1.953,-1.701,-2.042,12.75,19.05
10/5/19 8:00,6666,278,800,0.187,0.003,5.263,9.92,1.462,1.004,0.113,0.002,8.35,6.423,1.343,1.004,0.114,0.008,8.58,6.463,1.346,1.01,0.041,1998,1.951,0.145,-0.791,13.23,19.14
10/5/19 8:15,6667,278,815,0.187,0.003,5.185,9.92,1.462,1.004,0.113,0.002,8.35,6.423,1.343,1.004,0.114,0.008,8.59,6.464,1.346,1.01,0.04,1998,1.951,3.568,1.437,13.44,19.19
10/5/19 8:30,6668,278,830,0.187,0.003,5.157,9.92,1.462,1.004,0.113,0.003,8.33,6.422,1.343,1.004,0.114,0.008,8.58,6.461,1.346,1.01,0.04,2013,1.966,6.836,5.2,13.48,19.19
10/5/19 8:45,6669,278,845,0.187,0.003,5.088,9.92,1.462,1.004,0.113,0.002,8.34,6.423,1.343,1.004,0.114,0.008,8.57,6.464,1.346,1.01,0.04,2029,1.981,9.66,8.91,13.69,19.23
10/5/19 9:00,6670,278,900,0.187,0.003,5.062,9.92,1.462,1.004,0.113,0.002,8.33,6.423,1.343,1.004,0.114,0.008,8.59,6.463,1.346,1.01,0.039,2042,1.994,11.19,10.64,13.67,19.23
10/5/19 9:15,6671,278,915,0.187,0.003,5.021,9.92,1.462,1.003,0.113,0.003,8.32,6.422,1.343,1.004,0.114,0.008,8.55,6.462,1.346,1.01,0.039,2039,1.991,12.84,13.09,13.57,19.21
10/5/19 9:30,6672,278,930,0.187,0.003,5.008,9.92,1.461,1.003,0.113,0.003,8.3,6.422,1.343,1.004,0.114,0.007,8.58,6.466,1.346,1.01,0.038,2051,2.003,12.8,12.92,13.39,19.18
10/5/19 9:45,6673,278,945,0.186,0.003,5.03,9.89,1.46,1.003,0.113,0.003,8.27,6.423,1.343,1.004,0.114,0.007,8.58,6.466,1.346,1.01,0.038,2046,1.998,13.82,12.54,13.07,19.12
10/5/19 10:00,6674,278,1000,0.186,0.003,5.107,9.89,1.46,1.004,0.113,0.003,8.27,6.422,1.343,1.004,0.114,0.008,8.58,6.463,1.346,1.01,0.038,2057,2.008,14.4,14.31,12.98,19.1
10/5/19 10:15,6675,278,1015,0.186,0.003,5.204,9.89,1.46,1.004,0.113,0.003,8.25,6.422,1.343,1.004,0.114,0.008,8.6,6.464,1.346,1.01,0.037,2071,2.023,15.92,14.71,12.76,19.06
10/5/19 10:30,6676,278,1030,0.186,0.003,5.366,9.89,1.46,1.003,0.113,0.003,8.22,6.422,1.343,1.004,0.114,0.008,8.59,6.465,1.346,1.01,0.037,2063,2.015,16.4,15.37,12.6,19.03
10/5/19 10:45,6677,278,1045,0.186,0.003,5.435,9.89,1.46,1.004,0.113,0.003,8.25,6.422,1.343,1.004,0.114,0.008,8.59,6.461,1.346,1.01,0.037,2081,2.032,17.24,16.87,12.47,19
10/5/19 11:00,6678,278,1100,0.186,0.003,5.67,9.89,1.46,1.004,0.113,0.003,8.24,6.422,1.343,1.004,0.114,0.007,8.57,6.467,1.346,1.009,0.037,2100,2.051,17.46,17.08,12.25,18.96
10/5/19 11:15,6679,278,1115,0.186,0.003,5.859,9.89,1.46,1.004,0.113,0.003,8.2,6.422,1.343,1.004,0.114,0.007,8.58,6.467,1.346,1.009,0.037,2079,2.03,18.09,17.94,12.08,18.93
10/5/19 11:30,6680,278,1130,0.185,0.003,6.118,9.85,1.459,1.004,0.113,0.003,8.22,6.422,1.343,1.004,0.114,0.007,8.57,6.466,1.346,1.01,0.037,2072,2.023,18.87,18.36,11.91,18.9
10/5/19 11:45,6681,278,1145,0.185,0.003,6.395,9.85,1.459,1.004,0.113,0.003,8.19,6.422,1.343,1.004,0.114,0.008,8.59,6.466,1.346,1.01,0.037,2065,2.016,18.93,19.6,11.72,18.86
10/5/19 12:00,6682,278,1200,0.185,0.003,6.699,9.86,1.459,1.003,0.113,0.002,8.18,6.423,1.343,1.004,0.114,0.008,8.57,6.465,1.346,1.01,0.037,2106,2.057,18.11,19.53,11.53,18.82
10/5/19 12:15,6683,278,1215,0.185,0.003,6.971,9.85,1.459,1.004,0.113,0.003,8.14,6.421,1.343,1.004,0.114,0.008,8.57,6.465,1.346,1.01,0.037,4505,4.399,17.62,19.99,11.36,18.79