TOA5,CR1000_tower4_S,CR1000,75038,CR1000.Std.28,CPU:SH_tow4_South_2017.CR1,11039,Enviro,,,,,,,,,,,,,,,,,,,,,
TIMESTAMP,RECORD,Day_of_Year,Hour,VWC_1_Avg,EC_1_Avg,ST_1_Avg,P_1_Avg,PA_1_Avg,VR_1_Avg,VWC_2_Avg,EC_2_Avg,ST_2_Avg,P_2_Avg,PA_2_Avg,VR_2_Avg,VWC_3_Avg,EC_3_Avg,ST_3_Avg,P_3_Avg,PA_3_Avg,VR_3_Avg,SWE_mv_Avg,maxbot_volt_Avg,maxbot_dist_Avg,TT_C,SBT_C,FuelM_Avg,PA_uS_Avg
TS,RN,,,m^3/m^3,dS/m,Deg C,unitless,nSec,unitless,,,,,,,,,,,,,,,,Deg C,Deg C,%,uSec
,,Smp,Smp,Avg,Avg,Avg,Avg,Avg,Avg,Avg,Avg,Avg,Avg,Avg,Avg,Avg,Avg,Avg,Avg,Avg,Avg,Avg,Avg,Avg,Smp,Smp,Avg,Avg
10/1/19 0:00,6266,274,0,0.079,0.001,4.39,4.98,1.283,1.001,0.061,0.001,7.332,4.231,1.258,1.001,0.056,0.001,9.13,4.035,1.249,1.001,0.054,483.2,0.472,-10.65,-5.85,15.6,19.59
10/1/19 0:15,6267,274,15,0.08,0.001,4.357,5.004,1.284,1.002,0.061,0.001,7.339,4.231,1.258,1.001,0.056,0.001,9.13,4.032,1.249,1.001,0.054,483,0.472,-10.63,-5.672,15.71,19.61
10/1/19 0:30,6268,274,30,0.08,0.001,4.339,5.003,1.284,1.002,0.061,0.001,7.322,4.231,1.258,1.001,0.056,0.001,9.12,4.034,1.249,1.001,0.054,809,0.79,-10.08,-5.672,15.82,19.63
10/1/19 0:45,6269,274,45,0.08,0.001,4.317,5.005,1.284,1.001,0.061,0.001,7.313,4.231,1.258,1.001,0.056,0.001,9.11,4.036,1.249,1.001,0.054,2121,2.071,-10.73,-5.594,15.91,19.65
10/1/19 1:00,6270,274,100,0.08,0.001,4.335,5.006,1.284,1.001,0.061,0.001,7.263,4.231,1.258,1.001,0.056,0.001,9.12,4.035,1.249,1.001,0.054,2085,2.036,-10.81,-5.616,15.96,19.66
10/1/19 1:15,6271,274,115,0.081,0.001,4.341,5.031,1.285,1.002,0.061,0.001,7.286,4.233,1.258,1.001,0.056,0.001,9.09,4.037,1.249,1.001,0.054,1478,1.444,-10.41,-5.644,15.99,19.66
10/1/19 1:30,6272,274,130,0.081,0.001,4.346,5.031,1.285,1.002,0.061,0.001,7.27,4.231,1.258,1.001,0.056,0.001,9.09,4.035,1.249,1.001,0.054,1378,1.346,-10.41,-5.633,16.09,19.68
10/1/19 1:45,6273,274,145,0.081,0.001,4.291,5.031,1.285,1.002,0.061,0.001,7.272,4.231,1.258,1.001,0.056,0.001,9.06,4.034,1.249,1.001,0.054,1386,1.353,-9.74,-5.683,16.18,19.7
10/1/19 2:00,6274,274,200,0.081,0.001,4.295,5.031,1.285,1.002,0.061,0.001,7.258,4.233,1.258,1.001,0.056,0.001,9.06,4.037,1.249,1.001,0.054,1395,1.362,-9.49,-5.761,16.24,19.71
10/1/19 2:15,6275,274,215,0.081,0.001,4.308,5.03,1.285,1.002,0.061,0.001,7.25,4.233,1.258,1.001,0.056,0.001,9.07,4.037,1.249,1.001,0.054,1317,1.287,-10.19,-5.594,16.36,19.73
10/1/19 2:30,6276,274,230,0.081,0.002,4.293,5.029,1.285,1.002,0.061,0.001,7.223,4.233,1.258,1.001,0.056,0.001,9.03,4.035,1.249,1.001,0.054,1457,1.423,-10.3,-5.777,16.36,19.73
10/1/19 2:45,6277,274,245,0.081,0.001,4.318,5.033,1.285,1.002,0.061,0.001,7.227,4.232,1.258,1.001,0.056,0.001,9.05,4.038,1.249,1.001,0.054,1373,1.341,-10.17,-5.85,16.42,19.74
10/1/19 3:00,6278,274,300,0.081,0.001,4.342,5.057,1.286,1.002,0.061,0.001,7.25,4.233,1.258,1.001,0.056,0.001,9.02,4.034,1.249,1.001,0.054,1738,1.698,-10.37,-5.794,16.51,19.76
10/1/19 3:15,6279,274,315,0.081,0.001,4.282,5.057,1.286,1.002,0.061,0.001,7.217,4.232,1.258,1.001,0.056,0.001,9.01,4.037,1.249,1.001,0.054,1447,1.413,-9.83,-5.783,16.59,19.77
10/1/19 3:30,6280,274,330,0.081,0.001,4.28,5.057,1.286,1.002,0.061,0.001,7.215,4.229,1.258,1.002,0.056,0.001,9.03,4.036,1.249,1.001,0.054,1489,1.454,-8.61,-5.616,16.69,19.79
10/1/19 3:45,6281,274,345,0.081,0.001,4.292,5.058,1.286,1.002,0.061,0.001,7.186,4.232,1.258,1.001,0.056,0.001,9.01,4.036,1.249,1.001,0.054,1538,1.502,-7.538,-5.45,16.85,19.82
10/1/19 4:00,6282,274,400,0.082,0.001,4.27,5.085,1.287,1.002,0.061,0.001,7.175,4.23,1.258,1.001,0.056,0.001,9,4.036,1.249,1.001,0.054,1524,1.488,-6.166,-5.118,17.1,19.87
10/1/19 4:15,6283,274,415,0.082,0.001,4.273,5.085,1.287,1.002,0.061,0.001,7.174,4.229,1.258,1.001,0.056,0.001,9,4.036,1.249,1.001,0.054,1522,1.486,-5.834,-4.991,17.26,19.9
10/1/19 4:30,6284,274,430,0.082,0.001,4.239,5.085,1.287,1.001,0.061,0.001,7.158,4.231,1.258,1.001,0.056,0.001,8.98,4.036,1.249,1.001,0.054,1410,1.377,-5.319,-4.842,17.38,19.92
10/1/19 4:45,6285,274,445,0.082,0.001,4.273,5.085,1.287,1.001,0.061,0.001,7.162,4.231,1.258,1.001,0.056,0.001,8.99,4.035,1.249,1.001,0.054,1421,1.388,-4.884,-4.611,17.53,19.95
10/1/19 5:00,6286,274,500,0.082,0.001,4.191,5.085,1.287,1.002,0.061,0.001,7.146,4.23,1.258,1.001,0.056,0.001,8.95,4.037,1.249,1.001,0.054,1333,1.302,-4.778,-4.512,17.64,19.97
10/1/19 5:15,6287,274,515,0.082,0.001,4.251,5.086,1.287,1.002,0.061,0.001,7.147,4.231,1.258,1.001,0.056,0.001,8.96,4.036,1.249,1.001,0.054,1235,1.206,-4.8,-4.457,17.71,19.98
10/1/19 5:30,6288,274,530,0.082,0.001,4.246,5.112,1.288,1.002,0.061,0.001,7.124,4.231,1.258,1.001,0.056,0.001,8.94,4.037,1.249,1.001,0.054,1353,1.321,-5.025,-4.479,17.74,19.99
10/1/19 5:45,6289,274,545,0.082,0.001,4.214,5.113,1.288,1.001,0.061,0.001,7.113,4.231,1.258,1.001,0.056,0.001,8.94,4.037,1.249,1.001,0.054,1954,1.908,-4.7,-4.523,17.79,20
10/1/19 6:00,6290,274,600,0.082,0.002,4.21,5.11,1.288,1.002,0.061,0.001,7.107,4.232,1.258,1.001,0.056,0.001,8.94,4.036,1.249,1.001,0.054,1852,1.809,-4.607,-4.495,17.87,20.01
10/1/19 6:15,6291,274,615,0.082,0.001,4.239,5.111,1.288,1.002,0.061,0.001,7.095,4.232,1.258,1.001,0.056,0.001,8.94,4.036,1.249,1.001,0.054,1925,1.88,-4.442,-4.413,17.94,20.02
10/1/19 6:30,6292,274,630,0.082,0.001,4.205,5.111,1.288,1.002,0.061,0.001,7.084,4.234,1.258,1.001,0.056,0.001,8.93,4.035,1.249,1.001,0.054,1903,1.859,-4.145,-4.182,18.05,20.04
10/1/19 6:45,6293,274,645,0.082,0.001,4.205,5.109,1.288,1.002,0.061,0.001,7.085,4.231,1.258,1.001,0.056,0.001,8.93,4.036,1.249,1.001,0.054,1878,1.834,-4.041,-3.984,18.12,20.06
10/1/19 7:00,6294,274,700,0.082,0.002,4.213,5.083,1.287,1.002,0.061,0.001,7.066,4.233,1.258,1.001,0.056,0.001,8.88,4.036,1.249,1.001,0.053,1955,1.909,-3.994,-3.831,18.2,20.07
10/1/19 7:15,6295,274,715,0.082,0.002,4.231,5.083,1.287,1.002,0.061,0.001,7.06,4.232,1.258,1.001,0.056,0.001,8.9,4.037,1.249,1.001,0.053,1927,1.882,-3.518,-3.481,18.3,20.09
10/1/19 7:30,6296,274,730,0.082,0.001,4.16,5.087,1.287,1.001,0.061,0.001,7.059,4.23,1.258,1.001,0.056,0.001,8.89,4.037,1.249,1.001,0.053,1717,1.676,-2.952,-3.273,18.37,20.1
10/1/19 7:45,6297,274,745,0.082,0.001,4.182,5.111,1.288,1.002,0.061,0.001,7.049,4.233,1.258,1.001,0.056,0.001,8.88,4.035,1.249,1.001,0.053,1891,1.847,-3.163,-3.033,18.46,20.12
10/1/19 8:00,6298,274,800,0.082,0.001,4.168,5.113,1.288,1.001,0.061,0.001,7.054,4.231,1.258,1.001,0.056,0.001,8.89,4.037,1.249,1.001,0.053,1653,1.614,-2.87,-2.869,18.46,20.12
10/1/19 8:15,6299,274,815,0.082,0.001,4.168,5.111,1.288,1.002,0.061,0.001,7.049,4.232,1.258,1.001,0.056,0.001,8.86,4.035,1.249,1.001,0.053,1781,1.739,-3.172,-2.989,18.43,20.12
10/1/19 8:30,6300,274,830,0.083,0.001,4.128,5.114,1.289,1.002,0.061,0.001,7.019,4.232,1.258,1.001,0.056,0.001,8.83,4.037,1.249,1.001,0.053,2322,2.268,-2.12,-2.651,18.51,20.13
10/1/19 8:45,6301,274,845,0.083,0.001,4.21,5.138,1.29,1.002,0.061,0.001,7.019,4.232,1.258,1.001,0.056,0.001,8.84,4.035,1.249,1.001,0.053,4871,4.757,-1.752,-1.824,18.46,20.12
10/1/19 9:00,6302,274,900,0.083,0.001,4.156,5.139,1.29,1.002,0.061,0.001,7.018,4.23,1.258,1.001,0.056,0.001,8.84,4.035,1.249,1.001,0.053,4835,4.722,-0.899,-0.199,18.66,20.16
10/1/19 9:15,6303,274,915,0.083,0.001,4.154,5.137,1.29,1.002,0.061,0.001,6.972,4.231,1.258,1.001,0.056,0.001,8.83,4.036,1.249,1.001,0.053,4825,4.712,-0.602,0.384,18.27,20.09
10/1/19 9:30,6304,274,930,0.083,0.001,4.135,5.139,1.29,1.002,0.061,0.001,6.983,4.231,1.258,1.001,0.056,0.001,8.81,4.036,1.249,1.001,0.053,4855,4.742,-0.225,0.263,17.97,20.03
10/1/19 9:45,6305,274,945,0.083,0.001,4.152,5.138,1.29,1.002,0.061,0.001,6.984,4.231,1.258,1.001,0.056,0.001,8.81,4.037,1.249,1.001,0.053,4849,4.736,-0.581,1.778,18.1,20.05
10/1/19 10:00,6306,274,1000,0.083,0.002,4.146,5.136,1.29,1.002,0.061,0.001,6.989,4.231,1.258,1.001,0.056,0.001,8.79,4.035,1.249,1.001,0.053,4830,4.717,-0.014,1.203,17.37,19.92
10/1/19 10:15,6307,274,1015,0.083,0.002,4.14,5.137,1.29,1.002,0.061,0.001,6.954,4.232,1.258,1.001,0.056,0.001,8.8,4.035,1.249,1.001,0.053,4821,4.708,-0.594,1.777,17.25,19.9
10/1/19 10:30,6308,274,1030,0.083,0.001,4.143,5.141,1.29,1.001,0.061,0.001,6.991,4.233,1.258,1.001,0.056,0.001,8.8,4.037,1.249,1.001,0.053,4842,4.729,-0.104,1.615,16.75,19.8
10/1/19 10:45,6309,274,1045,0.084,0.001,4.141,5.165,1.291,1.002,0.061,0.001,6.933,4.23,1.258,1.001,0.056,0.001,8.8,4.036,1.249,1.001,0.053,4864,4.75,-0.963,2.601,16.53,19.76
10/1/19 11:00,6310,274,1100,0.084,0.002,4.106,5.164,1.291,1.002,0.061,0.001,6.925,4.234,1.258,1.001,0.056,0,8.8,4.039,1.249,1,0.053,4826,4.713,-1.299,3.253,16.64,19.78
10/1/19 11:15,6311,274,1115,0.084,0.001,4.111,5.166,1.291,1.002,0.061,0.001,6.93,4.232,1.258,1.001,0.056,0.001,8.79,4.036,1.249,1.001,0.053,4814,4.701,-0.775,2.189,16.25,19.71
10/1/19 11:30,6312,274,1130,0.084,0.001,4.133,5.167,1.291,1.001,0.061,0.001,6.925,4.231,1.258,1.001,0.056,0.001,8.77,4.035,1.249,1.001,0.053,4865,4.751,-0.833,2.514,15.95,19.65
10/1/19 11:45,6313,274,1145,0.084,0.002,4.112,5.165,1.291,1.002,0.061,0.001,6.929,4.233,1.258,1.001,0.056,0.001,8.74,4.035,1.249,1.001,0.053,4871,4.757,-0.542,2.308,15.77,19.62
10/1/19 12:00,6314,274,1200,0.084,0.002,4.101,5.164,1.291,1.002,0.061,0.001,6.907,4.232,1.258,1.001,0.056,0.001,8.74,4.035,1.249,1.001,0.053,4840,4.727,0.4,2.503,15.71,19.61
10/1/19 12:15,6315,274,1215,0.084,0.001,4.116,5.165,1.291,1.002,0.061,0.001,6.837,4.231,1.258,1.001,0.056,0.001,8.73,4.036,1.249,1.001,0.053,4869,4.755,0.393,3.612,15.77,19.62
10/1/19 12:30,6316,274,1230,0.084,0.002,4.118,5.165,1.291,1.002,0.061,0.001,6.902,4.233,1.258,1.001,0.056,0.001,8.76,4.036,1.249,1.001,0.053,4811,4.698,0.167,5.581,15.9,19.64
10/1/19 12:45,6317,274,1245,0.084,0.002,4.102,5.166,1.291,1.002,0.061,0.001,6.88,4.233,1.258,1.001,0.056,0.001,8.74,4.037,1.249,1.001,0.053,4855,4.741,0.837,6.486,15.43,19.56
10/1/19 13:00,6318,274,1300,0.084,0.002,4.088,5.189,1.292,1.002,0.061,0.001,6.884,4.23,1.258,1.001,0.056,0.001,8.71,4.036,1.249,1.001,0.053,4845,4.731,0.176,5.723,15.06,19.49
10/1/19 13:15,6319,274,1315,0.084,0.001,4.052,5.191,1.292,1.002,0.061,0.001,6.859,4.231,1.258,1.001,0.056,0.001,8.73,4.035,1.249,1.001,0.053,4846,4.732,1.061,7.24,14.93,19.46
10/1/19 13:30,6320,274,1330,0.084,0.001,4.032,5.166,1.291,1.001,0.061,0.001,6.864,4.231,1.258,1.001,0.056,0.001,8.71,4.035,1.249,1.001,0.053,4847,4.733,-1.158,7.63,15.06,19.49
10/1/19 13:45,6321,274,1345,0.084,0.002,4.03,5.164,1.291,1.002,0.061,0.001,6.854,4.232,1.258,1.001,0.056,0.001,8.67,4.035,1.249,1.001,0.053,4829,4.716,-0.424,5.217,15.19,19.51
10/1/19 14:00,6322,274,1400,0.084,0.001,4.082,5.166,1.291,1.002,0.061,0.001,6.869,4.231,1.258,1.001,0.056,0.001,8.69,4.035,1.249,1.001,0.053,4828,4.715,-0.355,4.207,15.13,19.5
10/1/19 14:15,6323,274,1415,0.084,0.002,4.039,5.165,1.291,1.002,0.061,0.001,6.839,4.232,1.258,1.001,0.056,0.001,8.67,4.034,1.249,1.001,0.053,4851,4.738,-0.669,3.716,14.79,19.44
10/1/19 14:30,6324,274,1430,0.084,0.001,4.046,5.194,1.292,1.001,0.061,0.001,6.806,4.233,1.258,1.001,0.056,0.001,8.66,4.035,1.249,1.001,0.053,4827,4.714,-0.095,3.421,14.68,19.42
10/1/19 14:45,6325,274,1445,0.084,0.001,4.024,5.195,1.292,1.002,0.061,0.001,6.806,4.233,1.258,1.001,0.056,0.001,8.67,4.036,1.249,1.001,0.053,4860,4.746,-1.113,2.975,14.2,19.33
10/1/19 15:00,6326,274,1500,0.085,0.001,3.962,5.221,1.293,1.001,0.061,0.001,6.808,4.232,1.258,1.001,0.056,0.001,8.67,4.036,1.249,1.001,0.053,4855,4.741,-0.892,4.118,14.27,19.34
10/1/19 15:15,6327,274,1515,0.085,0.001,3.982,5.221,1.293,1.001,0.061,0.001,6.835,4.233,1.258,1.001,0.056,0.001,8.66,4.034,1.249,1.001,0.053,4838,4.724,-0.18,5.592,14.06,19.3
10/1/19 15:30,6328,274,1530,0.085,0.001,3.98,5.221,1.293,1.001,0.061,0.001,6.788,4.232,1.258,1.001,0.056,0.001,8.67,4.034,1.249,1.001,0.054,4865,4.751,0.325,5.861,13.8,19.25
10/1/19 15:45,6329,274,1545,0.085,0.001,4.025,5.222,1.293,1.002,0.061,0.001,6.786,4.231,1.258,1.001,0.056,0.001,8.65,4.036,1.249,1.001,0.054,4825,4.712,-0.458,5.026,13.66,19.23
10/1/19 16:00,6330,274,1600,0.086,0.001,4.006,5.247,1.294,1.002,0.061,0.001,6.802,4.229,1.258,1.001,0.056,0.001,8.66,4.035,1.249,1.001,0.054,4851,4.737,1.266,5.861,13.57,19.21
10/1/19 16:15,6331,274,1615,0.086,0.002,3.99,5.246,1.294,1.002,0.061,0.001,6.784,4.23,1.258,1.001,0.056,0.001,8.63,4.034,1.249,1.001,0.054,4872,4.758,-0.801,5.465,13.51,19.2
10/1/19 16:30,6332,274,1630,0.086,0.001,3.97,5.247,1.294,1.001,0.061,0.001,6.771,4.233,1.258,1.001,0.056,0.001,8.62,4.036,1.249,1.001,0.054,4796,4.683,-2.214,4.369,13.53,19.2
10/1/19 16:45,6333,274,1645,0.085,0.001,3.963,5.222,1.293,1.002,0.061,0.001,6.742,4.233,1.258,1.001,0.056,0.001,8.62,4.036,1.249,1.001,0.054,4880,4.766,-2.559,2.552,13.52,19.2
10/1/19 17:00,6334,274,1700,0.086,0.001,3.948,5.247,1.294,1.002,0.061,0.001,6.723,4.23,1.258,1.001,0.056,0.001,8.58,4.036,1.249,1.001,0.054,4832,4.719,-3.516,1.295,13.57,19.21
10/1/19 17:15,6335,274,1715,0.086,0.001,3.943,5.248,1.294,1.001,0.061,0.001,6.732,4.231,1.258,1.001,0.056,0.001,8.6,4.036,1.249,1.001,0.055,4804,4.691,-4.074,0.246,13.6,19.21
10/1/19 17:30,6336,274,1730,0.086,0.001,3.911,5.249,1.294,1.002,0.061,0.001,6.736,4.232,1.258,1.001,0.056,0.001,8.59,4.035,1.249,1.001,0.056,4834,4.721,-4.519,-0.245,13.63,19.22
10/1/19 17:45,6337,274,1745,0.086,0.001,3.946,5.275,1.295,1.002,0.061,0.001,6.75,4.233,1.258,1.001,0.056,0.001,8.58,4.035,1.249,1.001,0.056,4847,4.733,-4.838,-0.638,13.68,19.23
10/1/19 18:00,6338,274,1800,0.087,0.001,3.909,5.304,1.296,1.002,0.061,0.001,6.71,4.23,1.258,1.001,0.056,0.001,8.57,4.035,1.249,1.001,0.057,4819,4.706,-5.216,-1.006,13.72,19.24
10/1/19 18:15,6339,274,1815,0.088,0.001,3.911,5.329,1.298,1.002,0.061,0.001,6.692,4.232,1.258,1.001,0.056,0.001,8.57,4.036,1.249,1.001,0.058,4803,4.691,-5.391,-1.201,13.77,19.25
10/1/19 18:30,6340,274,1830,0.088,0.001,3.913,5.328,1.298,1.002,0.061,0.001,6.677,4.234,1.258,1.001,0.056,0.001,8.58,4.036,1.249,1.001,0.059,4857,4.743,-5.712,-1.418,13.82,19.26
10/1/19 18:45,6341,274,1845,0.087,0.001,3.932,5.303,1.296,1.002,0.061,0.001,6.625,4.233,1.258,1.001,0.056,0.001,8.57,4.038,1.249,1.001,0.06,4818,4.705,-5.944,-1.537,13.85,19.26
10/1/19 19:00,6342,274,1900,0.088,0.001,3.871,5.328,1.298,1.002,0.061,0.001,6.671,4.233,1.258,1.001,0.056,0.001,8.54,4.036,1.249,1.001,0.061,4821,4.708,-6.132,-1.689,13.9,19.27
10/1/19 19:15,6343,274,1915,0.088,0.002,3.828,5.328,1.298,1.002,0.061,0.001,6.649,4.233,1.258,1.001,0.056,0.001,8.53,4.036,1.249,1.001,0.062,4846,4.732,-6.278,-1.7,13.92,19.27
10/1/19 19:30,6344,274,1930,0.088,0.002,3.87,5.331,1.298,1.002,0.061,0.001,6.651,4.233,1.258,1.001,0.056,0.001,8.54,4.038,1.249,1.001,0.063,4821,4.708,-6.504,-2.08,13.95,19.28
10/1/19 19:45,6345,274,1945,0.089,0.001,3.847,5.384,1.3,1.002,0.061,0.001,6.638,4.23,1.258,1.001,0.056,0.001,8.53,4.037,1.249,1.001,0.064,4864,4.75,-6.705,-2.036,13.99,19.29
10/1/19 20:00,6346,274,2000,0.089,0.001,3.858,5.384,1.3,1.002,0.061,0.001,6.618,4.233,1.258,1.001,0.056,0.001,8.5,4.036,1.249,1.001,0.065,4830,4.717,-6.778,-1.917,14.03,19.29
10/1/19 20:15,6347,274,2015,0.089,0.001,3.84,5.388,1.3,1.001,0.061,0.001,6.647,4.231,1.258,1.001,0.056,0.001,8.5,4.033,1.249,1.001,0.065,4870,4.756,-7.032,-1.894,14.06,19.3
10/1/19 20:30,6348,274,2030,0.09,0.001,3.843,5.41,1.301,1.002,0.061,0.001,6.629,4.232,1.258,1.001,0.056,0.001,8.5,4.037,1.249,1.001,0.066,4818,4.705,-7.244,-2.481,14.09,19.31
10/1/19 20:45,6349,274,2045,0.089,0.001,3.833,5.384,1.3,1.002,0.061,0.001,6.604,4.233,1.258,1.001,0.056,0.001,8.49,4.035,1.249,1.001,0.066,4840,4.727,-7.291,-2.437,14.13,19.31
10/1/19 21:00,6350,274,2100,0.089,0.001,3.822,5.386,1.3,1.002,0.061,0.001,6.613,4.231,1.258,1.001,0.056,0.001,8.53,4.036,1.249,1.001,0.067,4864,4.75,-7.445,-2.479,14.17,19.32
10/1/19 21:15,6351,274,2115,0.09,0.002,3.832,5.411,1.301,1.002,0.061,0.001,6.615,4.233,1.258,1.001,0.056,0.001,8.5,4.035,1.249,1.001,0.068,4840,4.726,-7.583,-2.523,14.22,19.33
10/1/19 21:30,6352,274,2130,0.09,0.002,3.802,5.411,1.301,1.002,0.061,0.001,6.563,4.231,1.258,1.001,0.056,0.001,8.48,4.036,1.249,1.001,0.068,4859,4.745,-7.7,-2.648,14.27,19.34
10/1/19 21:45,6353,274,2145,0.09,0.001,3.782,5.415,1.301,1.002,0.061,0.001,6.581,4.23,1.258,1.001,0.056,0.001,8.45,4.037,1.249,1.001,0.069,4825,4.712,-7.707,-2.739,14.31,19.35
10/1/19 22:00,6354,274,2200,0.091,0.001,3.755,5.467,1.303,1.002,0.061,0.001,6.588,4.23,1.258,1.001,0.056,0.001,8.46,4.036,1.249,1.001,0.07,4835,4.721,-7.886,-2.564,14.37,19.36
10/1/19 22:15,6355,274,2215,0.091,0.001,3.784,5.466,1.303,1.002,0.061,0.001,6.572,4.232,1.258,1.001,0.056,0.001,8.47,4.036,1.249,1.001,0.071,4863,4.749,-7.958,-2.651,14.4,19.36
10/1/19 22:30,6356,274,2230,0.091,0.001,3.778,5.467,1.303,1.002,0.061,0.001,6.55,4.232,1.258,1.001,0.056,0.001,8.45,4.038,1.249,1.001,0.072,4859,4.745,-7.98,-2.738,14.44,19.37
10/1/19 22:45,6357,274,2245,0.091,0.002,3.817,5.466,1.303,1.002,0.061,0.001,6.55,4.233,1.258,1.001,0.056,0.001,8.44,4.036,1.249,1.001,0.073,4864,4.75,-7.935,-2.695,14.49,19.38
10/1/19 23:00,6358,274,2300,0.091,0.001,3.754,5.467,1.303,1.002,0.061,0.001,6.549,4.233,1.258,1.001,0.056,0.001,8.41,4.036,1.249,1.001,0.073,4846,4.732,-8.04,-2.673,14.53,19.39
10/1/19 23:15,6359,274,2315,0.091,0.001,3.768,5.466,1.303,1.002,0.061,0.001,6.575,4.232,1.258,1.001,0.056,0.001,8.43,4.036,1.249,1.001,0.073,4835,4.722,-8.08,-2.738,14.58,19.4
10/1/19 23:30,6360,274,2330,0.091,0.001,3.758,5.469,1.303,1.001,0.061,0.001,6.543,4.233,1.258,1.001,0.056,0.001,8.42,4.037,1.249,1.001,0.073,4868,4.754,-8.17,-2.738,14.61,19.4
10/1/19 23:45,6361,274,2345,0.091,0.002,3.776,5.465,1.303,1.002,0.061,0.001,6.524,4.233,1.258,1.001,0.056,0.001,8.4,4.036,1.249,1.001,0.072,4863,4.749,-8.2,-2.847,14.62,19.41
10/2/19 0:00,6362,275,0,0.091,0.002,3.746,5.466,1.303,1.002,0.061,0.001,6.534,4.23,1.258,1.001,0.056,0.001,8.39,4.034,1.249,1.001,0.072,4834,4.721,-8.06,-2.945,14.64,19.41
10/2/19 0:15,6363,275,15,0.091,0.001,3.767,5.467,1.303,1.002,0.061,0.001,6.509,4.23,1.258,1.001,0.056,0.001,8.4,4.034,1.249,1.001,0.071,4839,4.725,-8.03,-2.76,14.69,19.42
10/2/19 0:30,6364,275,30,0.091,0.001,3.738,5.47,1.303,1.002,0.061,0.001,6.508,4.23,1.258,1.001,0.056,0.001,8.39,4.038,1.249,1,0.071,4808,4.695,-7.835,-2.586,14.76,19.43
10/2/19 0:45,6365,275,45,0.092,0.001,3.736,5.495,1.304,1.002,0.061,0.001,6.505,4.231,1.258,1.001,0.056,0.001,8.37,4.038,1.249,1.001,0.072,4817,4.704,-8.13,-3.229,14.78,19.44
10/2/19 1:00,6366,275,100,0.092,0.001,3.706,5.495,1.304,1.002,0.061,0.001,6.493,4.23,1.258,1.001,0.056,0.001,8.38,4.036,1.249,1.001,0.072,4860,4.746,-8.14,-3.53,14.79,19.44
10/2/19 1:15,6367,275,115,0.092,0.001,3.701,5.495,1.304,1.002,0.061,0.001,6.487,4.232,1.258,1.001,0.056,0.001,8.37,4.036,1.249,1.001,0.072,4829,4.716,-8.22,-3.678,14.87,19.45
10/2/19 1:30,6368,275,130,0.092,0.001,3.742,5.495,1.304,1.002,0.061,0,6.47,4.234,1.258,1.001,0.056,0.001,8.35,4.036,1.249,1.001,0.073,4825,4.712,-8.49,-3.962,14.96,19.47
10/2/19 1:45,6369,275,145,0.092,0.002,3.707,5.493,1.304,1.002,0.061,0.001,6.478,4.231,1.258,1.001,0.056,0.001,8.36,4.037,1.249,1.001,0.073,4871,4.757,-8.09,-3.47,15.08,19.49
10/2/19 2:00,6370,275,200,0.092,0.002,3.714,5.493,1.304,1.002,0.061,0.001,6.466,4.232,1.258,1.001,0.056,0.001,8.33,4.037,1.249,1.001,0.073,4851,4.737,-7.714,-2.804,15.2,19.51
10/2/19 2:15,6371,275,215,0.092,0.001,3.722,5.495,1.304,1.002,0.061,0.001,6.454,4.23,1.258,1.001,0.056,0.001,8.33,4.037,1.249,1.001,0.074,2270,2.217,-7.452,-2.401,15.36,19.54
10/2/19 2:30,6372,275,230,0.092,0.002,3.721,5.494,1.304,1.002,0.061,0.001,6.445,4.233,1.258,1.001,0.056,0.001,8.35,4.035,1.249,1.001,0.074,483.1,0.472,-7.414,-2.172,15.48,19.57
10/2/19 2:45,6373,275,245,0.092,0.002,3.701,5.494,1.304,1.002,0.061,0.001,6.427,4.232,1.258,1.001,0.056,0.001,8.32,4.036,1.249,1.001,0.074,483,0.472,-7.846,-2.259,15.51,19.57
10/2/19 3:00,6374,275,300,0.092,0.001,3.703,5.494,1.304,1.002,0.061,0.001,6.409,4.231,1.258,1.001,0.056,0.001,8.32,4.038,1.249,1.001,0.075,482.9,0.472,-7.952,-2.608,15.55,19.58
10/2/19 3:15,6375,275,315,0.092,0.002,3.697,5.494,1.304,1.002,0.061,0.001,6.429,4.231,1.258,1.001,0.056,0.001,8.33,4.036,1.249,1.001,0.075,483.1,0.472,-7.847,-2.542,15.69,19.6
10/2/19 3:30,6376,275,330,0.092,0.002,3.692,5.493,1.304,1.002,0.061,0.001,6.446,4.234,1.258,1.001,0.056,0.001,8.31,4.036,1.249,1.001,0.075,483.2,0.472,-7.846,-2.433,15.73,19.61
10/2/19 3:45,6377,275,345,0.092,0.001,3.738,5.494,1.304,1.002,0.061,0.001,6.403,4.232,1.258,1.001,0.056,0.001,8.29,4.036,1.249,1.001,0.075,482.6,0.471,-7.631,-2.063,15.77,19.62
10/2/19 4:00,6378,275,400,0.092,0.002,3.661,5.494,1.304,1.002,0.061,0.001,6.419,4.231,1.258,1.001,0.056,0.001,8.26,4.035,1.249,1.001,0.075,483,0.472,-7.671,-1.683,15.71,19.61
10/2/19 4:15,6379,275,415,0.092,0.002,3.712,5.494,1.304,1.002,0.061,0.001,6.37,4.232,1.258,1.001,0.056,0.001,8.28,4.036,1.249,1.001,0.075,483,0.472,-7.527,-1.52,15.54,19.58
10/2/19 4:30,6380,275,430,0.092,0.001,3.706,5.495,1.304,1.002,0.061,0.001,6.392,4.232,1.258,1.001,0.056,0.001,8.27,4.036,1.249,1.001,0.075,483.2,0.472,-7.39,-1.065,15.36,19.54
10/2/19 4:45,6381,275,445,0.092,0.002,3.693,5.492,1.304,1.002,0.061,0.001,6.39,4.233,1.258,1.001,0.056,0.001,8.3,4.035,1.249,1.001,0.075,483,0.472,-7.098,-0.653,15.2,19.51
10/2/19 5:00,6382,275,500,0.092,0.001,3.669,5.495,1.304,1.002,0.061,0.001,6.399,4.231,1.258,1.001,0.056,0.001,8.28,4.034,1.249,1.001,0.076,483.2,0.472,-7.036,-0.426,15.01,19.48
10/2/19 5:15,6383,275,515,0.092,0.001,3.657,5.494,1.304,1.002,0.061,0.001,6.366,4.232,1.258,1.001,0.056,0.001,8.26,4.035,1.249,1.001,0.076,483,0.472,-7.091,-0.371,14.84,19.45
10/2/19 5:30,6384,275,530,0.092,0.001,3.658,5.494,1.304,1.002,0.061,0.001,6.367,4.232,1.258,1.001,0.056,0.001,8.27,4.036,1.249,1.001,0.076,483.5,0.472,-6.975,-0.35,14.71,19.42
10/2/19 5:45,6385,275,545,0.092,0.001,3.673,5.495,1.304,1.002,0.061,0.001,6.351,4.232,1.258,1.001,0.056,0.001,8.24,4.035,1.249,1.001,0.076,483,0.472,-6.669,-0.48,14.57,19.4
10/2/19 6:00,6386,275,600,0.092,0.002,3.673,5.492,1.304,1.002,0.061,0.001,6.361,4.232,1.258,1.001,0.056,0.001,8.24,4.036,1.249,1.001,0.076,483.3,0.472,-6.717,0.083,14.47,19.38
10/2/19 6:15,6387,275,615,0.092,0.002,3.635,5.493,1.304,1.002,0.061,0.001,6.336,4.234,1.258,1.001,0.056,0.001,8.23,4.035,1.249,1.001,0.077,482.8,0.472,-6.248,0.17,14.38,19.36
10/2/19 6:30,6388,275,630,0.092,0.002,3.668,5.494,1.304,1.002,0.061,0.001,6.336,4.234,1.258,1.001,0.056,0.001,8.21,4.037,1.249,1.001,0.077,483.2,0.472,-5.007,1.003,14.33,19.35
10/2/19 6:45,6389,275,645,0.092,0.001,3.646,5.494,1.304,1.002,0.061,0.001,6.344,4.232,1.258,1.001,0.056,0.001,8.17,4.036,1.249,1.001,0.077,3766,3.678,-3.853,1.599,14.39,19.36
10/2/19 7:00,6390,275,700,0.092,0.002,3.66,5.493,1.304,1.002,0.061,0.001,6.295,4.23,1.258,1.001,0.056,0.001,8.21,4.036,1.249,1.001,0.076,4831,4.717,-2.85,2.553,14.51,19.38
10/2/19 7:15,6391,275,715,0.092,0.002,3.663,5.493,1.304,1.002,0.061,0.001,6.316,4.232,1.258,1.001,0.056,0.001,8.21,4.035,1.249,1.001,0.075,4856,4.742,-1.977,3.347,14.55,19.39
10/2/19 7:30,6392,275,730,0.092,0.001,3.663,5.494,1.304,1.002,0.061,0.001,6.329,4.234,1.258,1.001,0.056,0.001,8.23,4.034,1.249,1.001,0.074,4846,4.733,-0.901,3.968,14.59,19.4
10/2/19 7:45,6393,275,745,0.092,0.002,3.614,5.494,1.304,1.002,0.061,0.001,6.322,4.232,1.258,1.001,0.056,0.001,8.21,4.035,1.249,1.001,0.075,4832,4.719,0.974,4.361,14.39,19.36
10/2/19 8:00,6394,275,800,0.092,0.001,3.619,5.494,1.304,1.002,0.061,0.001,6.3,4.231,1.258,1.001,0.056,0.001,8.22,4.037,1.249,1.001,0.075,4849,4.735,2.389,4.985,14.72,19.42
10/2/19 8:15,6395,275,815,0.092,0.002,3.609,5.493,1.304,1.002,0.061,0.001,6.306,4.231,1.258,1.001,0.056,0.001,8.18,4.037,1.249,1.001,0.076,4841,4.727,2.435,6.096,14.64,19.41
10/2/19 8:30,6396,275,830,0.092,0.002,3.632,5.493,1.304,1.002,0.061,0.001,6.275,4.232,1.258,1.001,0.056,0.001,8.18,4.036,1.249,1.001,0.075,4856,4.743,2.469,6.78,14.39,19.36
10/2/19 8:45,6397,275,845,0.092,0.001,3.63,5.494,1.304,1.002,0.061,0.001,6.296,4.232,1.258,1.001,0.056,0.001,8.18,4.037,1.249,1.001,0.076,4858,4.744,2.706,7.422,14.09,19.31
10/2/19 9:00,6398,275,900,0.092,0.001,3.6,5.494,1.304,1.002,0.061,0.001,6.289,4.232,1.258,1.001,0.056,0.001,8.17,4.036,1.249,1.001,0.076,4809,4.697,3.131,8.83,13.76,19.25
10/2/19 9:15,6399,275,915,0.092,0.001,3.59,5.496,1.304,1.001,0.061,0.001,6.303,4.232,1.258,1.001,0.056,0.001,8.13,4.035,1.249,1.001,0.075,4850,4.736,2.8,8.86,13.36,19.17
10/2/19 9:30,6400,275,930,0.092,0.001,3.606,5.496,1.304,1.001,0.061,0.001,6.268,4.231,1.258,1.001,0.056,0.001,8.16,4.036,1.249,1.001,0.07,4850,4.736,3.138,8.01,13.4,19.18
10/2/19 9:45,6401,275,945,0.092,0.001,3.594,5.495,1.304,1.002,0.061,0.001,6.243,4.232,1.258,1.001,0.056,0.001,8.13,4.037,1.249,1.001,0.06,4865,4.751,3.272,8.7,13.64,19.22
10/2/19 10:00,6402,275,1000,0.091,0.001,3.627,5.492,1.304,1.002,0.061,0.001,6.238,4.23,1.258,1.001,0.056,0.001,8.12,4.036,1.249,1.001,0.057,4850,4.737,3.153,9.58,13.47,19.19
10/2/19 10:15,6403,275,1015,0.091,0.002,3.591,5.466,1.303,1.002,0.061,0.001,6.254,4.231,1.258,1.001,0.056,0.001,8.12,4.035,1.249,1.001,0.058,4833,4.72,3.462,9.19,13.31,19.16
10/2/19 10:30,6404,275,1030,0.091,0.002,3.585,5.465,1.303,1.002,0.061,0.001,6.241,4.23,1.258,1.001,0.056,0,8.12,4.039,1.249,1,0.057,4871,4.757,3.282,10.08,12.86,19.07
10/2/19 10:45,6405,275,1045,0.091,0.001,3.543,5.467,1.303,1.002,0.061,0.001,6.259,4.233,1.258,1.001,0.056,0.001,8.12,4.034,1.249,1.001,0.057,4856,4.743,3.903,10.93,12.56,19.02
10/2/19 11:00,6406,275,1100,0.091,0.001,3.599,5.467,1.303,1.002,0.061,0.001,6.225,4.231,1.258,1.001,0.056,0.001,8.14,4.035,1.249,1.001,0.056,4832,4.719,3.598,11.19,12.83,19.07
10/2/19 11:15,6407,275,1115,0.091,0.002,3.618,5.466,1.303,1.002,0.061,0.001,6.217,4.23,1.258,1.001,0.056,0.001,8.1,4.036,1.249,1.001,0.055,4838,4.725,3.88,10.4,12.74,19.05
10/2/19 11:30,6408,275,1130,0.091,0.001,3.589,5.468,1.303,1.002,0.061,0.001,6.228,4.233,1.258,1.001,0.056,0.001,8.11,4.035,1.249,1.001,0.053,4813,4.7,4.525,9.55,12.53,19.01
10/2/19 11:45,6409,275,1145,0.092,0.001,3.562,5.495,1.304,1.002,0.061,0.001,6.222,4.233,1.258,1.001,0.056,0.001,8.08,4.036,1.249,1.001,0.053,4859,4.745,4.822,9.67,12.45,19
10/2/19 12:00,6410,275,1200,0.092,0.002,3.629,5.493,1.304,1.002,0.061,0.001,6.256,4.234,1.258,1.001,0.056,0.001,8.09,4.035,1.249,1.001,0.053,4833,4.72,5.809,10.04,12.46,19
10/2/19 12:15,6411,275,1215,0.092,0.001,3.578,5.496,1.304,1.001,0.061,0.001,6.228,4.232,1.258,1.001,0.056,0.001,8.06,4.037,1.249,1.001,0.053,4850,4.737,6.486,11.19,12.57,19.02
10/2/19 12:30,6412,275,1230,0.092,0.001,3.565,5.498,1.304,1.002,0.061,0.001,6.19,4.231,1.258,1.001,0.056,0.001,8.07,4.037,1.249,1.001,0.053,4865,4.751,6.114,12.84,12.73,19.05
10/2/19 12:45,6413,275,1245,0.093,0.001,3.549,5.551,1.307,1.002,0.061,0.001,6.191,4.23,1.258,1.001,0.056,0.001,8.04,4.036,1.249,1.001,0.052,4871,4.757,6.652,14.54,12.35,18.98
10/2/19 13:00,6414,275,1300,0.093,0.001,3.563,5.548,1.307,1.002,0.061,0.001,6.167,4.231,1.258,1.001,0.056,0.001,8.06,4.036,1.249,1.001,0.052,4790,4.678,6.202,15.1,11.93,18.9
10/2/19 13:15,6415,275,1315,0.092,0.001,3.589,5.525,1.306,1.002,0.061,0.001,6.186,4.231,1.258,1.001,0.056,0.001,8.07,4.036,1.249,1.001,0.051,4819,4.706,5.685,13.97,11.68,18.85
10/2/19 13:30,6416,275,1330,0.093,0.001,3.55,5.553,1.307,1.001,0.061,0,6.145,4.235,1.258,1.001,0.056,0.001,8.07,4.037,1.249,1.001,0.05,4836,4.723,5.819,12.78,11.76,18.87
10/2/19 13:45,6417,275,1345,0.093,0.001,3.571,5.552,1.307,1.002,0.061,0.001,6.192,4.231,1.258,1.001,0.056,0.001,8.08,4.036,1.249,1.001,0.048,4792,4.679,4.952,11.61,11.89,18.89
10/2/19 14:00,6418,275,1400,0.094,0.001,3.546,5.578,1.308,1.002,0.061,0.001,6.149,4.231,1.258,1.001,0.056,0.001,8.02,4.038,1.249,1.001,0.047,4798,4.686,5.847,11.05,11.82,18.88
10/2/19 14:15,6419,275,1415,0.094,0.002,3.516,5.577,1.308,1.002,0.061,0.001,6.167,4.232,1.258,1.001,0.056,0.001,8.01,4.034,1.249,1.001,0.045,4535,4.429,5.267,11.07,11.74,18.86
10/2/19 14:30,6420,275,1430,0.094,0.001,3.503,5.584,1.308,1.001,0.061,0.001,6.146,4.233,1.258,1.001,0.056,0.001,8.03,4.036,1.249,1.001,0.045,4533,4.427,5.52,10.68,11.55,18.83
10/2/19 14:45,6421,275,1445,0.095,0.002,3.52,5.632,1.31,1.002,0.061,0.001,6.121,4.232,1.258,1.001,0.056,0.001,8.03,4.036,1.249,1.001,0.044,4313,4.212,5.118,10.61,11.42,18.8
10/2/19 15:00,6422,275,1500,0.094,0.002,3.523,5.607,1.309,1.002,0.061,0.001,6.126,4.233,1.258,1.001,0.056,0.001,8.02,4.036,1.249,1.001,0.043,4702,4.592,5.799,11.61,11.22,18.77
10/2/19 15:15,6423,275,1515,0.095,0.002,3.522,5.631,1.31,1.002,0.061,0.001,6.119,4.233,1.258,1.001,0.056,0.001,8.02,4.036,1.249,1.001,0.043,3936,3.844,4.375,13.33,11.06,18.74
10/2/19 15:30,6424,275,1530,0.095,0.002,3.507,5.634,1.31,1.002,0.061,0.001,6.093,4.232,1.258,1.001,0.056,0.001,7.996,4.036,1.249,1.001,0.043,4693,4.583,5.469,12.39,10.64,18.66
10/2/19 15:45,6425,275,1545,0.095,0.001,3.5,5.663,1.311,1.002,0.061,0.001,6.089,4.233,1.258,1.001,0.056,0.001,7.978,4.036,1.249,1.001,0.042,4108,4.012,4.041,11.12,10.45,18.62
10/2/19 16:00,6426,275,1600,0.096,0.002,3.519,5.665,1.311,1.002,0.061,0.001,6.104,4.233,1.258,1.001,0.056,0.001,7.996,4.036,1.249,1.001,0.042,4472,4.367,4.962,11.76,10.36,18.6
10/2/19 16:15,6427,275,1615,0.097,0.001,3.503,5.717,1.313,1.002,0.061,0.001,6.087,4.23,1.258,1.001,0.056,0.001,7.971,4.036,1.249,1.001,0.042,4248,4.149,4.45,11.26,10.27,18.59
10/2/19 16:30,6428,275,1630,0.096,0.001,3.443,5.69,1.312,1.002,0.061,0.001,6.072,4.232,1.258,1.001,0.056,0.001,7.975,4.036,1.249,1.001,0.042,4225,4.126,2.604,9.45,10.19,18.57
10/2/19 16:45,6429,275,1645,0.096,0.002,3.503,5.691,1.312,1.002,0.061,0.001,6.067,4.233,1.258,1.001,0.056,0.001,7.949,4.037,1.249,1.001,0.042,3626,3.541,2.744,8.31,10.19,18.57
10/2/19 17:00,6430,275,1700,0.097,0.001,3.443,5.718,1.313,1.002,0.061,0.001,6.035,4.23,1.258,1.001,0.056,0.001,8.01,4.034,1.249,1.001,0.042,3527,3.444,1.501,7.458,10.15,18.56
10/2/19 17:15,6431,275,1715,0.097,0.001,3.458,5.718,1.313,1.002,0.061,0.001,6.056,4.231,1.258,1.001,0.056,0.001,7.93,4.036,1.249,1.001,0.042,3520,3.437,1.577,6.957,10.05,18.54
10/2/19 17:30,6432,275,1730,0.097,0.001,3.422,5.721,1.313,1.002,0.061,0.001,6.043,4.232,1.258,1.001,0.056,0.001,7.97,4.036,1.249,1.001,0.042,3828,3.739,1.133,6.657,10.01,18.54
10/2/19 17:45,6433,275,1745,0.097,0.002,3.447,5.745,1.315,1.002,0.061,0.001,6.082,4.231,1.258,1.001,0.056,0.001,7.951,4.035,1.249,1.001,0.042,3957,3.865,0.677,6.082,9.93,18.52
10/2/19 18:00,6434,275,1800,0.097,0.002,3.436,5.745,1.315,1.002,0.061,0.001,6.045,4.233,1.258,1.001,0.056,0.001,7.961,4.035,1.249,1.001,0.043,2678,2.615,0.278,5.724,9.88,18.51
10/2/19 18:15,6435,275,1815,0.097,0.002,3.435,5.747,1.315,1.002,0.061,0.001,5.991,4.231,1.258,1.001,0.056,0.001,7.944,4.035,1.249,1.001,0.043,3405,3.325,0.224,5.619,9.83,18.5
10/2/19 18:30,6436,275,1830,0.098,0.002,3.426,5.773,1.316,1.002,0.061,0.001,6.029,4.229,1.258,1.002,0.056,0.001,7.934,4.035,1.249,1.001,0.044,3135,3.061,-0.541,4.812,9.74,18.49
10/2/19 18:45,6437,275,1845,0.098,0.002,3.41,5.773,1.316,1.002,0.061,0.001,6.007,4.231,1.258,1.001,0.056,0.001,7.911,4.037,1.249,1.001,0.044,3287,3.21,-1.049,4.151,9.66,18.47
10/2/19 19:00,6438,275,1900,0.098,0.002,3.362,5.772,1.316,1.002,0.061,0.001,6.006,4.232,1.258,1.001,0.056,0.001,7.923,4.035,1.249,1.001,0.044,3040,2.969,-1.248,3.998,9.63,18.47
10/2/19 19:15,6439,275,1915,0.098,0.001,3.417,5.775,1.316,1.002,0.061,0.001,5.993,4.232,1.258,1.001,0.056,0.001,7.9,4.036,1.249,1.001,0.045,2930,2.861,-1.376,4.118,9.65,18.47
10/2/19 19:30,6440,275,1930,0.098,0.001,3.379,5.775,1.316,1.002,0.061,0.001,5.967,4.232,1.258,1.001,0.056,0.001,7.883,4.035,1.249,1.001,0.045,2590,2.529,-1.42,4.239,9.68,18.47
10/2/19 19:45,6441,275,1945,0.098,0.002,3.378,5.775,1.316,1.002,0.061,0.001,6.002,4.233,1.258,1.001,0.056,0.001,7.883,4.034,1.249,1.001,0.046,2940,2.871,-1.449,4.153,9.69,18.48
10/2/19 20:00,6442,275,2000,0.099,0.002,3.397,5.802,1.317,1.002,0.061,0.001,5.982,4.23,1.258,1.001,0.056,0.001,7.876,4.035,1.249,1.001,0.046,3177,3.102,-1.422,4.215,9.74,18.49
10/2/19 20:15,6443,275,2015,0.099,0.002,3.374,5.8,1.317,1.002,0.061,0.001,5.976,4.231,1.258,1.001,0.056,0.001,7.899,4.034,1.249,1.001,0.046,3061,2.989,-1.546,3.873,9.72,18.48
10/2/19 20:30,6444,275,2030,0.099,0.002,3.348,5.802,1.317,1.002,0.061,0.001,5.961,4.233,1.258,1.001,0.056,0.001,7.875,4.038,1.249,1.001,0.046,2889,2.822,-1.792,3.797,9.72,18.48
10/2/19 20:45,6445,275,2045,0.099,0.001,3.387,5.803,1.317,1.002,0.061,0.001,5.956,4.232,1.258,1.001,0.056,0.001,7.838,4.034,1.249,1.001,0.047,2732,2.668,-1.836,3.819,9.7,18.48
10/2/19 21:00,6446,275,2100,0.099,0.001,3.319,5.803,1.317,1.002,0.061,0.001,5.959,4.228,1.258,1.002,0.056,0.001,7.82,4.036,1.249,1.001,0.048,2756,2.692,-1.331,4.158,9.73,18.48
10/2/19 21:15,6447,275,2115,0.099,0.002,3.35,5.803,1.317,1.002,0.061,0.001,5.968,4.23,1.258,1.001,0.056,0.001,7.833,4.034,1.249,1.001,0.048,2724,2.66,-1.766,3.939,9.69,18.48
10/2/19 21:30,6448,275,2130,0.099,0.001,3.328,5.831,1.318,1.002,0.061,0.001,5.929,4.232,1.258,1.001,0.056,0.001,7.793,4.035,1.249,1.001,0.049,2582,2.521,-0.415,4.792,9.83,18.5
10/2/19 21:45,6449,275,2145,0.099,0.001,3.343,5.831,1.318,1.002,0.061,0.001,5.93,4.232,1.258,1.001,0.056,0.001,7.872,4.034,1.249,1.001,0.049,2613,2.551,-0.789,4.956,9.84,18.5
10/2/19 22:00,6450,275,2200,0.099,0.001,3.351,5.831,1.318,1.002,0.061,0.001,5.954,4.231,1.258,1.001,0.056,0.001,7.831,4.037,1.249,1.001,0.05,2722,2.658,-0.823,5.11,9.79,18.5
10/2/19 22:15,6451,275,2215,0.099,0.001,3.34,5.831,1.318,1.002,0.061,0.001,5.923,4.232,1.258,1.001,0.056,0.001,7.793,4.037,1.249,1.001,0.05,2563,2.503,-0.892,4.967,9.73,18.48
10/2/19 22:30,6452,275,2230,0.099,0.001,3.318,5.831,1.318,1.002,0.061,0.001,5.93,4.23,1.258,1.001,0.056,0.001,7.755,4.036,1.249,1.001,0.05,2616,2.555,-0.631,5.016,9.68,18.47
10/2/19 22:45,6453,275,2245,0.099,0.002,3.327,5.83,1.318,1.002,0.061,0.001,5.902,4.233,1.258,1.001,0.056,0.001,7.807,4.036,1.249,1.001,0.05,2559,2.499,-1.122,4.994,9.63,18.46
10/2/19 23:00,6454,275,2300,0.099,0.001,3.326,5.832,1.318,1.002,0.061,0.001,5.909,4.231,1.258,1.001,0.056,0.001,7.8,4.036,1.249,1.001,0.05,2552,2.492,-0.857,5.088,9.6,18.46
10/2/19 23:15,6455,275,2315,0.099,0.001,3.32,5.832,1.318,1.002,0.061,0.001,5.89,4.231,1.258,1.001,0.056,0.001,7.778,4.036,1.249,1.001,0.05,2557,2.497,-0.653,5.077,9.57,18.45
10/2/19 23:30,6456,275,2330,0.099,0.002,3.322,5.831,1.318,1.002,0.061,0.001,5.898,4.233,1.258,1.001,0.056,0.001,7.778,4.035,1.249,1.001,0.05,2665,2.602,-0.498,4.989,9.54,18.45
10/2/19 23:45,6457,275,2345,0.099,0.002,3.304,5.829,1.318,1.002,0.061,0.001,5.893,4.232,1.258,1.001,0.056,0.001,7.734,4.035,1.249,1.001,0.05,2771,2.706,-0.349,4.989,9.51,18.44
10/3/19 0:00,6458,276,0,0.099,0.002,3.3,5.83,1.318,1.002,0.061,0.001,5.892,4.233,1.258,1.001,0.056,0.001,7.764,4.038,1.249,1.001,0.05,2409,2.352,-0.519,4.94,9.48,18.44
10/3/19 0:15,6459,276,15,0.099,0.002,3.324,5.828,1.318,1.002,0.061,0.001,5.888,4.233,1.258,1.001,0.056,0.001,7.74,4.034,1.249,1.001,0.05,2464,2.407,-0.702,4.704,9.42,18.43
10/3/19 0:30,6460,276,30,0.099,0.002,3.288,5.831,1.318,1.002,0.061,0.001,5.869,4.231,1.258,1.001,0.056,0.001,7.773,4.035,1.249,1.001,0.049,2420,2.363,-0.195,4.693,9.47,18.43
10/3/19 0:45,6461,276,45,0.099,0.002,3.274,5.83,1.318,1.002,0.061,0.001,5.871,4.231,1.258,1.001,0.056,0.001,7.747,4.035,1.249,1.001,0.049,2743,2.678,-0.332,4.496,9.53,18.45
10/3/19 1:00,6462,276,100,0.099,0.001,3.321,5.832,1.318,1.002,0.061,0.001,5.856,4.233,1.258,1.001,0.056,0.001,7.759,4.035,1.249,1.001,0.049,2766,2.701,-0.206,4.376,9.6,18.46
10/3/19 1:15,6463,276,115,0.099,0.002,3.288,5.829,1.318,1.002,0.061,0.001,5.848,4.233,1.258,1.001,0.056,0.001,7.744,4.036,1.249,1.001,0.049,2563,2.503,0.038,4.158,9.65,18.47
10/3/19 1:30,6464,276,130,0.099,0.001,3.313,5.832,1.318,1.002,0.061,0.001,5.852,4.233,1.258,1.001,0.056,0.001,7.72,4.035,1.249,1.001,0.049,2923,2.855,-0.31,3.939,9.67,18.47
10/3/19 1:45,6465,276,145,0.099,0.002,3.3,5.831,1.318,1.002,0.061,0.001,5.835,4.232,1.258,1.001,0.056,0.001,7.683,4.037,1.249,1.001,0.048,2983,2.913,0.044,3.852,9.69,18.48
10/3/19 2:00,6466,276,200,0.099,0.002,3.279,5.831,1.318,1.002,0.061,0.001,5.83,4.232,1.258,1.001,0.056,0.001,7.711,4.035,1.249,1.001,0.048,2783,2.718,-0.445,3.917,9.72,18.48
10/3/19 2:15,6467,276,215,0.099,0.002,3.316,5.83,1.318,1.002,0.061,0.001,5.841,4.231,1.258,1.001,0.056,0.001,7.723,4.034,1.249,1.001,0.048,2670,2.607,-0.56,3.95,9.74,18.49
10/3/19 2:30,6468,276,230,0.099,0.002,3.257,5.83,1.318,1.002,0.061,0.001,5.826,4.232,1.258,1.001,0.056,0.001,7.731,4.034,1.249,1.001,0.048,2653,2.591,-0.444,3.994,9.74,18.48
10/3/19 2:45,6469,276,245,0.099,0.001,3.295,5.83,1.318,1.002,0.061,0.001,5.818,4.234,1.258,1.001,0.056,0.001,7.72,4.035,1.249,1.001,0.048,2435,2.378,-0.788,3.983,9.7,18.48
10/3/19 3:00,6470,276,300,0.099,0.001,3.288,5.803,1.317,1.002,0.062,0.001,5.79,4.259,1.259,1.001,0.056,0.001,7.645,4.036,1.249,1.001,0.048,2783,2.718,-1.153,3.907,9.66,18.47
10/3/19 3:15,6471,276,315,0.099,0.001,3.32,5.803,1.317,1.002,0.062,0.001,5.782,4.258,1.259,1.001,0.056,0.001,7.671,4.034,1.249,1.001,0.048,2538,2.479,-0.891,3.917,9.62,18.46
10/3/19 3:30,6472,276,330,0.099,0.002,3.274,5.802,1.317,1.002,0.062,0.001,5.826,4.259,1.259,1.001,0.056,0.001,7.689,4.035,1.249,1.001,0.048,2817,2.751,-0.761,3.743,9.59,18.46
10/3/19 3:45,6473,276,345,0.099,0.001,3.244,5.803,1.317,1.002,0.062,0.001,5.816,4.257,1.259,1.001,0.056,0.001,7.678,4.036,1.249,1.001,0.048,2744,2.68,-0.751,3.601,9.56,18.45
10/3/19 4:00,6474,276,400,0.099,0.002,3.271,5.801,1.317,1.002,0.062,0.001,5.791,4.257,1.259,1.001,0.056,0.001,7.672,4.037,1.249,1.001,0.048,2743,2.679,-0.837,3.64,9.56,18.45
10/3/19 4:15,6475,276,415,0.099,0.002,3.274,5.802,1.317,1.002,0.062,0.001,5.762,4.257,1.259,1.001,0.056,0.001,7.669,4.036,1.249,1.001,0.048,2583,2.523,-0.799,3.601,9.56,18.45
10/3/19 4:30,6476,276,430,0.099,0.001,3.247,5.803,1.317,1.002,0.062,0.001,5.746,4.256,1.259,1.001,0.056,0.001,7.664,4.036,1.249,1.001,0.048,2912,2.844,-1.003,3.721,9.55,18.45
10/3/19 4:45,6477,276,445,0.099,0.001,3.267,5.803,1.317,1.002,0.062,0.001,5.762,4.257,1.259,1.001,0.056,0.001,7.66,4.036,1.249,1.001,0.048,2387,2.331,-0.974,3.547,9.54,18.45
10/3/19 5:00,6478,276,500,0.099,0.001,3.267,5.803,1.317,1.002,0.062,0.001,5.779,4.257,1.259,1.001,0.056,0.001,7.646,4.036,1.249,1.001,0.048,2537,2.477,-1.172,3.395,9.51,18.44
10/3/19 5:15,6479,276,515,0.099,0.001,3.226,5.803,1.317,1.002,0.062,0.001,5.781,4.257,1.259,1.001,0.056,0.001,7.644,4.037,1.249,1.001,0.048,2501,2.443,-1.423,3.155,9.48,18.44
10/3/19 5:30,6480,276,530,0.099,0.002,3.225,5.801,1.317,1.002,0.062,0.001,5.739,4.256,1.259,1.001,0.056,0.001,7.608,4.037,1.249,1.001,0.046,2817,2.751,-1.39,2.938,9.45,18.43
10/3/19 5:45,6481,276,545,0.098,0.001,3.252,5.776,1.316,1.002,0.062,0.001,5.768,4.258,1.259,1.001,0.056,0.001,7.573,4.036,1.249,1.001,0.042,2584,2.523,-1.224,3.036,9.46,18.43
10/3/19 6:00,6482,276,600,0.098,0.001,3.256,5.776,1.316,1.002,0.062,0,5.746,4.26,1.259,1.001,0.056,0.001,7.621,4.036,1.249,1.001,0.038,2710,2.646,-1.296,2.873,9.42,18.42
10/3/19 6:15,6483,276,615,0.098,0.001,3.235,5.775,1.316,1.002,0.062,0.001,5.758,4.258,1.259,1.001,0.056,0.001,7.593,4.037,1.249,1.001,0.034,2795,2.73,-1.456,2.851,9.44,18.43
10/3/19 6:30,6484,276,630,0.098,0.001,3.26,5.775,1.316,1.002,0.062,0.001,5.76,4.255,1.259,1.001,0.056,0.001,7.587,4.037,1.249,1.001,0.031,2522,2.463,-1.298,2.558,9.41,18.42
10/3/19 6:45,6485,276,645,0.098,0.001,3.212,5.775,1.316,1.002,0.062,0.001,5.706,4.258,1.259,1.001,0.056,0.001,7.615,4.037,1.249,1.001,0.029,2901,2.833,-0.073,3.057,9.53,18.45
10/3/19 7:00,6486,276,700,0.098,0.002,3.228,5.774,1.316,1.002,0.062,0.001,5.708,4.256,1.259,1.001,0.056,0.001,7.592,4.036,1.249,1.001,0.037,2809,2.743,0.187,3.721,9.73,18.48
10/3/19 7:15,6487,276,715,0.098,0.002,3.173,5.774,1.316,1.002,0.062,0.001,5.687,4.258,1.259,1.001,0.056,0.001,7.613,4.035,1.249,1.001,0.046,2783,2.718,0.894,4.092,9.92,18.52
10/3/19 7:30,6488,276,730,0.098,0.001,3.219,5.774,1.316,1.002,0.062,0.001,5.717,4.258,1.259,1.001,0.056,0.001,7.593,4.036,1.249,1.001,0.047,3202,3.127,0.784,4.168,9.87,18.51
10/3/19 7:45,6489,276,745,0.098,0.001,3.203,5.775,1.316,1.002,0.062,0.001,5.734,4.259,1.259,1.001,0.056,0.001,7.594,4.036,1.249,1.001,0.047,2953,2.883,2.544,4.272,9.76,18.49
10/3/19 8:00,6490,276,800,0.098,0.001,3.226,5.773,1.316,1.002,0.062,0.001,5.706,4.257,1.259,1.001,0.056,0.001,7.562,4.036,1.249,1.001,0.048,3316,3.238,4.47,4.627,10.06,18.55
10/3/19 8:15,6491,276,815,0.097,0.001,3.178,5.746,1.315,1.002,0.062,0.001,5.702,4.257,1.259,1.001,0.056,0.001,7.578,4.034,1.249,1.001,0.048,3233,3.157,3.696,5.082,10.17,18.57
10/3/19 8:30,6492,276,830,0.097,0.002,3.201,5.746,1.315,1.002,0.062,0.001,5.689,4.255,1.259,1.001,0.056,0.001,7.524,4.036,1.249,1.001,0.049,3562,3.479,3.513,5.326,10.13,18.56
10/3/19 8:45,6493,276,845,0.097,0.002,3.192,5.745,1.315,1.002,0.062,0.001,5.693,4.257,1.259,1.001,0.056,0.001,7.541,4.035,1.249,1.001,0.048,3691,3.604,3.05,5.708,9.97,18.53
10/3/19 9:00,6494,276,900,0.097,0.001,3.192,5.746,1.315,1.002,0.062,0.001,5.676,4.258,1.259,1.001,0.056,0.001,7.544,4.035,1.249,1.001,0.047,3449,3.368,2.836,6.038,9.81,18.5
10/3/19 9:15,6495,276,915,0.097,0.001,3.201,5.746,1.315,1.002,0.062,0.001,5.675,4.259,1.259,1.001,0.056,0.001,7.558,4.034,1.249,1.001,0.048,3301,3.223,3.553,6.436,9.66,18.47
10/3/19 9:30,6496,276,930,0.097,0.001,3.192,5.747,1.315,1.002,0.062,0.001,5.66,4.256,1.259,1.001,0.056,0.001,7.554,4.037,1.249,1.001,0.044,3510,3.428,4.989,6.835,9.81,18.5
10/3/19 9:45,6497,276,945,0.097,0.001,3.188,5.747,1.315,1.002,0.062,0,5.653,4.26,1.259,1.001,0.056,0.001,7.533,4.037,1.249,1.001,0.043,3906,3.815,4.305,6.751,10.06,18.55
10/3/19 10:00,6498,276,1000,0.097,0.001,3.187,5.746,1.315,1.002,0.062,0.001,5.663,4.257,1.259,1.001,0.056,0.001,7.549,4.035,1.249,1.001,0.041,3415,3.335,4.901,6.99,10.07,18.55
10/3/19 10:15,6499,276,1015,0.097,0.001,3.206,5.746,1.315,1.002,0.062,0.001,5.655,4.258,1.259,1.001,0.056,0.001,7.503,4.037,1.249,1.001,0.039,3594,3.509,4.343,6.857,9.95,18.53
10/3/19 10:30,6500,276,1030,0.097,0.002,3.186,5.748,1.315,1.002,0.062,0.001,5.65,4.258,1.259,1.001,0.056,0.001,7.51,4.034,1.249,1.001,0.037,2927,2.859,3.139,6.591,9.48,18.44
10/3/19 10:45,6501,276,1045,0.098,0.002,3.185,5.773,1.316,1.002,0.062,0.001,5.63,4.258,1.259,1.001,0.056,0.001,7.499,4.035,1.249,1.001,0.033,4316,4.215,4.97,7.525,9.37,18.42
10/3/19 11:00,6502,276,1100,0.098,0.002,3.182,5.776,1.316,1.002,0.062,0.001,5.654,4.259,1.259,1.001,0.056,0.001,7.489,4.036,1.249,1.001,0.03,3883,3.792,5.14,7.051,9.55,18.45
10/3/19 11:15,6503,276,1115,0.099,0.002,3.179,5.802,1.317,1.002,0.062,0.001,5.641,4.256,1.259,1.001,0.056,0.001,7.51,4.037,1.249,1.001,0.027,3630,3.545,5.231,7.057,9.48,18.44
10/3/19 11:30,6504,276,1130,0.099,0.002,3.174,5.804,1.317,1.002,0.062,0.001,5.614,4.255,1.259,1.001,0.056,0.001,7.491,4.036,1.249,1.001,0.026,3780,3.691,4.575,7.012,9.4,18.42
10/3/19 11:45,6505,276,1145,0.099,0.002,3.193,5.829,1.318,1.002,0.062,0.001,5.636,4.257,1.259,1.001,0.056,0.001,7.5,4.036,1.249,1.001,0.024,3785,3.697,5.857,7.458,9.39,18.42
10/3/19 12:00,6506,276,1200,0.099,0.002,3.208,5.832,1.318,1.002,0.062,0.001,5.617,4.257,1.259,1.001,0.056,0.001,7.47,4.034,1.249,1.001,0.024,3310,3.232,5.342,7.246,9.43,18.43
10/3/19 12:15,6507,276,1215,0.1,0.002,3.172,5.86,1.319,1.002,0.062,0.001,5.589,4.257,1.259,1.001,0.056,0.001,7.506,4.036,1.249,1.001,0.025,3578,3.494,6.032,7.413,9.52,18.44
10/3/19 12:30,6508,276,1230,0.101,0.002,3.209,5.888,1.32,1.002,0.062,0.001,5.589,4.257,1.259,1.001,0.056,0.001,7.476,4.036,1.249,1.001,0.024,3398,3.318,5.417,8.22,9.75,18.49
10/3/19 12:45,6509,276,1245,0.101,0.002,3.228,5.889,1.32,1.002,0.062,0.001,5.592,4.257,1.259,1.001,0.056,0.001,7.484,4.037,1.249,1.001,0.024,3471,3.389,5.401,8.91,9.6,18.46
10/3/19 13:00,6510,276,1300,0.101,0.001,3.172,5.917,1.321,1.002,0.062,0.001,5.549,4.257,1.259,1.001,0.056,0.001,7.476,4.035,1.249,1.001,0.024,3313,3.235,5.896,9.28,9.41,18.42
10/3/19 13:15,6511,276,1315,0.101,0.002,3.198,5.917,1.321,1.002,0.062,0.001,5.545,4.255,1.259,1.001,0.056,0.001,7.476,4.036,1.249,1.001,0.024,3472,3.39,6.554,9.43,9.34,18.41
10/3/19 13:30,6512,276,1330,0.102,0.002,3.194,5.944,1.322,1.002,0.062,0.001,5.562,4.259,1.259,1.001,0.056,0.001,7.472,4.036,1.249,1.001,0.024,3018,2.948,5.522,8.94,9.49,18.44
10/3/19 13:45,6513,276,1345,0.102,0.002,3.182,5.946,1.322,1.002,0.062,0.001,5.563,4.258,1.259,1.001,0.056,0.001,7.45,4.036,1.249,1.001,0.024,2990,2.92,4.642,8.31,9.75,18.49
10/3/19 14:00,6514,276,1400,0.103,0.002,3.168,5.972,1.324,1.002,0.062,0.001,5.55,4.258,1.259,1.001,0.056,0.001,7.415,4.036,1.249,1.001,0.024,2885,2.817,4.66,7.558,9.71,18.48
10/3/19 14:15,6515,276,1415,0.103,0.002,3.14,5.974,1.324,1.002,0.062,0.001,5.55,4.256,1.259,1.001,0.056,0.001,7.426,4.037,1.249,1.001,0.024,3748,3.66,4.515,7.659,9.68,18.47
10/3/19 14:30,6516,276,1430,0.103,0.001,3.159,6.003,1.325,1.002,0.062,0.001,5.509,4.256,1.259,1.001,0.056,0.001,7.389,4.037,1.249,1.001,0.024,2987,2.917,4.449,7.012,9.69,18.48
10/3/19 14:45,6517,276,1445,0.103,0.001,3.143,6.004,1.325,1.002,0.062,0.001,5.49,4.255,1.259,1.001,0.056,0.001,7.415,4.037,1.249,1.001,0.024,3398,3.318,4.437,7.079,9.6,18.46
10/3/19 15:00,6518,276,1500,0.104,0.002,3.159,6.033,1.326,1.002,0.062,0.001,5.549,4.258,1.259,1.001,0.056,0.001,7.424,4.034,1.249,1.001,0.024,3168,3.094,4.566,7.793,9.55,18.45
10/3/19 15:15,6519,276,1515,0.105,0.002,3.142,6.059,1.327,1.002,0.062,0.001,5.543,4.257,1.259,1.001,0.056,0.001,7.433,4.037,1.249,1.001,0.024,3504,3.422,3.462,9.26,9.45,18.43
10/3/19 15:30,6520,276,1530,0.105,0.002,3.112,6.061,1.327,1.002,0.062,0.001,5.504,4.255,1.259,1.001,0.056,0.001,7.404,4.037,1.249,1.001,0.024,4298,4.198,4.474,8.47,9.15,18.37
10/3/19 15:45,6521,276,1545,0.105,0.002,3.131,6.088,1.328,1.002,0.062,0.001,5.545,4.258,1.259,1.001,0.056,0.001,7.389,4.036,1.249,1.001,0.024,3935,3.843,3.18,7.28,8.98,18.34
10/3/19 16:00,6522,276,1600,0.105,0.002,3.117,6.088,1.328,1.002,0.062,0.001,5.489,4.258,1.259,1.001,0.056,0.001,7.368,4.036,1.249,1.001,0.023,3633,3.547,4.342,7.28,8.86,18.32
10/3/19 16:15,6523,276,1615,0.106,0.002,3.166,6.117,1.329,1.002,0.062,0.001,5.481,4.257,1.259,1.001,0.056,0.001,7.384,4.037,1.249,1.001,0.024,3938,3.845,3.324,6.857,8.82,18.31
10/3/19 16:30,6524,276,1630,0.106,0.002,3.159,6.117,1.329,1.002,0.062,0.001,5.45,4.256,1.259,1.001,0.056,0.001,7.369,4.038,1.249,1.001,0.024,3506,3.424,1.089,5.487,8.77,18.3
10/3/19 16:45,6525,276,1645,0.106,0.002,3.182,6.119,1.329,1.002,0.062,0.001,5.458,4.258,1.259,1.001,0.056,0.001,7.355,4.037,1.249,1.001,0.024,3052,2.98,0.651,4.807,8.72,18.29
10/3/19 17:00,6526,276,1700,0.107,0.002,3.175,6.146,1.33,1.002,0.062,0.001,5.445,4.256,1.259,1.001,0.056,0.001,7.393,4.037,1.249,1.001,0.024,2774,2.709,0.068,4.151,8.68,18.28
10/3/19 17:15,6527,276,1715,0.107,0.002,3.163,6.146,1.33,1.002,0.062,0.001,5.416,4.258,1.259,1.001,0.056,0.001,7.38,4.034,1.249,1.001,0.024,3058,2.986,-0.241,3.78,8.64,18.28
10/3/19 17:30,6528,276,1730,0.107,0.002,3.196,6.145,1.33,1.002,0.062,0.001,5.418,4.258,1.259,1.001,0.056,0.001,7.36,4.036,1.249,1.001,0.024,2839,2.773,-0.335,3.584,8.64,18.28
10/3/19 17:45,6529,276,1745,0.107,0.002,3.209,6.146,1.33,1.002,0.062,0.001,5.433,4.257,1.259,1.001,0.056,0.001,7.342,4.037,1.249,1.001,0.024,3184,3.109,-0.484,3.236,8.63,18.28
10/3/19 18:00,6530,276,1800,0.107,0.002,3.184,6.147,1.33,1.002,0.062,0.001,5.37,4.258,1.259,1.001,0.056,0.001,7.322,4.036,1.249,1.001,0.024,2860,2.793,-0.639,3.062,8.63,18.27
10/3/19 18:15,6531,276,1815,0.107,0.002,3.208,6.145,1.33,1.002,0.062,0.001,5.442,4.258,1.259,1.001,0.056,0.001,7.309,4.034,1.249,1.001,0.024,3019,2.948,-0.905,2.801,8.61,18.27
10/3/19 18:30,6532,276,1830,0.107,0.001,3.213,6.147,1.33,1.002,0.062,0.001,5.411,4.257,1.259,1.001,0.056,0.001,7.316,4.035,1.249,1.001,0.024,3147,3.073,-1.464,2.649,8.62,18.27
10/3/19 18:45,6533,276,1845,0.107,0.002,3.197,6.147,1.33,1.002,0.062,0.001,5.381,4.257,1.259,1.001,0.056,0.001,7.296,4.034,1.249,1.001,0.024,2542,2.482,-0.958,2.28,8.58,18.27
10/3/19 19:00,6534,276,1900,0.107,0.002,3.19,6.145,1.33,1.002,0.062,0.001,5.432,4.258,1.259,1.001,0.056,0.001,7.293,4.037,1.249,1.001,0.024,2557,2.497,-1.341,2.177,8.6,18.27
10/3/19 19:15,6535,276,1915,0.107,0.002,3.248,6.143,1.33,1.002,0.062,0.001,5.392,4.257,1.259,1.001,0.056,0.001,7.291,4.035,1.249,1.001,0.024,2714,2.65,-1.887,1.923,8.62,18.27
10/3/19 19:30,6536,276,1930,0.107,0.002,3.155,6.144,1.33,1.002,0.062,0.001,5.422,4.256,1.259,1.001,0.056,0.001,7.298,4.036,1.249,1.001,0.024,3046,2.975,-1.915,1.837,8.64,18.28
10/3/19 19:45,6537,276,1945,0.106,0.002,3.173,6.116,1.329,1.002,0.062,0.001,5.408,4.256,1.259,1.001,0.056,0.001,7.275,4.036,1.249,1.001,0.024,2584,2.523,-2.455,1.643,8.65,18.28
10/3/19 20:00,6538,276,2000,0.106,0.001,3.169,6.118,1.329,1.002,0.062,0.001,5.377,4.258,1.259,1.001,0.056,0.001,7.272,4.036,1.249,1.001,0.024,2990,2.92,-2.608,1.347,8.63,18.27
10/3/19 20:15,6539,276,2015,0.106,0.002,3.154,6.115,1.329,1.002,0.062,0.001,5.413,4.258,1.259,1.001,0.056,0.001,7.298,4.036,1.249,1.001,0.024,2584,2.523,-2.38,1.336,8.64,18.28
10/3/19 20:30,6540,276,2030,0.105,0.002,3.195,6.089,1.328,1.002,0.062,0.001,5.446,4.256,1.259,1.001,0.056,0.001,7.245,4.036,1.249,1.001,0.024,2711,2.648,-2.172,1.353,8.68,18.28
10/3/19 20:45,6541,276,2045,0.105,0.002,3.155,6.088,1.328,1.002,0.062,0.001,5.392,4.258,1.259,1.001,0.056,0.001,7.265,4.035,1.249,1.001,0.024,2622,2.561,-2.301,1.344,8.74,18.3
10/3/19 21:00,6542,276,2100,0.105,0.002,3.171,6.087,1.328,1.002,0.062,0.001,5.387,4.258,1.259,1.001,0.056,0.001,7.243,4.037,1.249,1.001,0.024,2736,2.672,-1.862,1.355,8.82,18.31
10/3/19 21:15,6543,276,2115,0.105,0.002,3.134,6.084,1.328,1.002,0.062,0.001,5.399,4.281,1.26,1.001,0.056,0.001,7.235,4.036,1.249,1.001,0.024,2585,2.525,-1.604,1.474,8.9,18.33
10/3/19 21:30,6544,276,2130,0.105,0.002,3.118,6.06,1.327,1.002,0.062,0.001,5.403,4.283,1.26,1.001,0.056,0.001,7.239,4.035,1.249,1.001,0.024,2755,2.69,-2.072,1.311,8.96,18.34
10/3/19 21:45,6545,276,2145,0.105,0.002,3.091,6.058,1.327,1.002,0.062,0.001,5.423,4.282,1.26,1.001,0.056,0.001,7.226,4.035,1.249,1.001,0.024,2538,2.478,-1.652,1.246,9.01,18.35
10/3/19 22:00,6546,276,2200,0.105,0.002,3.123,6.057,1.327,1.002,0.062,0.001,5.347,4.283,1.26,1.001,0.056,0.001,7.229,4.035,1.249,1.001,0.024,2541,2.481,-2.225,1.203,9.07,18.36
10/3/19 22:15,6547,276,2215,0.104,0.002,3.079,6.03,1.326,1.002,0.062,0.001,5.428,4.28,1.26,1.002,0.056,0.001,7.239,4.036,1.249,1.001,0.024,3005,2.934,-2.487,0.976,9.11,18.37
10/3/19 22:30,6548,276,2230,0.104,0.002,3.076,6.031,1.326,1.002,0.062,0.001,5.385,4.284,1.26,1.001,0.056,0.001,7.219,4.034,1.249,1.001,0.024,2567,2.507,-2.508,0.932,9.17,18.38
10/3/19 22:45,6549,276,2245,0.104,0.001,3.084,6.029,1.326,1.002,0.062,0.001,5.4,4.282,1.26,1.001,0.056,0.001,7.21,4.036,1.249,1.001,0.025,2518,2.459,-2.947,0.819,9.22,18.39
10/3/19 23:00,6550,276,2300,0.103,0.001,3.064,6.003,1.325,1.002,0.062,0.001,5.383,4.284,1.26,1.001,0.056,0.001,7.204,4.035,1.249,1.001,0.025,2731,2.667,-2.251,0.997,9.32,18.41
10/3/19 23:15,6551,276,2315,0.103,0.002,3.078,6,1.325,1.002,0.062,0.001,5.383,4.281,1.26,1.001,0.056,0.001,7.229,4.037,1.249,1.001,0.025,2718,2.654,-2.417,0.997,9.4,18.42
10/3/19 23:30,6552,276,2330,0.103,0.002,3.06,6,1.325,1.002,0.062,0.001,5.378,4.282,1.26,1.001,0.056,0.001,7.193,4.037,1.249,1.001,0.025,2674,2.611,-1.947,0.824,9.44,18.43
10/3/19 23:45,6553,276,2345,0.103,0.002,3.056,5.973,1.324,1.002,0.062,0.001,5.394,4.284,1.26,1.001,0.056,0.001,7.197,4.036,1.249,1.001,0.025,3021,2.95,-1.398,0.835,9.51,18.44
10/4/19 0:00,6554,277,0,0.103,0.001,3.087,5.974,1.324,1.002,0.063,0.001,5.38,4.308,1.261,1.001,0.056,0.001,7.209,4.034,1.249,1.001,0.025,2986,2.916,-2.146,0.792,9.57,18.45
10/4/19 0:15,6555,277,15,0.103,0.002,3.018,5.972,1.324,1.002,0.063,0.001,5.371,4.309,1.261,1.001,0.056,0.001,7.152,4.035,1.249,1.001,0.025,2799,2.733,-2.43,0.857,9.64,18.47
10/4/19 0:30,6556,277,30,0.103,0.002,2.993,5.971,1.324,1.002,0.063,0.001,5.365,4.309,1.261,1.001,0.056,0,7.191,4.039,1.249,1,0.025,3015,2.944,-1.786,0.738,9.71,18.48
10/4/19 0:45,6557,277,45,0.102,0.002,2.976,5.943,1.322,1.002,0.063,0.001,5.359,4.307,1.261,1.001,0.056,0.001,7.161,4.035,1.249,1.001,0.025,2993,2.922,-2.02,0.781,9.81,18.5
10/4/19 1:00,6558,277,100,0.102,0.002,2.983,5.945,1.322,1.002,0.063,0.001,5.353,4.309,1.261,1.001,0.056,0.001,7.169,4.036,1.249,1.001,0.025,3307,3.229,-1.158,0.77,9.9,18.52
10/4/19 1:15,6559,277,115,0.102,0.002,3,5.943,1.322,1.002,0.063,0.001,5.358,4.308,1.261,1.001,0.056,0.001,7.158,4.036,1.249,1.001,0.025,3514,3.432,-1.233,0.662,9.96,18.53
10/4/19 1:30,6560,277,130,0.101,0.001,2.993,5.916,1.321,1.002,0.063,0.001,5.345,4.309,1.261,1.001,0.056,0.001,7.156,4.036,1.249,1.001,0.025,2638,2.576,-1.242,0.619,10.04,18.54
10/4/19 1:45,6561,277,145,0.101,0.001,2.937,5.917,1.321,1.002,0.063,0.001,5.358,4.31,1.261,1.001,0.056,0.001,7.132,4.038,1.249,1.001,0.025,2839,2.773,-1.613,0.635,10.11,18.56
10/4/19 2:00,6562,277,200,0.101,0.001,2.979,5.917,1.321,1.002,0.063,0.001,5.344,4.308,1.261,1.001,0.056,0.001,7.144,4.036,1.249,1.001,0.025,3649,3.563,-1.205,0.597,10.16,18.56
10/4/19 2:15,6563,277,215,0.101,0.001,2.979,5.915,1.321,1.002,0.063,0.001,5.306,4.31,1.261,1.001,0.056,0.001,7.156,4.033,1.249,1.001,0.025,3350,3.271,-1.471,0.381,10.18,18.57
10/4/19 2:30,6564,277,230,0.101,0.002,2.95,5.887,1.32,1.002,0.063,0.001,5.33,4.308,1.261,1.001,0.056,0.001,7.125,4.036,1.249,1.001,0.025,3174,3.1,-2.249,0.207,10.23,18.58
10/4/19 2:45,6565,277,245,0.101,0.002,2.947,5.886,1.32,1.002,0.063,0.001,5.344,4.309,1.261,1.001,0.056,0.001,7.128,4.036,1.249,1.001,0.025,3015,2.945,-2.964,-0.063,10.24,18.58
10/4/19 3:00,6566,277,300,0.101,0.002,2.952,5.886,1.32,1.002,0.064,0.001,5.345,4.333,1.263,1.001,0.056,0.001,7.12,4.036,1.249,1.001,0.025,2604,2.543,-3.271,-0.242,10.25,18.58
10/4/19 3:15,6567,277,315,0.101,0.002,2.941,5.885,1.32,1.002,0.064,0.001,5.318,4.333,1.263,1.001,0.056,0.001,7.092,4.037,1.249,1.001,0.025,2689,2.626,-3.744,-0.377,10.32,18.6
10/4/19 3:30,6568,277,330,0.1,0.002,2.941,5.859,1.319,1.002,0.064,0.001,5.339,4.333,1.263,1.001,0.056,0.001,7.087,4.037,1.249,1.001,0.025,2813,2.747,-4.431,-0.631,10.3,18.59
10/4/19 3:45,6569,277,345,0.1,0.002,2.909,5.857,1.319,1.002,0.064,0.001,5.319,4.336,1.263,1.001,0.056,0.001,7.094,4.035,1.249,1.001,0.025,2537,2.478,-4.303,-0.776,10.3,18.59
10/4/19 4:00,6570,277,400,0.1,0.001,2.905,5.86,1.319,1.002,0.064,0.001,5.315,4.334,1.263,1.001,0.056,0.001,7.113,4.038,1.249,1.001,0.023,2724,2.66,-4.347,-0.831,10.34,18.6
10/4/19 4:15,6571,277,415,0.1,0.002,2.888,5.859,1.319,1.002,0.064,0.001,5.299,4.332,1.263,1.001,0.056,0.001,7.11,4.035,1.249,1.001,0.02,2656,2.594,-4.224,-0.646,10.35,18.6
10/4/19 4:30,6572,277,430,0.1,0.002,2.897,5.857,1.319,1.002,0.064,0.001,5.298,4.334,1.263,1.001,0.056,0.001,7.107,4.034,1.249,1.001,0.018,2664,2.602,-3.837,-0.374,10.36,18.6
10/4/19 4:45,6573,277,445,0.099,0.002,2.858,5.83,1.318,1.002,0.064,0.001,5.292,4.335,1.263,1.001,0.056,0.001,7.103,4.036,1.249,1.001,0.017,2491,2.432,-4.142,-0.472,10.32,18.6
10/4/19 5:00,6574,277,500,0.099,0.002,2.843,5.83,1.318,1.002,0.064,0.001,5.292,4.336,1.263,1.001,0.056,0.001,7.086,4.036,1.249,1.001,0.015,2888,2.82,-4.638,-0.797,10.32,18.6
10/4/19 5:15,6575,277,515,0.099,0.002,2.846,5.83,1.318,1.002,0.064,0.001,5.288,4.334,1.263,1.001,0.056,0.001,7.075,4.036,1.249,1.001,0.012,3292,3.215,-4.18,-0.915,10.37,18.6
10/4/19 5:30,6576,277,530,0.099,0.002,2.844,5.829,1.318,1.002,0.064,0.001,5.275,4.335,1.263,1.001,0.056,0.001,7.072,4.036,1.249,1.001,0.01,2672,2.61,-4.203,-0.985,10.43,18.62
10/4/19 5:45,6577,277,545,0.099,0.002,2.816,5.801,1.317,1.002,0.064,0.001,5.277,4.359,1.264,1.001,0.056,0.001,7.075,4.036,1.249,1.001,0.008,2485,2.427,-4.181,-0.957,10.46,18.62
10/4/19 6:00,6578,277,600,0.099,0.001,2.832,5.803,1.317,1.002,0.064,0.001,5.274,4.359,1.264,1.001,0.056,0.001,7.068,4.037,1.249,1.001,0.005,2513,2.454,-4.673,-0.914,10.47,18.62
10/4/19 6:15,6579,277,615,0.099,0.001,2.817,5.803,1.317,1.002,0.064,0.001,5.265,4.359,1.264,1.001,0.056,0.001,7.054,4.037,1.249,1.001,0.003,2537,2.477,-4.292,-0.665,10.41,18.61
10/4/19 6:30,6580,277,630,0.099,0.002,2.812,5.803,1.317,1.002,0.064,0.001,5.259,4.362,1.264,1.001,0.056,0.001,7.048,4.037,1.249,1.001,0.002,2472,2.414,-3.53,-0.373,10.37,18.61
10/4/19 6:45,6581,277,645,0.099,0.002,2.82,5.8,1.317,1.002,0.064,0.001,5.26,4.36,1.264,1.001,0.056,0.001,7.038,4.036,1.249,1.001,0.004,2965,2.896,-2.11,0.797,10.42,18.61
10/4/19 7:00,6582,277,700,0.098,0.002,2.812,5.774,1.316,1.002,0.064,0.001,5.237,4.36,1.264,1.001,0.056,0.001,7.052,4.034,1.249,1.001,0.016,3156,3.082,-1.81,1.144,10.45,18.62
10/4/19 7:15,6583,277,715,0.098,0.002,2.776,5.774,1.316,1.002,0.064,0.001,5.272,4.359,1.264,1.001,0.056,0.001,7.064,4.037,1.249,1.001,0.023,2490,2.432,-1.466,0.96,10.67,18.66
10/4/19 7:30,6584,277,730,0.098,0.001,2.766,5.775,1.316,1.002,0.064,0.001,5.246,4.358,1.264,1.002,0.056,0.001,7.032,4.037,1.249,1.001,0.024,2417,2.361,-1.057,0.58,10.46,18.62
10/4/19 7:45,6585,277,745,0.098,0.001,2.756,5.773,1.316,1.002,0.064,0.001,5.234,4.358,1.264,1.001,0.056,0.001,7.054,4.036,1.249,1.001,0.024,2412,2.356,0.397,0.893,10.46,18.62
10/4/19 8:00,6586,277,800,0.097,0.001,2.733,5.746,1.315,1.002,0.064,0.001,5.217,4.361,1.264,1.001,0.056,0.001,7.041,4.036,1.249,1.001,0.025,2426,2.369,2.204,1.183,10.83,18.69
10/4/19 8:15,6587,277,815,0.097,0.001,2.741,5.748,1.315,1.001,0.064,0.001,5.229,4.359,1.264,1.002,0.056,0.001,7.022,4.035,1.249,1.001,0.025,2530,2.47,3.358,2.244,11.06,18.74
10/4/19 8:30,6588,277,830,0.097,0.001,2.727,5.744,1.314,1.002,0.065,0.001,5.225,4.384,1.265,1.001,0.056,0.001,7.02,4.038,1.249,1.001,0.025,2510,2.451,3.933,3.09,11.01,18.73
10/4/19 8:45,6589,277,845,0.097,0.001,2.702,5.72,1.313,1.001,0.064,0.001,5.222,4.361,1.264,1.001,0.056,0.001,7.033,4.037,1.249,1.001,0.025,2529,2.47,3.923,3.824,10.6,18.65
10/4/19 9:00,6590,277,900,0.097,0.001,2.719,5.719,1.313,1.002,0.065,0.001,5.25,4.384,1.265,1.001,0.056,0.001,7.023,4.035,1.249,1.001,0.025,2741,2.676,3.067,4.59,10.33,18.6
10/4/19 9:15,6591,277,915,0.097,0.001,2.702,5.721,1.313,1.002,0.065,0.001,5.209,4.386,1.265,1.001,0.056,0.001,7.001,4.037,1.249,1.001,0.025,3235,3.16,2.597,5.257,10.25,18.58
10/4/19 9:30,6592,277,930,0.097,0.002,2.68,5.746,1.315,1.002,0.065,0.001,5.186,4.385,1.265,1.001,0.056,0.001,6.995,4.034,1.249,1.001,0.025,2998,2.927,3.456,5.773,10.41,18.61
10/4/19 9:45,6593,277,945,0.098,0.001,2.701,5.75,1.315,1.001,0.065,0.001,5.186,4.387,1.265,1.001,0.056,0.001,6.997,4.034,1.249,1.001,0.025,3626,3.541,4.592,5.795,10.76,18.68
10/4/19 10:00,6594,277,1000,0.098,0.002,2.703,5.774,1.316,1.002,0.065,0.001,5.177,4.385,1.265,1.001,0.056,0.001,6.987,4.034,1.249,1.001,0.025,3434,3.353,4.994,5.509,10.72,18.67
10/4/19 10:15,6595,277,1015,0.098,0.001,2.695,5.78,1.316,1.001,0.065,0.001,5.18,4.384,1.265,1.001,0.056,0.001,6.998,4.034,1.249,1.001,0.025,3448,3.367,4.651,5.95,10.75,18.68
10/4/19 10:30,6596,277,1030,0.099,0.002,2.661,5.833,1.318,1.002,0.065,0.001,5.181,4.386,1.265,1.001,0.056,0.001,6.997,4.036,1.249,1.001,0.025,3586,3.502,3.825,6.624,10.33,18.6
10/4/19 10:45,6597,277,1045,0.1,0.002,2.627,5.861,1.319,1.002,0.065,0.001,5.158,4.384,1.265,1.001,0.056,0.001,6.984,4.038,1.249,1.001,0.025,2524,2.465,3.862,7.107,10.12,18.56
10/4/19 11:00,6598,277,1100,0.101,0.002,2.61,5.917,1.321,1.002,0.065,0.001,5.19,4.385,1.265,1.001,0.056,0.001,6.994,4.035,1.249,1.001,0.024,2935,2.866,3.781,7.38,10.41,18.61
10/4/19 11:15,6599,277,1115,0.102,0.002,2.623,5.947,1.322,1.002,0.065,0.001,5.156,4.385,1.265,1.001,0.056,0.001,6.974,4.035,1.249,1.001,0.024,3463,3.382,4.403,7.035,10.27,18.59
10/4/19 11:30,6600,277,1130,0.103,0.002,2.646,5.975,1.324,1.002,0.065,0.001,5.156,4.384,1.265,1.001,0.056,0.001,6.965,4.037,1.249,1.001,0.024,3492,3.41,5.713,6.946,10.19,18.57
10/4/19 11:45,6601,277,1145,0.103,0.002,2.719,6.003,1.325,1.002,0.065,0.001,5.148,4.386,1.265,1.001,0.056,0.001,6.953,4.036,1.249,1.001,0.024,2697,2.634,7.774,6.907,10.08,18.55
10/4/19 12:00,6602,277,1200,0.104,0.002,2.717,6.033,1.326,1.002,0.065,0.001,5.119,4.411,1.266,1.001,0.056,0.001,6.938,4.036,1.249,1.001,0.024,3085,3.012,7.919,7.771,10.15,18.56
10/4/19 12:15,6603,277,1215,0.105,0.001,2.823,6.062,1.327,1.002,0.065,0.001,5.117,4.41,1.266,1.001,0.056,0.001,6.962,4.034,1.249,1.001,0.024,3028,2.957,9.01,8.35,10.17,18.57
10/4/19 12:30,6604,277,1230,0.105,0.002,2.899,6.088,1.328,1.002,0.065,0.001,5.12,4.412,1.266,1.001,0.056,0.001,6.949,4.035,1.249,1.001,0.024,2751,2.686,8.92,10.34,10.46,18.62
10/4/19 12:45,6605,277,1245,0.105,0.002,2.987,6.087,1.328,1.002,0.065,0.001,5.126,4.409,1.266,1.001,0.056,0.001,6.966,4.036,1.249,1.001,0.024,2911,2.843,8.01,11.86,10.25,18.58
10/4/19 13:00,6606,277,1300,0.105,0.002,3.067,6.089,1.328,1.002,0.065,0.001,5.126,4.41,1.266,1.001,0.056,0.001,6.97,4.037,1.249,1.001,0.024,3964,3.871,8.44,12.83,9.98,18.53
10/4/19 13:15,6607,277,1315,0.106,0.002,3.127,6.116,1.329,1.002,0.066,0.001,5.087,4.411,1.266,1.001,0.056,0.001,6.946,4.036,1.249,1.001,0.024,3699,3.612,8.18,12.84,9.77,18.49
10/4/19 13:30,6608,277,1330,0.106,0.002,3.237,6.116,1.329,1.002,0.066,0.001,5.094,4.418,1.266,1.001,0.056,0.001,6.956,4.034,1.249,1.001,0.024,3656,3.57,7.095,12.91,9.81,18.5
10/4/19 13:45,6609,277,1345,0.106,0.001,3.299,6.12,1.329,1.002,0.068,0.001,5.079,4.514,1.27,1.002,0.056,0.001,6.944,4.035,1.249,1.001,0.024,3473,3.392,7.195,11.59,10.02,18.54
10/4/19 14:00,6610,277,1400,0.107,0.002,3.398,6.146,1.33,1.002,0.069,0.001,5.07,4.543,1.272,1.001,0.056,0.001,6.933,4.035,1.249,1.001,0.023,4080,3.984,7.172,10.77,10.04,18.54
10/4/19 14:15,6611,277,1415,0.107,0.002,3.476,6.147,1.33,1.002,0.069,0.001,5.094,4.569,1.273,1.001,0.056,0.001,6.896,4.035,1.249,1.001,0.023,3907,3.815,7.034,10.75,10.09,18.55
10/4/19 14:30,6612,277,1430,0.107,0.002,3.517,6.143,1.33,1.002,0.07,0.001,5.077,4.594,1.274,1.001,0.056,0.001,6.922,4.035,1.249,1.001,0.023,4548,4.442,7.501,10.19,10.08,18.55
10/4/19 14:45,6613,277,1445,0.107,0.002,3.618,6.146,1.33,1.002,0.071,0.001,5.072,4.622,1.275,1.001,0.056,0.001,6.931,4.034,1.249,1.001,0.023,3464,3.383,7.527,10.15,10.01,18.54
10/4/19 15:00,6614,277,1500,0.107,0.002,3.728,6.174,1.331,1.002,0.071,0.001,5.049,4.644,1.276,1.002,0.056,0.001,6.895,4.037,1.249,1.001,0.023,4071,3.975,6.883,10.74,9.87,18.51
10/4/19 15:15,6615,277,1515,0.107,0.002,3.82,6.174,1.331,1.002,0.071,0.001,5.086,4.649,1.276,1.001,0.056,0.001,6.898,4.036,1.249,1.001,0.023,2791,2.725,7.242,12.68,9.74,18.48
10/4/19 15:30,6616,277,1530,0.107,0.002,3.984,6.175,1.331,1.002,0.072,0.001,5.082,4.675,1.277,1.001,0.056,0.001,6.859,4.036,1.249,1.001,0.023,3062,2.99,7.459,12.23,9.48,18.44
10/4/19 15:45,6617,277,1545,0.107,0.002,4.142,6.175,1.331,1.002,0.072,0.001,5.114,4.697,1.278,1.002,0.056,0.001,6.862,4.036,1.249,1.001,0.023,2929,2.86,5.772,11.46,9.22,18.39
10/4/19 16:00,6618,277,1600,0.107,0.002,4.342,6.174,1.331,1.002,0.072,0.001,5.116,4.697,1.278,1.002,0.056,0.001,6.866,4.037,1.249,1.001,0.023,4351,4.249,8.03,11.37,9.04,18.35
10/4/19 16:15,6619,277,1615,0.107,0.002,4.462,6.175,1.331,1.002,0.072,0.001,5.111,4.696,1.278,1.002,0.056,0,6.877,4.038,1.249,1,0.023,4382,4.279,4.128,10.4,8.96,18.34
10/4/19 16:30,6620,277,1630,0.107,0.002,4.625,6.173,1.331,1.002,0.072,0.001,5.114,4.697,1.278,1.001,0.056,0.001,6.879,4.036,1.249,1.001,0.023,4194,4.096,3.813,8.38,8.95,18.34
10/4/19 16:45,6621,277,1645,0.107,0.002,4.798,6.171,1.331,1.002,0.073,0.001,5.086,4.701,1.278,1.001,0.056,0.001,6.874,4.035,1.249,1.001,0.023,3671,3.585,3.471,7.558,9.02,18.35
10/4/19 17:00,6622,277,1700,0.107,0.002,4.903,6.144,1.33,1.002,0.073,0.001,5.129,4.725,1.279,1.001,0.056,0.001,6.871,4.038,1.249,1.001,0.023,3282,3.205,2.42,6.89,9.04,18.35
10/4/19 17:15,6623,277,1715,0.107,0.002,4.99,6.145,1.33,1.002,0.073,0.001,5.129,4.724,1.279,1.001,0.056,0.001,6.872,4.036,1.249,1.001,0.023,2890,2.822,1.545,5.95,8.96,18.34
10/4/19 17:30,6624,277,1730,0.107,0.002,5.146,6.145,1.33,1.002,0.073,0.001,5.131,4.725,1.279,1.001,0.056,0.001,6.846,4.036,1.249,1.001,0.023,3091,3.019,0.859,5.114,8.93,18.33
10/4/19 17:45,6625,277,1745,0.107,0.002,5.225,6.144,1.33,1.002,0.073,0.001,5.163,4.723,1.279,1.002,0.056,0.001,6.833,4.035,1.249,1.001,0.023,2598,2.537,0.323,4.118,8.93,18.33
10/4/19 18:00,6626,277,1800,0.107,0.002,5.296,6.145,1.33,1.002,0.073,0.001,5.179,4.722,1.279,1.001,0.056,0.001,6.843,4.037,1.249,1.001,0.023,2599,2.538,-0.308,3.715,8.96,18.34
10/4/19 18:15,6627,277,1815,0.107,0.002,5.346,6.143,1.33,1.002,0.072,0.001,5.164,4.698,1.278,1.001,0.056,0.001,6.826,4.035,1.249,1.001,0.024,2707,2.644,-0.414,3.715,8.96,18.34
10/4/19 18:30,6628,277,1830,0.107,0.002,5.38,6.145,1.33,1.002,0.072,0.001,5.192,4.697,1.278,1.002,0.056,0.001,6.824,4.036,1.249,1.001,0.024,2544,2.484,-0.727,3.502,8.97,18.34
10/4/19 18:45,6629,277,1845,0.107,0.002,5.423,6.142,1.33,1.002,0.072,0.001,5.186,4.697,1.278,1.002,0.056,0,6.824,4.039,1.249,1,0.024,2559,2.499,-0.84,3.323,9,18.34
10/4/19 19:00,6630,277,1900,0.106,0.002,5.425,6.115,1.329,1.002,0.072,0.001,5.226,4.699,1.278,1.001,0.056,0.001,6.788,4.038,1.249,1.001,0.024,2531,2.472,-1.01,3.127,9.03,18.35
10/4/19 19:15,6631,277,1915,0.106,0.002,5.452,6.117,1.329,1.002,0.073,0.001,5.276,4.702,1.278,1.001,0.056,0.001,6.836,4.036,1.249,1.001,0.024,2643,2.581,-1.418,2.671,9.02,18.35
10/4/19 19:30,6632,277,1930,0.106,0.002,5.393,6.117,1.329,1.002,0.073,0.001,5.265,4.723,1.279,1.002,0.056,0.001,6.806,4.038,1.249,1.001,0.024,2500,2.441,-1.583,2.807,9.05,18.35
10/4/19 19:45,6633,277,1945,0.106,0.002,5.36,6.117,1.329,1.002,0.073,0.001,5.299,4.725,1.28,1.002,0.056,0.001,6.817,4.034,1.249,1.001,0.024,2679,2.617,-1.633,2.508,9.09,18.36
10/4/19 20:00,6634,277,2000,0.106,0.002,5.332,6.113,1.329,1.003,0.074,0.001,5.303,4.752,1.281,1.001,0.056,0.001,6.806,4.035,1.249,1.001,0.024,2522,2.463,-1.907,2.508,9.1,18.36
10/4/19 20:15,6635,277,2015,0.106,0.002,5.335,6.115,1.329,1.002,0.074,0.001,5.326,4.751,1.281,1.001,0.056,0.001,6.815,4.037,1.249,1.001,0.024,2519,2.46,-1.859,2.508,9.13,18.37
10/4/19 20:30,6636,277,2030,0.105,0.001,5.252,6.089,1.328,1.002,0.074,0.001,5.367,4.752,1.281,1.001,0.056,0.001,6.826,4.035,1.249,1.001,0.024,2528,2.469,-1.814,2.39,9.16,18.38
10/4/19 20:45,6637,277,2045,0.105,0.002,5.228,6.087,1.328,1.002,0.074,0.001,5.356,4.752,1.281,1.001,0.056,0.001,6.814,4.036,1.249,1.001,0.024,2706,2.643,-2.079,2.271,9.18,18.38
10/4/19 21:00,6638,277,2100,0.105,0.002,5.168,6.085,1.328,1.002,0.074,0.001,5.392,4.752,1.281,1.001,0.056,0.001,6.806,4.036,1.249,1.001,0.024,2547,2.488,-2.24,2.208,9.17,18.38
10/4/19 21:15,6639,277,2115,0.105,0.002,5.122,6.086,1.328,1.002,0.074,0.001,5.393,4.753,1.281,1.001,0.056,0.001,6.808,4.034,1.249,1.001,0.025,2508,2.449,-2.303,2.123,9.22,18.39
10/4/19 21:30,6640,277,2130,0.105,0.002,5.105,6.088,1.328,1.002,0.074,0.001,5.404,4.751,1.281,1.001,0.056,0.001,6.835,4.034,1.249,1.001,0.025,2528,2.469,-2.43,2.07,9.26,18.39
10/4/19 21:45,6641,277,2145,0.105,0.002,5.025,6.085,1.328,1.002,0.074,0.001,5.436,4.751,1.281,1.001,0.056,0.001,6.785,4.034,1.249,1.001,0.025,2539,2.479,-2.525,1.907,9.29,18.4
10/4/19 22:00,6642,277,2200,0.105,0.002,4.983,6.059,1.327,1.002,0.074,0.001,5.453,4.752,1.281,1.002,0.056,0.001,6.781,4.036,1.249,1.001,0.025,2537,2.477,-2,1.918,9.34,18.41
10/4/19 22:15,6643,277,2215,0.105,0.002,4.933,6.059,1.327,1.002,0.074,0.001,5.454,4.777,1.282,1.001,0.056,0.001,6.802,4.035,1.249,1.001,0.025,2550,2.491,-2.318,1.864,9.41,18.42
10/4/19 22:30,6644,277,2230,0.105,0.002,4.836,6.057,1.327,1.002,0.074,0.001,5.47,4.778,1.282,1.001,0.056,0.001,6.786,4.035,1.249,1.001,0.025,2538,2.479,-0.922,2.363,9.48,18.44
10/4/19 22:45,6645,277,2245,0.105,0.002,4.784,6.057,1.327,1.002,0.074,0.001,5.469,4.775,1.282,1.002,0.056,0.001,6.764,4.034,1.249,1.001,0.025,2522,2.463,-1.283,2.851,9.66,18.47
10/4/19 23:00,6646,277,2300,0.104,0.002,4.769,6.03,1.326,1.002,0.074,0.001,5.519,4.776,1.282,1.002,0.056,0.001,6.765,4.035,1.249,1.001,0.025,2512,2.453,-0.768,2.688,9.63,18.46
10/4/19 23:15,6647,277,2315,0.104,0.002,4.672,6.031,1.326,1.002,0.074,0.001,5.52,4.779,1.282,1.001,0.056,0.001,6.78,4.035,1.249,1.001,0.025,2888,2.821,0.223,3.416,9.79,18.5
10/4/19 23:30,6648,277,2330,0.104,0.002,4.602,6.031,1.326,1.002,0.074,0.001,5.494,4.776,1.282,1.002,0.056,0.001,6.788,4.035,1.249,1.001,0.025,2870,2.803,0.436,3.689,9.85,18.51
10/4/19 23:45,6649,277,2345,0.104,0.002,4.602,6.03,1.326,1.002,0.074,0.001,5.521,4.777,1.282,1.001,0.056,0.001,6.786,4.037,1.249,1.001,0.025,3035,2.964,-0.621,3.416,9.83,18.5
10/5/19 0:00,6650,278,0,0.104,0.002,4.521,6.028,1.326,1.002,0.074,0.001,5.545,4.778,1.282,1.001,0.056,0.001,6.796,4.035,1.249,1.001,0.025,2899,2.831,-0.974,3.025,9.77,18.49
10/5/19 0:15,6651,278,15,0.103,0.002,4.476,6.002,1.325,1.002,0.074,0.001,5.526,4.779,1.282,1.001,0.056,0.001,6.781,4.035,1.249,1.001,0.025,2741,2.677,-1.612,2.873,9.74,18.49
10/5/19 0:30,6652,278,30,0.103,0.002,4.433,6.001,1.325,1.002,0.075,0.001,5.571,4.806,1.283,1.001,0.056,0.001,6.769,4.035,1.249,1.001,0.025,2519,2.46,-2.383,2.303,9.61,18.46
10/5/19 0:45,6653,278,45,0.103,0.002,4.394,6.001,1.325,1.002,0.075,0.001,5.583,4.803,1.283,1.001,0.056,0.001,6.802,4.036,1.249,1.001,0.025,2533,2.474,-1.641,2.287,9.63,18.46
10/5/19 1:00,6654,278,100,0.103,0.002,4.327,6.001,1.325,1.002,0.074,0.001,5.585,4.779,1.282,1.001,0.056,0.001,6.788,4.037,1.249,1.001,0.025,2533,2.474,-2.231,1.961,9.65,18.47
10/5/19 1:15,6655,278,115,0.103,0.002,4.27,6,1.325,1.002,0.074,0.001,5.607,4.778,1.282,1.001,0.056,0.001,6.79,4.037,1.249,1.001,0.025,2521,2.462,-2.277,2.091,9.62,18.46
10/5/19 1:30,6656,278,130,0.103,0.002,4.229,5.973,1.324,1.002,0.074,0.001,5.565,4.776,1.282,1.002,0.056,0.001,6.781,4.034,1.249,1.001,0.025,2505,2.447,-2.305,2.373,9.55,18.45
10/5/19 1:45,6657,278,145,0.103,0.002,4.216,5.973,1.324,1.002,0.074,0.001,5.576,4.779,1.282,1.001,0.056,0.001,6.805,4.036,1.249,1.001,0.025,2419,2.363,-1.609,2.916,9.52,18.44
10/5/19 2:00,6658,278,200,0.103,0.001,4.191,5.975,1.324,1.002,0.075,0.001,5.569,4.803,1.283,1.002,0.056,0.001,6.787,4.037,1.249,1.001,0.025,2437,2.38,-1.254,3.634,9.5,18.44
10/5/19 2:15,6659,278,215,0.103,0.002,4.125,5.973,1.324,1.002,0.075,0.001,5.588,4.804,1.283,1.001,0.056,0.001,6.779,4.035,1.249,1.001,0.025,2437,2.379,-1.935,3.689,9.42,18.43
10/5/19 2:30,6660,278,230,0.103,0.002,4.086,5.971,1.324,1.002,0.075,0.001,5.582,4.807,1.283,1.001,0.056,0.001,6.786,4.035,1.249,1.001,0.025,2474,2.416,-1.798,3.373,9.31,18.4
10/5/19 2:45,6661,278,245,0.102,0.002,4.059,5.942,1.322,1.002,0.076,0.001,5.577,4.829,1.284,1.002,0.056,0.001,6.802,4.037,1.249,1.001,0.025,2453,2.395,-0.938,3.819,9.3,18.4
10/5/19 3:00,6662,278,300,0.102,0.002,4.049,5.945,1.322,1.002,0.076,0.001,5.586,4.829,1.284,1.002,0.056,0.001,6.794,4.034,1.249,1.001,0.025,2414,2.358,-1.297,3.917,9.27,18.4
10/5/19 3:15,6663,278,315,0.102,0.002,3.979,5.945,1.322,1.002,0.076,0.001,5.585,4.831,1.284,1.001,0.056,0.001,6.796,4.033,1.249,1.001,0.025,2460,2.402,-1.931,3.547,9.19,18.38
10/5/19 3:30,6664,278,330,0.102,0.002,3.922,5.942,1.322,1.002,0.076,0.001,5.616,4.827,1.284,1.002,0.056,0.001,6.782,4.035,1.249,1.001,0.025,2454,2.397,-2.006,3.416,9.1,18.37
10/5/19 3:45,6665,278,345,0.101,0.002,3.892,5.916,1.321,1.002,0.076,0.001,5.611,4.83,1.284,1.002,0.056,0.001,6.777,4.036,1.249,1.001,0.025,2427,2.37,-1.947,3.438,9.07,18.36
10/5/19 4:00,6666,278,400,0.101,0.001,3.836,5.918,1.321,1.002,0.076,0.001,5.582,4.829,1.284,1.002,0.056,0.001,6.792,4.037,1.249,1.001,0.025,2439,2.382,-1.927,3.574,9.05,18.35
10/5/19 4:15,6667,278,415,0.101,0.002,3.867,5.915,1.321,1.002,0.076,0.001,5.616,4.83,1.284,1.002,0.056,0.001,6.805,4.036,1.249,1.001,0.025,2420,2.363,-1.831,3.498,8.99,18.34
10/5/19 4:30,6668,278,430,0.101,0.001,3.846,5.917,1.321,1.002,0.076,0.001,5.57,4.857,1.285,1.001,0.056,0.001,6.802,4.036,1.249,1.001,0.025,2436,2.379,-1.829,3.308,8.99,18.34
10/5/19 4:45,6669,278,445,0.101,0.001,3.794,5.916,1.321,1.002,0.076,0.001,5.568,4.856,1.285,1.002,0.056,0.001,6.786,4.036,1.249,1.001,0.025,2513,2.454,-1.647,3.287,8.96,18.34
10/5/19 5:00,6670,278,500,0.101,0.002,3.757,5.888,1.32,1.002,0.076,0.001,5.577,4.857,1.285,1.001,0.056,0.001,6.794,4.036,1.249,1.001,0.025,2543,2.484,-1.407,3.712,8.97,18.34
10/5/19 5:15,6671,278,515,0.101,0.002,3.682,5.888,1.32,1.002,0.076,0.001,5.547,4.855,1.285,1.002,0.056,0.001,6.752,4.036,1.249,1.001,0.025,2482,2.424,-1.339,4.278,8.94,18.33
10/5/19 5:30,6672,278,530,0.101,0.002,3.718,5.887,1.32,1.002,0.076,0.001,5.56,4.831,1.284,1.002,0.056,0.001,6.792,4.038,1.249,1.001,0.025,2491,2.432,-1.242,4.727,8.9,18.33
10/5/19 5:45,6673,278,545,0.101,0.001,3.666,5.888,1.32,1.001,0.076,0.001,5.573,4.856,1.285,1.002,0.056,0.001,6.801,4.036,1.249,1.001,0.025,2531,2.472,-1.499,4.618,8.87,18.32
10/5/19 6:00,6674,278,600,0.1,0.002,3.656,5.86,1.319,1.002,0.076,0.001,5.57,4.855,1.285,1.002,0.056,0.001,6.771,4.036,1.249,1.001,0.025,2502,2.443,-1.52,4.213,8.83,18.31
10/5/19 6:15,6675,278,615,0.1,0.002,3.594,5.858,1.319,1.002,0.076,0.001,5.556,4.857,1.285,1.002,0.056,0.001,6.792,4.037,1.249,1.001,0.025,2503,2.444,-1.221,4.136,8.81,18.31
10/5/19 6:30,6676,278,630,0.1,0.002,3.574,5.858,1.319,1.002,0.076,0.001,5.56,4.859,1.285,1.001,0.056,0.001,6.811,4.037,1.249,1.001,0.025,2484,2.425,0.158,4.344,8.84,18.31
10/5/19 6:45,6677,278,645,0.1,0.001,3.537,5.86,1.319,1.002,0.077,0.001,5.538,4.885,1.286,1.001,0.056,0.001,6.808,4.036,1.249,1.001,0.025,2415,2.359,1.501,4.837,9.04,18.35
10/5/19 7:00,6678,278,700,0.1,0.002,3.515,5.857,1.319,1.002,0.077,0.001,5.54,4.884,1.286,1.001,0.056,0.001,6.795,4.036,1.249,1.001,0.025,2372,2.316,2.486,5.336,9.2,18.38
10/5/19 7:15,6679,278,715,0.099,0.001,3.48,5.832,1.318,1.002,0.077,0.001,5.534,4.883,1.286,1.002,0.056,0.001,6.766,4.036,1.249,1.001,0.025,2516,2.457,4.472,6.455,9.59,18.46
10/5/19 7:30,6680,278,730,0.099,0.002,3.45,5.831,1.318,1.002,0.077,0.001,5.523,4.883,1.286,1.002,0.056,0.001,6.8,4.038,1.249,1.001,0.025,2509,2.451,5.798,7.254,9.45,18.43
10/5/19 7:45,6681,278,745,0.099,0.002,3.465,5.83,1.318,1.002,0.077,0.001,5.527,4.884,1.286,1.002,0.056,0.001,6.799,4.036,1.249,1.001,0.025,2563,2.503,8.43,7.51,9.36,18.41
10/5/19 8:00,6682,278,800,0.099,0.001,3.394,5.832,1.318,1.002,0.078,0.001,5.473,4.909,1.287,1.002,0.056,0.001,6.788,4.038,1.249,1.001,0.025,2646,2.584,9.56,8.07,9.81,18.5
10/5/19 8:15,6683,278,815,0.099,0.002,3.339,5.828,1.318,1.002,0.078,0.001,5.506,4.91,1.287,1.002,0.056,0.001,6.79,4.037,1.249,1.001,0.024,2725,2.662,9.92,8.96,10,18.53
10/5/19 8:30,6684,278,830,0.099,0.002,3.335,5.804,1.317,1.002,0.078,0.001,5.495,4.908,1.287,1.002,0.056,0.001,6.778,4.036,1.249,1.001,0.025,2740,2.676,9.87,9.2,9.95,18.53
10/5/19 8:45,6685,278,845,0.099,0.002,3.318,5.83,1.318,1.002,0.078,0.001,5.491,4.908,1.287,1.002,0.056,0.001,6.799,4.037,1.249,1.001,0.025,2376,2.32,9.15,9.74,9.59,18.46
10/5/19 9:00,6686,278,900,0.099,0.002,3.321,5.831,1.318,1.002,0.078,0.001,5.475,4.913,1.287,1.001,0.056,0.001,6.791,4.035,1.249,1.001,0.025,2549,2.49,8.56,10.26,9.45,18.43