TOA5,CR1000_tower3_cluster,CR1000,78272,CR1000.Std.28.02,CPU:SH_tow3_cluster_2017.CR1,22084,Enviro,,,,,,,,,,,,,,,,,,,,
TIMESTAMP,RECORD,Day_of_Year,Hour,VWC_1_Avg,EC_1_Avg,ST_1_Avg,P_1_Avg,PA_1_Avg,VR_1_Avg,VWC_2_Avg,EC_2_Avg,ST_2_Avg,P_2_Avg,PA_2_Avg,VR_2_Avg,VWC_3_Avg,EC_3_Avg,ST_3_Avg,P_3_Avg,PA_3_Avg,VR_3_Avg,SWE_mv_Avg,maxbot_volt_Avg,maxbot_dist_Avg,TT_C,SBT_C,
TS,RN,,,m^3/m^3,dS/m,Deg C,unitless,nSec,unitless,,,,,,,,,,,,,,,,Deg C,Deg C,
,,Smp,Smp,Avg,Avg,Avg,Avg,Avg,Avg,Avg,Avg,Avg,Avg,Avg,Avg,Avg,Avg,Avg,Avg,Avg,Avg,Avg,Avg,Avg,Smp,Smp,
9/28/17 13:45,0,271,1345,0.022,0,1.518,1.188,0.181,0.126,0.015,0,1.121,0.832,0.169,0.126,0.014,0.001,1.119,0.808,0.168,0.126,NAN,-562.8,214.6,0,NAN,-273.2
9/28/17 14:00,1,271,1400,0.178,0.004,12.16,9.5,1.448,1.004,0.118,0.003,8.96,6.658,1.352,1.004,0.114,0.008,8.95,6.462,1.346,1.01,NAN,-606.7,232.8,0,NAN,-273.2
9/28/17 14:15,2,271,1415,0.178,0.003,12.33,9.5,1.448,1.004,0.118,0.003,8.91,6.66,1.352,1.004,0.114,0.008,8.96,6.464,1.346,1.01,NAN,-608.1,233.2,0,NAN,-273.2
9/28/17 14:30,3,271,1430,0.178,0.004,12.44,9.5,1.448,1.004,0.118,0.003,8.92,6.66,1.352,1.004,0.114,0.008,8.96,6.461,1.346,1.011,NAN,-601.9,231.1,0,NAN,-273.2
9/28/17 14:45,4,271,1445,0.178,0.004,12.48,9.47,1.447,1.004,0.118,0.002,8.94,6.661,1.352,1.004,0.114,0.008,8.97,6.465,1.346,1.01,NAN,-610.6,234,0,NAN,-273.2
9/28/17 15:00,5,271,1500,0.178,0.003,12.51,9.47,1.447,1.004,0.118,0.003,8.93,6.659,1.352,1.004,0.114,0.008,8.94,6.461,1.346,1.01,NAN,-603.2,231.6,0,NAN,-273.2
9/28/17 15:15,6,271,1515,0.178,0.004,12.56,9.47,1.447,1.005,0.118,0.003,8.94,6.66,1.352,1.004,0.114,0.008,8.96,6.463,1.346,1.01,NAN,-603,231.8,0,NAN,-273.2
9/28/17 15:30,7,271,1530,0.177,0.004,12.68,9.44,1.446,1.004,0.118,0.003,8.93,6.658,1.352,1.004,0.114,0.008,8.94,6.461,1.346,1.01,NAN,-604.3,232.5,0,NAN,-273.2
9/28/17 15:45,8,271,1545,0.177,0.003,12.83,9.44,1.446,1.004,0.118,0.003,8.91,6.66,1.352,1.004,0.114,0.008,8.94,6.463,1.346,1.01,NAN,-599.9,230.8,0,NAN,-273.2
9/28/17 16:00,9,271,1600,0.177,0.004,12.99,9.43,1.446,1.005,0.118,0.003,8.94,6.66,1.352,1.004,0.114,0.008,8.95,6.464,1.346,1.01,NAN,-592.4,228.3,0,NAN,-273.2
9/28/17 16:15,10,271,1615,0.177,0.004,13.18,9.44,1.446,1.004,0.118,0.003,8.93,6.66,1.352,1.004,0.114,0.008,8.95,6.461,1.346,1.011,NAN,-593.9,228.6,0,NAN,-273.2
9/28/17 16:30,11,271,1630,0.177,0.004,13.36,9.43,1.446,1.004,0.118,0.003,8.95,6.659,1.352,1.004,0.114,0.008,8.96,6.464,1.346,1.01,NAN,-581.1,224.6,0,NAN,-273.2
9/28/17 16:45,12,271,1645,0.177,0.004,13.47,9.4,1.445,1.004,0.118,0.003,8.98,6.659,1.352,1.004,0.114,0.008,8.94,6.465,1.346,1.01,NAN,-588.3,226.6,0,NAN,-273.2
9/28/17 17:00,13,271,1700,0.177,0.004,13.56,9.4,1.445,1.004,0.118,0.002,8.99,6.661,1.352,1.004,0.114,0.008,8.93,6.463,1.346,1.01,NAN,-587.8,226.7,0,NAN,-273.2
9/28/17 17:15,14,271,1715,0.177,0.004,13.6,9.4,1.445,1.004,0.118,0.003,8.98,6.658,1.352,1.004,0.114,0.007,8.93,6.467,1.346,1.009,NAN,-586.3,226.4,0,NAN,-273.2
9/28/17 17:30,15,271,1730,0.176,0.004,13.65,9.4,1.444,1.004,0.118,0.003,9.02,6.657,1.352,1.004,0.114,0.008,8.94,6.464,1.346,1.01,NAN,-582.3,225.1,0,NAN,-273.2
9/28/17 17:45,16,271,1745,0.176,0.004,13.65,9.36,1.443,1.005,0.118,0.003,9.01,6.659,1.352,1.004,0.114,0.008,8.94,6.462,1.346,1.01,NAN,-586.8,227.2,0,NAN,-273.2
9/28/17 18:00,17,271,1800,0.176,0.004,13.62,9.37,1.443,1.004,0.118,0.003,9.05,6.659,1.352,1.004,0.114,0.007,8.94,6.466,1.346,1.01,NAN,-582,224.9,0,NAN,-273.2
9/28/17 18:15,18,271,1815,0.176,0.004,13.57,9.36,1.443,1.004,0.118,0.003,9.07,6.659,1.352,1.004,0.114,0.008,8.93,6.465,1.346,1.01,NAN,-578.4,223.5,0,NAN,-273.2
9/28/17 18:30,19,271,1830,0.175,0.004,13.48,9.33,1.442,1.004,0.118,0.003,9.07,6.659,1.352,1.004,0.114,0.008,8.94,6.461,1.346,1.01,NAN,-577.7,223.2,0,NAN,-273.2
9/28/17 18:45,20,271,1845,0.175,0.004,13.39,9.33,1.442,1.004,0.118,0.003,9.09,6.658,1.352,1.004,0.114,0.008,8.93,6.465,1.346,1.01,NAN,-577.7,223.8,0,NAN,-273.2
9/28/17 19:00,21,271,1900,0.175,0.004,13.32,9.33,1.442,1.004,0.118,0.003,9.12,6.659,1.352,1.004,0.114,0.007,8.92,6.468,1.346,1.009,NAN,-577.7,223.7,0,NAN,-273.2
9/28/17 19:15,22,271,1915,0.175,0.004,13.21,9.33,1.442,1.004,0.118,0.003,9.13,6.659,1.352,1.004,0.114,0.008,8.92,6.466,1.346,1.01,NAN,-573.6,221.7,0,NAN,-273.2
9/28/17 19:30,23,271,1930,0.174,0.004,13.09,9.3,1.441,1.004,0.118,0.003,9.16,6.661,1.352,1.004,0.114,0.008,8.93,6.461,1.346,1.01,NAN,-574.2,222.3,0,NAN,-273.2
9/28/17 19:45,24,271,1945,0.174,0.004,12.96,9.3,1.441,1.004,0.118,0.003,9.16,6.658,1.352,1.004,0.114,0.008,8.9,6.462,1.346,1.01,NAN,-572.5,221.6,0,NAN,-273.2
9/28/17 20:00,25,271,2000,0.174,0.004,12.83,9.3,1.441,1.004,0.118,0.003,9.24,6.657,1.352,1.004,0.114,0.008,8.92,6.464,1.346,1.01,NAN,-571.8,221.4,0,NAN,-273.2
9/28/17 20:15,26,271,2015,0.174,0.004,12.71,9.3,1.441,1.004,0.118,0.003,9.26,6.659,1.352,1.004,0.114,0.008,8.94,6.465,1.346,1.01,NAN,-570,220.5,0,NAN,-273.2
9/28/17 20:30,27,271,2030,0.174,0.004,12.57,9.3,1.441,1.004,0.118,0.003,9.29,6.659,1.352,1.004,0.114,0.008,8.93,6.465,1.346,1.01,NAN,-566.8,218.8,0,NAN,-273.2
9/28/17 20:45,28,271,2045,0.174,0.004,12.45,9.3,1.441,1.004,0.118,0.003,9.3,6.658,1.352,1.004,0.114,0.007,8.91,6.467,1.346,1.009,NAN,-569.4,220.2,0,NAN,-273.2
9/28/17 21:00,29,271,2100,0.174,0.003,12.3,9.27,1.44,1.004,0.118,0.003,9.32,6.661,1.352,1.004,0.114,0.008,8.92,6.461,1.346,1.01,NAN,-572.1,221.5,0,NAN,-273.2
9/28/17 21:15,30,271,2115,0.174,0.003,12.21,9.27,1.44,1.004,0.119,0.003,9.35,6.688,1.353,1.004,0.114,0.008,8.92,6.465,1.346,1.01,NAN,-571.6,221.2,0,NAN,-273.2
9/28/17 21:30,31,271,2130,0.174,0.003,12.04,9.27,1.44,1.004,0.119,0.003,9.37,6.689,1.353,1.004,0.114,0.008,8.92,6.463,1.346,1.01,NAN,-569.4,220.5,0,NAN,-273.2
9/28/17 21:45,32,271,2145,0.174,0.004,11.92,9.26,1.44,1.004,0.119,0.003,9.38,6.689,1.353,1.004,0.114,0.007,8.93,6.466,1.346,1.009,NAN,-569.9,220.6,0,NAN,-273.2
9/28/17 22:00,33,271,2200,0.174,0.003,11.77,9.27,1.44,1.004,0.119,0.003,9.42,6.688,1.353,1.004,0.114,0.008,8.94,6.464,1.346,1.01,NAN,-569,220.5,0,NAN,-273.2
9/28/17 22:15,34,271,2215,0.174,0.004,11.63,9.26,1.44,1.004,0.119,0.003,9.45,6.689,1.353,1.004,0.114,0.008,8.94,6.464,1.346,1.01,NAN,-567.6,219.9,0,NAN,-273.2
9/28/17 22:30,35,271,2230,0.174,0.003,11.5,9.27,1.44,1.004,0.119,0.003,9.47,6.689,1.353,1.004,0.114,0.008,8.95,6.463,1.346,1.01,NAN,-564.4,218.4,0,NAN,-273.2
9/28/17 22:45,36,271,2245,0.174,0.004,11.35,9.26,1.44,1.004,0.119,0.003,9.5,6.69,1.353,1.004,0.114,0.008,8.93,6.463,1.346,1.01,NAN,-560.1,216.5,0,NAN,-273.2
9/28/17 23:00,37,271,2300,0.173,0.003,11.24,9.23,1.439,1.004,0.119,0.003,9.52,6.689,1.353,1.004,0.114,0.008,8.95,6.463,1.346,1.01,NAN,-557.5,215.3,0,NAN,-273.2
9/28/17 23:15,38,271,2315,0.173,0.004,11.12,9.23,1.439,1.004,0.119,0.003,9.55,6.688,1.353,1.004,0.114,0.008,8.94,6.464,1.346,1.01,NAN,-553.7,213.7,0,NAN,-273.2
9/28/17 23:30,39,271,2330,0.173,0.003,10.97,9.23,1.439,1.004,0.119,0.003,9.55,6.688,1.353,1.004,0.114,0.008,8.94,6.465,1.346,1.01,NAN,-555.1,215.1,0,NAN,-273.2
9/28/17 23:45,40,271,2345,0.173,0.003,10.84,9.23,1.439,1.004,0.119,0.003,9.58,6.688,1.353,1.004,0.114,0.008,8.95,6.462,1.346,1.01,NAN,-547.5,211.2,0,NAN,-273.2
9/29/17 0:00,41,272,0,0.173,0.003,10.74,9.23,1.439,1.004,0.119,0.003,9.58,6.689,1.353,1.004,0.114,0.008,8.96,6.463,1.346,1.01,NAN,-551.1,213.4,0,NAN,-273.2
9/29/17 0:15,42,272,15,0.173,0.003,10.6,9.23,1.439,1.004,0.119,0.003,9.64,6.688,1.353,1.004,0.114,0.008,8.96,6.463,1.346,1.01,NAN,-548.1,212.3,0,NAN,-273.2
9/29/17 0:30,43,272,30,0.173,0.003,10.49,9.23,1.439,1.004,0.119,0.003,9.64,6.688,1.353,1.004,0.114,0.008,8.96,6.464,1.346,1.01,NAN,-540.6,208.8,0,NAN,-273.2
9/29/17 0:45,44,272,45,0.173,0.003,10.34,9.23,1.439,1.004,0.119,0.003,9.67,6.688,1.353,1.004,0.114,0.008,8.96,6.464,1.346,1.01,NAN,-537.7,207.4,0,NAN,-273.2
9/29/17 1:00,45,272,100,0.173,0.003,10.22,9.23,1.439,1.004,0.119,0.003,9.66,6.69,1.353,1.004,0.114,0.008,8.97,6.462,1.346,1.01,NAN,-538.5,208,0,NAN,-273.2
9/29/17 1:15,46,272,115,0.173,0.003,10.11,9.23,1.439,1.004,0.119,0.003,9.67,6.688,1.353,1.004,0.114,0.008,8.98,6.464,1.346,1.01,NAN,-536.9,207.3,0,NAN,-273.2
9/29/17 1:30,47,272,130,0.172,0.003,10.01,9.2,1.438,1.004,0.119,0.003,9.69,6.688,1.353,1.004,0.114,0.008,8.99,6.463,1.346,1.01,NAN,-536.9,207.2,0,NAN,-273.2
9/29/17 1:45,48,272,145,0.172,0.004,9.9,9.2,1.438,1.005,0.119,0.003,9.71,6.688,1.353,1.004,0.114,0.008,8.99,6.462,1.346,1.01,NAN,-535.2,206.5,0,NAN,-273.2
9/29/17 2:00,49,272,200,0.172,0.003,9.77,9.2,1.438,1.004,0.119,0.003,9.71,6.687,1.353,1.004,0.114,0.008,8.97,6.463,1.346,1.01,NAN,-536.9,207.8,0,NAN,-273.2
9/29/17 2:15,50,272,215,0.172,0.004,9.67,9.2,1.438,1.004,0.119,0.003,9.73,6.689,1.353,1.004,0.114,0.008,9,6.464,1.346,1.01,NAN,-535.8,207.2,0,NAN,-273.2
9/29/17 2:30,51,272,230,0.172,0.003,9.56,9.2,1.438,1.004,0.119,0.003,9.73,6.687,1.353,1.004,0.114,0.008,9.02,6.463,1.346,1.01,NAN,-538.3,208.7,0,NAN,-273.2
9/29/17 2:45,52,272,245,0.172,0.003,9.46,9.2,1.438,1.004,0.119,0.003,9.76,6.688,1.353,1.004,0.114,0.008,9.01,6.462,1.346,1.01,NAN,-534.9,206.7,0,NAN,-273.2
9/29/17 3:00,53,272,300,0.172,0.004,9.33,9.2,1.438,1.004,0.119,0.003,9.76,6.689,1.353,1.004,0.114,0.008,9.01,6.462,1.346,1.01,NAN,-536,207.3,0,NAN,-273.2
9/29/17 3:15,54,272,315,0.172,0.003,9.22,9.2,1.438,1.004,0.119,0.003,9.76,6.687,1.353,1.004,0.114,0.008,9.02,6.462,1.346,1.01,NAN,-537.1,208,0,NAN,-273.2
9/29/17 3:30,55,272,330,0.172,0.003,9.18,9.2,1.438,1.004,0.119,0.003,9.76,6.688,1.353,1.004,0.114,0.008,9.03,6.462,1.346,1.01,NAN,-537.6,207.9,0,NAN,-273.2
9/29/17 3:45,56,272,345,0.172,0.003,9.08,9.2,1.438,1.004,0.119,0.003,9.74,6.688,1.353,1.004,0.114,0.008,9.04,6.46,1.346,1.011,NAN,-536.1,206.9,0,NAN,-273.2
9/29/17 4:00,57,272,400,0.172,0.003,8.97,9.2,1.438,1.003,0.119,0.003,9.77,6.688,1.353,1.004,0.114,0.008,9.03,6.463,1.346,1.01,NAN,-540,209.2,0,NAN,-273.2
9/29/17 4:15,58,272,415,0.172,0.003,8.82,9.16,1.437,1.004,0.119,0.003,9.79,6.688,1.353,1.004,0.114,0.008,9.03,6.463,1.346,1.01,NAN,-539.1,208.4,0,NAN,-273.2
9/29/17 4:30,59,272,430,0.172,0.004,8.75,9.16,1.437,1.005,0.119,0.003,9.78,6.689,1.353,1.004,0.114,0.008,9.04,6.463,1.346,1.01,NAN,-538.9,208.4,0,NAN,-273.2
9/29/17 4:45,60,272,445,0.172,0.003,8.69,9.16,1.437,1.004,0.119,0.003,9.76,6.689,1.353,1.004,0.114,0.008,9.05,6.462,1.346,1.01,NAN,-545.3,211.3,0,NAN,-273.2
9/29/17 5:00,61,272,500,0.172,0.003,8.59,9.16,1.437,1.004,0.119,0.003,9.76,6.689,1.353,1.004,0.114,0.008,9.05,6.461,1.346,1.01,NAN,-549.3,213,0,NAN,-273.2
9/29/17 5:15,62,272,515,0.172,0.003,8.51,9.16,1.437,1.004,0.119,0.003,9.77,6.689,1.353,1.004,0.114,0.008,9.06,6.461,1.346,1.011,NAN,-550.7,213.1,0,NAN,-273.2
9/29/17 5:30,63,272,530,0.172,0.003,8.41,9.16,1.437,1.004,0.119,0.003,9.77,6.69,1.353,1.004,0.114,0.008,9.07,6.461,1.346,1.011,NAN,-548.6,212,0,NAN,-273.2
9/29/17 5:45,64,272,545,0.172,0.003,8.31,9.17,1.437,1.003,0.119,0.003,9.78,6.688,1.353,1.004,0.114,0.008,9.06,6.463,1.346,1.01,NAN,-551.8,213.5,0,NAN,-273.2
9/29/17 6:00,65,272,600,0.172,0.003,8.2,9.16,1.437,1.004,0.119,0.003,9.76,6.688,1.353,1.004,0.114,0.008,9.09,6.464,1.346,1.01,NAN,-549.3,211.8,0,NAN,-273.2
9/29/17 6:15,66,272,615,0.172,0.003,8.12,9.17,1.437,1.004,0.119,0.003,9.72,6.689,1.353,1.004,0.114,0.008,9.07,6.461,1.346,1.011,NAN,-548.6,211.6,0,NAN,-273.2
9/29/17 6:30,67,272,630,0.172,0.003,8.02,9.16,1.437,1.004,0.119,0.003,9.75,6.689,1.353,1.004,0.114,0.008,9.07,6.464,1.346,1.01,NAN,-552.2,213.1,0,NAN,-273.2
9/29/17 6:45,68,272,645,0.172,0.003,7.897,9.16,1.437,1.003,0.119,0.003,9.77,6.69,1.353,1.004,0.114,0.008,9.08,6.463,1.346,1.01,NAN,-555.2,214.8,0,NAN,-273.2
9/29/17 7:00,69,272,700,0.171,0.004,7.829,9.13,1.435,1.004,0.119,0.003,9.76,6.688,1.353,1.004,0.114,0.008,9.1,6.464,1.346,1.01,NAN,-554.2,213.9,0,NAN,-273.2
9/29/17 7:15,70,272,715,0.171,0.003,7.724,9.13,1.435,1.003,0.119,0.003,9.74,6.687,1.353,1.004,0.114,0.008,9.09,6.463,1.346,1.01,NAN,-553.3,213.6,0,NAN,-273.2
9/29/17 7:30,71,272,730,0.171,0.003,7.653,9.13,1.435,1.004,0.119,0.003,9.69,6.689,1.353,1.004,0.114,0.008,9.09,6.463,1.346,1.01,NAN,-559.5,216.4,0,NAN,-273.2
9/29/17 7:45,72,272,745,0.171,0.003,7.577,9.13,1.435,1.004,0.119,0.003,9.71,6.688,1.353,1.004,0.114,0.008,9.09,6.462,1.346,1.01,NAN,-567.1,219.1,0,NAN,-273.2
9/29/17 8:00,73,272,800,0.171,0.003,7.512,9.13,1.435,1.004,0.119,0.003,9.7,6.688,1.353,1.004,0.114,0.008,9.11,6.463,1.346,1.01,NAN,-561.4,217.3,0,NAN,-273.2
9/29/17 8:15,74,272,815,0.171,0.004,7.443,9.13,1.435,1.004,0.119,0.003,9.71,6.688,1.353,1.004,0.114,0.008,9.12,6.461,1.346,1.01,NAN,-563.3,218.3,0,NAN,-273.2
9/29/17 8:30,75,272,830,0.171,0.003,7.393,9.13,1.435,1.004,0.119,0.003,9.71,6.689,1.353,1.004,0.114,0.008,9.13,6.462,1.346,1.01,NAN,-572.6,221.9,0,NAN,-273.2
9/29/17 8:45,76,272,845,0.171,0.003,7.34,9.13,1.435,1.004,0.119,0.003,9.71,6.687,1.353,1.004,0.114,0.008,9.11,6.464,1.346,1.01,NAN,-556.4,216.1,0,NAN,-273.2
9/29/17 9:00,77,272,900,0.17,0.004,7.327,9.09,1.434,1.004,0.119,0.003,9.69,6.688,1.353,1.004,0.114,0.008,9.11,6.46,1.346,1.011,NAN,-566.6,219.8,0,NAN,-273.2
9/29/17 9:15,78,272,915,0.17,0.003,7.338,9.1,1.434,1.003,0.119,0.003,9.68,6.69,1.353,1.004,0.114,0.008,9.12,6.461,1.346,1.011,NAN,-560.1,217.5,0,NAN,-273.2
9/29/17 9:30,79,272,930,0.17,0.003,7.302,9.1,1.434,1.003,0.119,0.003,9.66,6.688,1.353,1.004,0.114,0.008,9.13,6.461,1.346,1.01,NAN,-554.7,214.9,0,NAN,-273.2
9/29/17 9:45,80,272,945,0.17,0.003,7.352,9.1,1.434,1.004,0.119,0.003,9.65,6.688,1.353,1.004,0.114,0.008,9.12,6.463,1.346,1.01,NAN,-564.9,218.7,0,NAN,-273.2
9/29/17 10:00,81,272,1000,0.17,0.003,7.43,9.1,1.434,1.003,0.119,0.003,9.62,6.689,1.353,1.004,0.114,0.008,9.15,6.462,1.346,1.01,NAN,-573.3,222.3,0,NAN,-273.2
9/29/17 10:15,82,272,1015,0.17,0.003,7.491,9.06,1.433,1.004,0.119,0.003,9.62,6.686,1.353,1.005,0.114,0.008,9.13,6.46,1.346,1.011,NAN,-577.1,223.6,0,NAN,-273.2
9/29/17 10:30,83,272,1030,0.17,0.003,7.582,9.06,1.433,1.003,0.119,0.003,9.58,6.688,1.353,1.004,0.114,0.008,9.14,6.464,1.346,1.01,NAN,-579.2,224.5,0,NAN,-273.2
9/29/17 10:45,84,272,1045,0.17,0.003,7.679,9.06,1.433,1.003,0.119,0.003,9.58,6.687,1.353,1.004,0.114,0.008,9.12,6.464,1.346,1.01,NAN,-575,222.4,0,NAN,-273.2
9/29/17 11:00,85,272,1100,0.17,0.003,7.895,9.06,1.433,1.004,0.119,0.003,9.58,6.686,1.353,1.005,0.114,0.008,9.14,6.464,1.346,1.01,NAN,-583.5,225.8,0,NAN,-273.2
9/29/17 11:15,86,272,1115,0.169,0.003,8.03,9.03,1.432,1.003,0.119,0.003,9.53,6.69,1.353,1.004,0.114,0.007,9.16,6.466,1.346,1.009,NAN,-580.9,224.4,0,NAN,-273.2
9/29/17 11:30,87,272,1130,0.169,0.003,8.24,9.03,1.432,1.003,0.119,0.003,9.54,6.688,1.353,1.004,0.114,0.008,9.16,6.464,1.346,1.01,NAN,-586,226.7,0,NAN,-273.2
9/29/17 11:45,88,272,1145,0.169,0.004,8.45,9.03,1.432,1.004,0.119,0.003,9.52,6.69,1.353,1.004,0.114,0.008,9.14,6.462,1.346,1.01,NAN,-581.9,225.2,0,NAN,-273.2
9/29/17 12:00,89,272,1200,0.169,0.003,8.7,9.03,1.432,1.004,0.119,0.003,9.5,6.689,1.353,1.004,0.114,0.008,9.16,6.46,1.346,1.011,NAN,-583.9,225.6,0,NAN,-273.2
9/29/17 12:15,90,272,1215,0.168,0.003,8.93,9,1.431,1.003,0.119,0.003,9.49,6.687,1.353,1.004,0.114,0.008,9.14,6.465,1.346,1.01,NAN,-586.6,226.5,0,NAN,-273.2
9/29/17 12:30,91,272,1230,0.169,0.003,9.16,9.03,1.432,1.004,0.119,0.003,9.49,6.688,1.353,1.004,0.114,0.008,9.14,6.461,1.346,1.011,NAN,-584.9,225.9,0,NAN,-273.2
9/29/17 12:45,92,272,1245,0.168,0.003,9.43,8.99,1.431,1.004,0.119,0.003,9.48,6.689,1.353,1.004,0.114,0.008,9.16,6.463,1.346,1.01,NAN,-586.3,226.5,0,NAN,-273.2
9/29/17 13:00,93,272,1300,0.168,0.003,9.6,8.96,1.43,1.004,0.119,0.003,9.44,6.688,1.353,1.004,0.114,0.008,9.14,6.464,1.346,1.01,NAN,-586.6,226.6,0,NAN,-273.2
9/29/17 13:15,94,272,1315,0.168,0.004,9.84,8.99,1.431,1.004,0.119,0.003,9.43,6.689,1.353,1.004,0.114,0.007,9.13,6.466,1.346,1.009,NAN,-583.3,225.2,0,NAN,-273.2
9/29/17 13:30,95,272,1330,0.168,0.003,10.05,9,1.431,1.004,0.119,0.003,9.42,6.689,1.353,1.004,0.114,0.008,9.13,6.464,1.346,1.01,NAN,-587.2,226.9,0,NAN,-273.2
9/29/17 13:45,96,272,1345,0.168,0.003,10.24,8.99,1.431,1.004,0.119,0.003,9.41,6.689,1.353,1.004,0.114,0.007,9.12,6.467,1.346,1.009,NAN,-584.1,225.5,0,NAN,-273.2
9/29/17 14:00,97,272,1400,0.168,0.003,10.44,8.96,1.43,1.004,0.119,0.003,9.41,6.688,1.353,1.004,0.114,0.008,9.16,6.462,1.346,1.01,NAN,-585.5,226.5,0,NAN,-273.2
9/29/17 14:15,98,272,1415,0.168,0.004,10.59,8.96,1.43,1.004,0.119,0.003,9.38,6.688,1.353,1.004,0.114,0.008,9.16,6.464,1.346,1.01,NAN,-580.6,224,0,NAN,-273.2
9/29/17 14:30,99,272,1430,0.168,0.004,10.72,8.96,1.43,1.004,0.119,0.003,9.36,6.689,1.353,1.004,0.114,0.008,9.12,6.463,1.346,1.01,NAN,-581.5,224.4,0,NAN,-273.2
9/29/17 14:45,100,272,1445,0.167,0.003,10.87,8.93,1.429,1.004,0.119,0.003,9.36,6.688,1.353,1.004,0.114,0.008,9.15,6.465,1.346,1.01,NAN,-581.3,224.5,0,NAN,-273.2
9/29/17 15:00,101,272,1500,0.167,0.004,10.97,8.93,1.429,1.004,0.119,0.003,9.36,6.686,1.353,1.005,0.114,0.008,9.14,6.464,1.346,1.01,NAN,-583.2,225.4,0,NAN,-273.2
9/29/17 15:15,102,272,1515,0.167,0.003,11.1,8.92,1.429,1.004,0.119,0.003,9.35,6.688,1.353,1.004,0.114,0.008,9.15,6.464,1.346,1.01,NAN,-579.4,223.3,0,NAN,-273.2
9/29/17 15:30,103,272,1530,0.166,0.003,11.21,8.89,1.427,1.004,0.119,0.003,9.35,6.69,1.353,1.004,0.114,0.008,9.13,6.462,1.346,1.01,NAN,-577.8,222.8,0,NAN,-273.2
9/29/17 15:45,104,272,1545,0.166,0.003,11.31,8.89,1.427,1.004,0.119,0.003,9.35,6.69,1.353,1.004,0.114,0.008,9.14,6.462,1.346,1.01,NAN,-578.8,223.2,0,NAN,-273.2
9/29/17 16:00,105,272,1600,0.166,0.004,11.39,8.89,1.427,1.004,0.119,0.003,9.36,6.689,1.353,1.004,0.114,0.008,9.14,6.465,1.346,1.01,NAN,-579.8,224.1,0,NAN,-273.2
9/29/17 16:15,106,272,1615,0.166,0.003,11.46,8.9,1.427,1.004,0.119,0.003,9.34,6.689,1.353,1.004,0.114,0.008,9.14,6.462,1.346,1.01,NAN,-578.5,223.3,0,NAN,-273.2
9/29/17 16:30,107,272,1630,0.166,0.004,11.54,8.89,1.427,1.005,0.119,0.003,9.34,6.689,1.353,1.004,0.114,0.008,9.13,6.462,1.346,1.01,NAN,-580.6,224.6,0,NAN,-273.2
9/29/17 16:45,108,272,1645,0.165,0.004,11.6,8.86,1.426,1.004,0.119,0.003,9.34,6.691,1.353,1.004,0.114,0.008,9.13,6.462,1.346,1.01,NAN,-580,224.3,0,NAN,-273.2
9/29/17 17:00,109,272,1700,0.165,0.004,11.66,8.86,1.426,1.004,0.119,0.003,9.34,6.688,1.353,1.004,0.114,0.008,9.14,6.463,1.346,1.01,NAN,-579.3,224.2,0,NAN,-273.2
9/29/17 17:15,110,272,1715,0.165,0.004,11.7,8.86,1.426,1.004,0.119,0.003,9.35,6.69,1.353,1.004,0.114,0.008,9.14,6.464,1.346,1.01,NAN,-579,224.1,0,NAN,-273.2
9/29/17 17:30,111,272,1730,0.165,0.003,11.7,8.86,1.426,1.004,0.119,0.003,9.35,6.688,1.353,1.004,0.114,0.007,9.14,6.467,1.346,1.009,NAN,-573.6,222.1,0,NAN,-273.2
9/29/17 17:45,112,272,1745,0.165,0.003,11.71,8.86,1.426,1.004,0.119,0.003,9.35,6.688,1.353,1.004,0.114,0.008,9.12,6.462,1.346,1.01,NAN,-576.3,223,0,NAN,-273.2
9/29/17 18:00,113,272,1800,0.165,0.004,11.69,8.86,1.426,1.005,0.119,0.003,9.34,6.689,1.353,1.004,0.114,0.007,9.11,6.466,1.346,1.009,NAN,-574.3,221.9,0,NAN,-273.2
9/29/17 18:15,114,272,1815,0.165,0.003,11.72,8.83,1.425,1.003,0.119,0.003,9.35,6.688,1.353,1.004,0.114,0.008,9.13,6.464,1.346,1.01,NAN,-575.2,222.6,0,NAN,-273.2
9/29/17 18:30,115,272,1830,0.165,0.004,11.69,8.83,1.425,1.004,0.119,0.003,9.35,6.689,1.353,1.004,0.114,0.008,9.13,6.462,1.346,1.01,NAN,-575.4,222.7,0,NAN,-273.2
9/29/17 18:45,116,272,1845,0.165,0.004,11.67,8.83,1.425,1.004,0.119,0.003,9.37,6.688,1.353,1.004,0.114,0.008,9.13,6.461,1.346,1.011,NAN,-569.5,219.7,0,NAN,-273.2
9/29/17 19:00,117,272,1900,0.165,0.003,11.65,8.83,1.425,1.004,0.119,0.003,9.36,6.689,1.353,1.004,0.114,0.007,9.12,6.466,1.346,1.01,NAN,-569.5,220,0,NAN,-273.2
9/29/17 19:15,118,272,1915,0.165,0.003,11.6,8.83,1.425,1.004,0.119,0.003,9.38,6.689,1.353,1.004,0.114,0.008,9.12,6.462,1.346,1.01,NAN,-571.3,220.9,0,NAN,-273.2
9/29/17 19:30,119,272,1930,0.165,0.004,11.56,8.82,1.425,1.004,0.119,0.003,9.37,6.689,1.353,1.004,0.114,0.008,9.12,6.461,1.346,1.01,NAN,-569.5,220.5,0,NAN,-273.2
9/29/17 19:45,120,272,1945,0.164,0.004,11.5,8.79,1.424,1.004,0.119,0.003,9.43,6.688,1.353,1.004,0.114,0.008,9.12,6.464,1.346,1.01,NAN,-569.1,220.3,0,NAN,-273.2
9/29/17 20:00,121,272,2000,0.164,0.003,11.43,8.79,1.424,1.004,0.119,0.003,9.41,6.688,1.353,1.004,0.114,0.008,9.12,6.461,1.346,1.011,NAN,-569.6,220.6,0,NAN,-273.2
9/29/17 20:15,122,272,2015,0.164,0.003,11.35,8.8,1.424,1.003,0.119,0.003,9.43,6.688,1.353,1.004,0.114,0.008,9.12,6.461,1.346,1.011,NAN,-570.6,221.3,0,NAN,-273.2
9/29/17 20:30,123,272,2030,0.164,0.004,11.28,8.79,1.424,1.004,0.119,0.003,9.45,6.689,1.353,1.004,0.114,0.008,9.1,6.465,1.346,1.01,NAN,-569.1,220.6,0,NAN,-273.2
9/29/17 20:45,124,272,2045,0.164,0.004,11.2,8.79,1.424,1.004,0.119,0.003,9.45,6.688,1.353,1.004,0.114,0.008,9.13,6.463,1.346,1.01,NAN,-567.1,219.6,0,NAN,-273.2
9/29/17 21:00,125,272,2100,0.164,0.003,11.13,8.79,1.424,1.004,0.119,0.003,9.47,6.69,1.353,1.004,0.114,0.008,9.11,6.46,1.346,1.011,NAN,-565.5,218.9,0,NAN,-273.2
9/29/17 21:15,126,272,2115,0.164,0.003,11.05,8.8,1.424,1.004,0.119,0.003,9.48,6.687,1.353,1.004,0.114,0.008,9.1,6.462,1.346,1.01,NAN,-565,218.9,0,NAN,-273.2
9/29/17 21:30,127,272,2130,0.164,0.003,10.96,8.79,1.424,1.003,0.119,0.003,9.48,6.688,1.353,1.004,0.114,0.008,9.11,6.463,1.346,1.01,NAN,-564.8,218.8,0,NAN,-273.2
9/29/17 21:45,128,272,2145,0.163,0.003,10.89,8.76,1.423,1.003,0.119,0.003,9.5,6.688,1.353,1.004,0.114,0.008,9.11,6.465,1.346,1.01,NAN,-564.3,218.6,0,NAN,-273.2
9/29/17 22:00,129,272,2200,0.163,0.004,10.79,8.76,1.423,1.004,0.119,0.003,9.51,6.689,1.353,1.004,0.114,0.008,9.11,6.462,1.346,1.01,NAN,-566.7,219.6,0,NAN,-273.2
9/29/17 22:15,130,272,2215,0.164,0.003,10.71,8.76,1.423,1.004,0.119,0.003,9.54,6.687,1.353,1.004,0.114,0.008,9.12,6.462,1.346,1.01,NAN,-561.6,217.4,0,NAN,-273.2
9/29/17 22:30,131,272,2230,0.164,0.004,10.6,8.76,1.423,1.004,0.119,0.003,9.56,6.688,1.353,1.004,0.114,0.008,9.13,6.46,1.346,1.011,NAN,-564.6,219,0,NAN,-273.2
9/29/17 22:45,132,272,2245,0.164,0.004,10.53,8.76,1.423,1.004,0.119,0.003,9.56,6.687,1.353,1.004,0.114,0.008,9.12,6.462,1.346,1.01,NAN,-559.3,216.2,0,NAN,-273.2
9/29/17 23:00,133,272,2300,0.164,0.003,10.42,8.76,1.423,1.004,0.119,0.003,9.56,6.689,1.353,1.004,0.114,0.008,9.12,6.465,1.346,1.01,NAN,-557,215.3,0,NAN,-273.2
9/29/17 23:15,134,272,2315,0.164,0.003,10.32,8.76,1.423,1.003,0.119,0.003,9.59,6.688,1.353,1.004,0.114,0.008,9.13,6.462,1.346,1.01,NAN,-558,215.9,0,NAN,-273.2
9/29/17 23:30,135,272,2330,0.164,0.003,10.22,8.76,1.423,1.003,0.119,0.003,9.59,6.688,1.353,1.004,0.114,0.008,9.12,6.463,1.346,1.01,NAN,-558,216.1,0,NAN,-273.2
9/29/17 23:45,136,272,2345,0.164,0.003,10.11,8.76,1.423,1.004,0.119,0.003,9.6,6.69,1.353,1.004,0.114,0.008,9.11,6.464,1.346,1.01,NAN,-561.3,218,0,NAN,-273.2
9/30/17 0:00,137,273,0,0.164,0.003,10.01,8.76,1.423,1.004,0.119,0.003,9.6,6.688,1.353,1.004,0.114,0.008,9.12,6.464,1.346,1.01,NAN,-558.1,216.4,0,NAN,-273.2
9/30/17 0:15,138,273,15,0.164,0.004,9.91,8.76,1.423,1.004,0.119,0.003,9.6,6.688,1.353,1.004,0.114,0.008,9.13,6.464,1.346,1.01,NAN,-561.8,218.3,0,NAN,-273.2
9/30/17 0:30,139,273,30,0.164,0.003,9.8,8.76,1.423,1.004,0.119,0.003,9.61,6.688,1.353,1.004,0.114,0.008,9.14,6.463,1.346,1.01,NAN,-559.7,217.3,0,NAN,-273.2
9/30/17 0:45,140,273,45,0.164,0.003,9.69,8.76,1.423,1.004,0.119,0.003,9.63,6.687,1.353,1.004,0.114,0.008,9.11,6.464,1.346,1.01,NAN,-561.9,218.4,0,NAN,-273.2
9/30/17 1:00,141,273,100,0.164,0.003,9.58,8.76,1.423,1.003,0.119,0.003,9.63,6.688,1.353,1.004,0.114,0.008,9.12,6.464,1.346,1.01,NAN,-560.1,217.5,0,NAN,-273.2
9/30/17 1:15,142,273,115,0.164,0.003,9.47,8.76,1.423,1.004,0.119,0.003,9.64,6.688,1.353,1.004,0.114,0.008,9.13,6.462,1.346,1.01,NAN,-560.4,217.4,0,NAN,-273.2
9/30/17 1:30,143,273,130,0.164,0.003,9.38,8.76,1.423,1.004,0.119,0.003,9.64,6.688,1.353,1.004,0.114,0.008,9.14,6.462,1.346,1.01,NAN,-559.5,216.8,0,NAN,-273.2
9/30/17 1:45,144,273,145,0.164,0.003,9.27,8.76,1.423,1.003,0.119,0.003,9.65,6.688,1.353,1.004,0.114,0.008,9.13,6.464,1.346,1.01,NAN,-557.2,215.6,0,NAN,-273.2
9/30/17 2:00,145,273,200,0.164,0.003,9.16,8.76,1.423,1.003,0.119,0.003,9.67,6.687,1.353,1.004,0.114,0.008,9.14,6.461,1.346,1.011,NAN,-562.9,218.6,0,NAN,-273.2
9/30/17 2:15,146,273,215,0.163,0.003,9.04,8.76,1.423,1.003,0.119,0.003,9.66,6.688,1.353,1.004,0.114,0.008,9.14,6.461,1.346,1.011,NAN,-558.7,216.6,0,NAN,-273.2
9/30/17 2:30,147,273,230,0.163,0.004,8.96,8.76,1.423,1.004,0.119,0.003,9.66,6.689,1.353,1.004,0.114,0.008,9.14,6.463,1.346,1.01,NAN,-558.1,216.3,0,NAN,-273.2
9/30/17 2:45,148,273,245,0.164,0.003,8.91,8.76,1.423,1.003,0.119,0.003,9.68,6.688,1.353,1.004,0.114,0.008,9.15,6.461,1.346,1.01,NAN,-561.1,217.8,0,NAN,-273.2
9/30/17 3:00,149,273,300,0.163,0.004,8.8,8.76,1.423,1.004,0.119,0.003,9.67,6.688,1.353,1.004,0.114,0.008,9.17,6.462,1.346,1.01,NAN,-557.4,216,0,NAN,-273.2
9/30/17 3:15,150,273,315,0.163,0.003,8.69,8.73,1.422,1.003,0.119,0.003,9.69,6.688,1.353,1.004,0.114,0.008,9.14,6.464,1.346,1.01,NAN,-554.1,214.7,0,NAN,-273.2
9/30/17 3:30,151,273,330,0.163,0.003,8.62,8.73,1.422,1.004,0.119,0.003,9.67,6.689,1.353,1.004,0.114,0.008,9.16,6.463,1.346,1.01,NAN,-553.5,214.4,0,NAN,-273.2
9/30/17 3:45,152,273,345,0.163,0.003,8.52,8.76,1.423,1.004,0.119,0.003,9.66,6.688,1.353,1.004,0.114,0.008,9.14,6.462,1.346,1.01,NAN,-556.4,215.8,0,NAN,-273.2
9/30/17 4:00,153,273,400,0.163,0.004,8.43,8.72,1.422,1.005,0.119,0.003,9.67,6.687,1.353,1.004,0.114,0.008,9.16,6.463,1.346,1.01,NAN,-557,216,0,NAN,-273.2
9/30/17 4:15,154,273,415,0.163,0.003,8.39,8.73,1.422,1.004,0.119,0.003,9.65,6.688,1.353,1.004,0.114,0.008,9.15,6.462,1.346,1.01,NAN,-557.4,215.9,0,NAN,-273.2
9/30/17 4:30,155,273,430,0.163,0.003,8.29,8.73,1.422,1.004,0.119,0.003,9.67,6.687,1.353,1.004,0.114,0.008,9.15,6.463,1.346,1.01,NAN,-558.9,216.4,0,NAN,-273.2
9/30/17 4:45,156,273,445,0.163,0.003,8.23,8.73,1.422,1.004,0.119,0.003,9.66,6.69,1.353,1.004,0.114,0.008,9.15,6.463,1.346,1.01,NAN,-553.9,214.2,0,NAN,-273.2
9/30/17 5:00,157,273,500,0.163,0.004,8.12,8.73,1.422,1.004,0.119,0.003,9.67,6.688,1.353,1.004,0.114,0.008,9.15,6.463,1.346,1.01,NAN,-554.3,214.5,0,NAN,-273.2
9/30/17 5:15,158,273,515,0.163,0.003,8.04,8.73,1.422,1.003,0.119,0.003,9.67,6.689,1.353,1.004,0.114,0.008,9.15,6.462,1.346,1.01,NAN,-556.3,215.7,0,NAN,-273.2
9/30/17 5:30,159,273,530,0.163,0.003,7.95,8.73,1.422,1.004,0.12,0.003,9.64,6.719,1.354,1.004,0.114,0.008,9.17,6.462,1.346,1.01,NAN,-552.9,214.2,0,NAN,-273.2
9/30/17 5:45,160,273,545,0.163,0.003,7.895,8.73,1.422,1.004,0.12,0.003,9.64,6.717,1.354,1.004,0.114,0.008,9.15,6.462,1.346,1.01,NAN,-546.7,211.4,0,NAN,-273.2
9/30/17 6:00,161,273,600,0.163,0.002,7.812,8.73,1.422,1.003,0.12,0.003,9.66,6.717,1.354,1.004,0.114,0.008,9.18,6.463,1.346,1.01,NAN,-544.7,210.5,0,NAN,-273.2
9/30/17 6:15,162,273,615,0.163,0.003,7.751,8.73,1.422,1.003,0.12,0.003,9.62,6.719,1.354,1.004,0.114,0.008,9.17,6.464,1.346,1.01,NAN,-542.9,209.9,0,NAN,-273.2
9/30/17 6:30,163,273,630,0.163,0.003,7.661,8.73,1.422,1.003,0.12,0.003,9.64,6.718,1.354,1.004,0.114,0.008,9.16,6.464,1.346,1.01,NAN,-541.3,210,0,NAN,-273.2
9/30/17 6:45,164,273,645,0.163,0.003,7.578,8.73,1.422,1.004,0.12,0.003,9.63,6.718,1.354,1.004,0.114,0.008,9.18,6.464,1.346,1.01,NAN,-541,209.8,0,NAN,-273.2
9/30/17 7:00,165,273,700,0.163,0.003,7.479,8.73,1.422,1.004,0.12,0.003,9.62,6.717,1.354,1.004,0.114,0.008,9.18,6.462,1.346,1.01,NAN,-533.7,205.5,0,NAN,-273.2
9/30/17 7:15,166,273,715,0.163,0.003,7.433,8.73,1.422,1.003,0.12,0.003,9.61,6.718,1.354,1.004,0.114,0.008,9.17,6.461,1.346,1.01,NAN,-538,208.1,0,NAN,-273.2
9/30/17 7:30,167,273,730,0.163,0.003,7.362,8.73,1.422,1.004,0.12,0.003,9.61,6.719,1.354,1.004,0.114,0.008,9.16,6.462,1.346,1.01,NAN,-542.2,210.2,0,NAN,-273.2
9/30/17 7:45,168,273,745,0.163,0.003,7.324,8.73,1.422,1.004,0.12,0.003,9.6,6.719,1.354,1.004,0.114,0.008,9.18,6.463,1.346,1.01,NAN,-546.6,211.9,0,NAN,-273.2
9/30/17 8:00,169,273,800,0.163,0.003,7.247,8.73,1.422,1.003,0.12,0.003,9.6,6.718,1.354,1.004,0.114,0.008,9.17,6.462,1.346,1.01,NAN,-547.8,211.8,0,NAN,-273.2
9/30/17 8:15,170,273,815,0.163,0.003,7.134,8.73,1.422,1.003,0.12,0.003,9.58,6.719,1.354,1.004,0.114,0.008,9.18,6.462,1.346,1.01,NAN,-560.4,216.5,0,NAN,-273.2
9/30/17 8:30,171,273,830,0.163,0.003,7.051,8.73,1.422,1.003,0.12,0.003,9.57,6.718,1.354,1.004,0.114,0.008,9.18,6.463,1.346,1.01,NAN,-541.8,209.1,0,NAN,-273.2
9/30/17 8:45,172,273,845,0.163,0.004,7.005,8.72,1.422,1.005,0.12,0.003,9.54,6.716,1.354,1.005,0.114,0.008,9.18,6.463,1.346,1.01,NAN,-553.6,213.9,0,NAN,-273.2
9/30/17 9:00,173,273,900,0.163,0.004,6.976,8.73,1.422,1.004,0.12,0.003,9.55,6.717,1.354,1.004,0.114,0.008,9.18,6.463,1.346,1.01,NAN,-551.1,212.9,0,NAN,-273.2
9/30/17 9:15,174,273,915,0.163,0.003,6.964,8.73,1.422,1.003,0.12,0.003,9.54,6.718,1.354,1.004,0.114,0.008,9.18,6.461,1.346,1.01,NAN,-563,217.8,0,NAN,-273.2
9/30/17 9:30,175,273,930,0.163,0.003,7.022,8.73,1.422,1.004,0.12,0.003,9.5,6.718,1.354,1.004,0.114,0.008,9.18,6.462,1.346,1.01,NAN,-571.3,221,0,NAN,-273.2
9/30/17 9:45,176,273,945,0.162,0.003,7.069,8.69,1.421,1.004,0.12,0.003,9.51,6.719,1.354,1.004,0.114,0.007,9.19,6.466,1.346,1.009,NAN,-569.6,220.3,0,NAN,-273.2
9/30/17 10:00,177,273,1000,0.162,0.003,7.163,8.7,1.421,1.003,0.12,0.003,9.49,6.719,1.354,1.004,0.114,0.008,9.19,6.462,1.346,1.01,NAN,-575.6,222,0,NAN,-273.2
9/30/17 10:15,178,273,1015,0.162,0.003,7.285,8.69,1.421,1.004,0.12,0.003,9.48,6.718,1.354,1.004,0.114,0.008,9.14,6.462,1.346,1.01,NAN,-577.9,223.1,0,NAN,-273.2
9/30/17 10:30,179,273,1030,0.162,0.003,7.429,8.7,1.421,1.003,0.12,0.003,9.46,6.717,1.354,1.004,0.114,0.009,9.18,6.459,1.346,1.011,NAN,-585.8,226.5,0,NAN,-273.2
9/30/17 10:45,180,273,1045,0.162,0.003,7.645,8.7,1.421,1.003,0.12,0.003,9.45,6.719,1.354,1.004,0.114,0.008,9.18,6.465,1.346,1.01,NAN,-578.9,223.9,0,NAN,-273.2
9/30/17 11:00,181,273,1100,0.162,0.003,7.857,8.69,1.421,1.004,0.12,0.003,9.45,6.715,1.354,1.005,0.114,0.009,9.17,6.459,1.346,1.011,NAN,-584.3,225.5,0,NAN,-273.2
9/30/17 11:15,182,273,1115,0.161,0.003,8.13,8.66,1.42,1.004,0.12,0.003,9.42,6.717,1.354,1.004,0.114,0.008,9.2,6.464,1.346,1.01,NAN,-595.4,229.1,0,NAN,-273.2
9/30/17 11:30,183,273,1130,0.161,0.003,8.48,8.66,1.42,1.004,0.12,0.003,9.4,6.717,1.354,1.004,0.114,0.008,9.17,6.463,1.346,1.01,NAN,-597.2,229.8,0,NAN,-273.2
9/30/17 11:45,184,273,1145,0.161,0.003,8.82,8.66,1.42,1.004,0.12,0.003,9.41,6.715,1.354,1.004,0.114,0.008,9.19,6.463,1.346,1.01,NAN,-599.6,230.8,0,NAN,-273.2
9/30/17 12:00,185,273,1200,0.161,0.003,9.21,8.66,1.42,1.004,0.119,0.003,9.39,6.687,1.353,1.004,0.114,0.008,9.19,6.462,1.346,1.01,NAN,-594.8,229.2,0,NAN,-273.2
9/30/17 12:15,186,273,1215,0.161,0.003,9.6,8.66,1.42,1.003,0.119,0.003,9.37,6.689,1.353,1.004,0.114,0.008,9.19,6.465,1.346,1.01,NAN,-597.8,229.9,0,NAN,-273.2
9/30/17 12:30,187,273,1230,0.161,0.003,10.01,8.66,1.42,1.003,0.119,0.003,9.35,6.69,1.353,1.004,0.114,0.008,9.18,6.465,1.346,1.01,NAN,-600.9,230.9,0,NAN,-273.2
9/30/17 12:45,188,273,1245,0.161,0.003,10.44,8.63,1.418,1.004,0.119,0.003,9.35,6.688,1.353,1.004,0.114,0.008,9.19,6.462,1.346,1.01,NAN,-597.7,229.5,0,NAN,-273.2
9/30/17 13:00,189,273,1300,0.161,0.004,10.85,8.63,1.418,1.004,0.119,0.003,9.33,6.688,1.353,1.004,0.114,0.008,9.18,6.462,1.346,1.01,NAN,-589.9,227.1,0,NAN,-273.2
9/30/17 13:15,190,273,1315,0.161,0.004,11.21,8.63,1.418,1.004,0.119,0.002,9.34,6.692,1.353,1.003,0.114,0.008,9.17,6.465,1.346,1.01,NAN,-593.3,228.7,0,NAN,-273.2
9/30/17 13:30,191,273,1330,0.161,0.004,11.53,8.63,1.418,1.004,0.119,0.003,9.3,6.689,1.353,1.004,0.114,0.008,9.17,6.461,1.346,1.011,NAN,-591.8,228.1,0,NAN,-273.2
9/30/17 13:45,192,273,1345,0.161,0.004,11.77,8.63,1.418,1.004,0.119,0.003,9.29,6.689,1.353,1.004,0.114,0.008,9.16,6.465,1.346,1.01,NAN,-593.1,228.3,0,NAN,-273.2
9/30/17 14:00,193,273,1400,0.161,0.004,11.91,8.62,1.418,1.004,0.119,0.003,9.27,6.689,1.353,1.004,0.114,0.008,9.18,6.464,1.346,1.01,NAN,-595.1,229.4,0,NAN,-273.2
9/30/17 14:15,194,273,1415,0.16,0.003,12.06,8.6,1.417,1.004,0.119,0.003,9.26,6.69,1.353,1.004,0.114,0.008,9.19,6.464,1.346,1.01,NAN,-595.4,229.3,0,NAN,-273.2
9/30/17 14:30,195,273,1430,0.16,0.003,12.16,8.6,1.417,1.004,0.119,0.003,9.26,6.689,1.353,1.004,0.114,0.008,9.17,6.461,1.346,1.01,NAN,-598.1,230.6,0,NAN,-273.2
9/30/17 14:45,196,273,1445,0.16,0.003,12.22,8.59,1.417,1.004,0.119,0.003,9.25,6.689,1.353,1.004,0.114,0.008,9.16,6.464,1.346,1.01,NAN,-598.7,230.1,0,NAN,-273.2
9/30/17 15:00,197,273,1500,0.16,0.003,12.27,8.59,1.417,1.004,0.119,0.003,9.27,6.689,1.353,1.004,0.114,0.008,9.15,6.464,1.346,1.01,NAN,-597.9,230.2,0,NAN,-273.2
9/30/17 15:15,198,273,1515,0.159,0.003,12.32,8.56,1.416,1.004,0.119,0.003,9.23,6.688,1.353,1.004,0.114,0.007,9.17,6.467,1.346,1.009,NAN,-593.1,228.6,0,NAN,-273.2
9/30/17 15:30,199,273,1530,0.159,0.003,12.42,8.56,1.416,1.004,0.119,0.003,9.26,6.69,1.353,1.004,0.114,0.008,9.18,6.464,1.346,1.01,NAN,-593,228.8,0,NAN,-273.2
9/30/17 15:45,200,273,1545,0.159,0.003,12.59,8.56,1.416,1.004,0.119,0.003,9.26,6.689,1.353,1.004,0.114,0.008,9.17,6.463,1.346,1.01,NAN,-579.7,223.7,0,NAN,-273.2
9/30/17 16:00,201,273,1600,0.159,0.003,12.74,8.56,1.416,1.004,0.119,0.003,9.25,6.688,1.353,1.004,0.114,0.008,9.16,6.464,1.346,1.01,NAN,-591.2,228.4,0,NAN,-273.2
9/30/17 16:15,202,273,1615,0.159,0.003,12.94,8.56,1.416,1.004,0.119,0.003,9.25,6.69,1.353,1.004,0.114,0.008,9.16,6.464,1.346,1.01,NAN,-590.8,228,0,NAN,-273.2
9/30/17 16:30,203,273,1630,0.159,0.004,13.09,8.53,1.415,1.004,0.119,0.003,9.26,6.686,1.353,1.005,0.114,0.008,9.16,6.465,1.346,1.01,NAN,-568.4,220.1,0,NAN,-273.2
9/30/17 16:45,204,273,1645,0.159,0.004,13.17,8.53,1.415,1.004,0.119,0.003,9.27,6.687,1.353,1.004,0.114,0.008,9.16,6.46,1.346,1.011,NAN,-582.1,225,0,NAN,-273.2
9/30/17 17:00,205,273,1700,0.159,0.004,13.23,8.53,1.415,1.005,0.119,0.003,9.27,6.687,1.353,1.004,0.114,0.008,9.16,6.462,1.346,1.01,NAN,-580.2,224.4,0,NAN,-273.2
9/30/17 17:15,206,273,1715,0.159,0.003,13.31,8.53,1.415,1.004,0.119,0.003,9.28,6.688,1.353,1.004,0.114,0.008,9.15,6.461,1.346,1.011,NAN,-584.8,226.4,0,NAN,-273.2
9/30/17 17:30,207,273,1730,0.159,0.004,13.34,8.53,1.415,1.004,0.119,0.003,9.29,6.688,1.353,1.004,0.114,0.008,9.15,6.461,1.346,1.01,NAN,-585,226.6,0,NAN,-273.2
9/30/17 17:45,208,273,1745,0.158,0.003,13.32,8.5,1.414,1.004,0.119,0.003,9.31,6.688,1.353,1.004,0.114,0.008,9.14,6.466,1.346,1.01,NAN,-577.3,223.5,0,NAN,-273.2
9/30/17 18:00,209,273,1800,0.158,0.004,13.29,8.49,1.414,1.004,0.119,0.003,9.33,6.689,1.353,1.004,0.114,0.008,9.15,6.465,1.346,1.01,NAN,-579.3,224.4,0,NAN,-273.2
9/30/17 18:15,210,273,1815,0.158,0.004,13.25,8.49,1.414,1.004,0.119,0.003,9.33,6.688,1.353,1.004,0.114,0.008,9.11,6.465,1.346,1.01,NAN,-574.3,222.2,0,NAN,-273.2
9/30/17 18:30,211,273,1830,0.158,0.004,13.2,8.49,1.414,1.004,0.119,0.003,9.37,6.688,1.353,1.004,0.114,0.008,9.14,6.464,1.346,1.01,NAN,-572.7,221.8,0,NAN,-273.2
9/30/17 18:45,212,273,1845,0.157,0.003,13.14,8.46,1.413,1.004,0.119,0.003,9.38,6.69,1.353,1.004,0.114,0.008,9.13,6.461,1.346,1.01,NAN,-570.5,220.8,0,NAN,-273.2
9/30/17 19:00,213,273,1900,0.157,0.003,13.05,8.46,1.413,1.004,0.119,0.003,9.39,6.689,1.353,1.004,0.114,0.008,9.12,6.463,1.346,1.01,NAN,-570.1,220.8,0,NAN,-273.2
9/30/17 19:15,214,273,1915,0.157,0.003,12.93,8.46,1.413,1.004,0.119,0.003,9.42,6.689,1.353,1.004,0.114,0.008,9.13,6.464,1.346,1.01,NAN,-572.2,221.3,0,NAN,-273.2
9/30/17 19:30,215,273,1930,0.157,0.003,12.83,8.46,1.413,1.004,0.119,0.003,9.44,6.688,1.353,1.004,0.114,0.008,9.09,6.466,1.346,1.01,NAN,-571,221.2,0,NAN,-273.2
9/30/17 19:45,216,273,1945,0.157,0.003,12.71,8.46,1.413,1.004,0.119,0.003,9.47,6.687,1.353,1.004,0.114,0.008,9.14,6.462,1.346,1.01,NAN,-567.8,219.2,0,NAN,-273.2
9/30/17 20:00,217,273,2000,0.157,0.003,12.6,8.46,1.413,1.004,0.119,0.003,9.47,6.688,1.353,1.004,0.114,0.008,9.14,6.464,1.346,1.01,NAN,-565.8,218.9,0,NAN,-273.2
9/30/17 20:15,218,273,2015,0.157,0.004,12.45,8.46,1.413,1.004,0.119,0.003,9.5,6.689,1.353,1.004,0.114,0.008,9.12,6.464,1.346,1.01,NAN,-572,222,0,NAN,-273.2
9/30/17 20:30,219,273,2030,0.157,0.004,12.34,8.43,1.412,1.004,0.119,0.003,9.53,6.689,1.353,1.004,0.114,0.008,9.14,6.461,1.346,1.011,NAN,-570.4,221.1,0,NAN,-273.2
9/30/17 20:45,220,273,2045,0.157,0.003,12.2,8.43,1.412,1.004,0.119,0.003,9.53,6.688,1.353,1.004,0.114,0.008,9.13,6.462,1.346,1.01,NAN,-567.1,219.5,0,NAN,-273.2
9/30/17 21:00,221,273,2100,0.157,0.004,12.08,8.43,1.412,1.004,0.119,0.003,9.58,6.69,1.353,1.004,0.114,0.008,9.15,6.465,1.346,1.01,NAN,-564.1,218.4,0,NAN,-273.2
9/30/17 21:15,222,273,2115,0.157,0.003,11.93,8.43,1.412,1.004,0.119,0.003,9.58,6.687,1.353,1.004,0.114,0.008,9.13,6.461,1.346,1.011,NAN,-566.5,219.4,0,NAN,-273.2
9/30/17 21:30,223,273,2130,0.157,0.003,11.83,8.43,1.412,1.004,0.119,0.003,9.6,6.689,1.353,1.004,0.114,0.008,9.13,6.463,1.346,1.01,NAN,-565.4,219,0,NAN,-273.2
9/30/17 21:45,224,273,2145,0.157,0.003,11.69,8.43,1.412,1.004,0.119,0.003,9.62,6.689,1.353,1.004,0.114,0.008,9.12,6.463,1.346,1.01,NAN,-564.8,218.8,0,NAN,-273.2
9/30/17 22:00,225,273,2200,0.157,0.003,11.54,8.43,1.412,1.004,0.119,0.003,9.63,6.688,1.353,1.004,0.114,0.008,9.12,6.464,1.346,1.01,NAN,-562.8,217.9,0,NAN,-273.2
9/30/17 22:15,226,273,2215,0.157,0.003,11.42,8.43,1.412,1.004,0.119,0.003,9.66,6.688,1.353,1.004,0.114,0.008,9.16,6.465,1.346,1.01,NAN,-563.7,218.3,0,NAN,-273.2
9/30/17 22:30,227,273,2230,0.157,0.003,11.28,8.43,1.412,1.004,0.119,0.003,9.68,6.688,1.353,1.004,0.114,0.008,9.14,6.463,1.346,1.01,NAN,-557.8,215.4,0,NAN,-273.2
9/30/17 22:45,228,273,2245,0.157,0.003,11.15,8.43,1.412,1.004,0.119,0.003,9.69,6.689,1.353,1.004,0.114,0.008,9.14,6.46,1.346,1.011,NAN,-551.9,212.5,0,NAN,-273.2
9/30/17 23:00,229,273,2300,0.157,0.004,11.02,8.43,1.412,1.004,0.119,0.003,9.73,6.69,1.353,1.004,0.114,0.008,9.12,6.464,1.346,1.01,NAN,-556.1,215.2,0,NAN,-273.2
9/30/17 23:15,230,273,2315,0.156,0.003,10.88,8.4,1.411,1.004,0.119,0.003,9.74,6.689,1.353,1.004,0.114,0.008,9.13,6.462,1.346,1.01,NAN,-556.7,215.7,0,NAN,-273.2
9/30/17 23:30,231,273,2330,0.156,0.003,10.72,8.4,1.411,1.004,0.119,0.003,9.77,6.691,1.353,1.004,0.114,0.008,9.14,6.463,1.346,1.01,NAN,-548.2,212.1,0,NAN,-273.2
9/30/17 23:45,232,273,2345,0.156,0.003,10.62,8.4,1.411,1.004,0.12,0.003,9.77,6.719,1.354,1.004,0.114,0.008,9.16,6.463,1.346,1.01,NAN,-543.9,210.6,0,NAN,-273.2