TOA5,CR1000_tower3_cluster,CR1000,78272,CR1000.Std.28.02,CPU:SH_tow3_cluster_2017.CR1,29011,SapFlow,,,,,,,,,,
TIMESTAMP,RECORD,AVRD_Avg(1),AVRD_Avg(2),Sap_mV_Avg(1),Sap_mV_Avg(2),Sap_mV_Avg(3),Sap_mV_Avg(4),Sap_mV_Avg(5),Sap_mV_Avg(6),Sap_mV_Avg(7),Sap_mV_Avg(8),Sap_mV_Avg(9),Sap_mV_Avg(10),Sap_mV_Avg(11),Sap_mV_Avg(12),Sap_mV_Avg(13),Sap_mV_Avg(14)
TS,RN,,,,,,,,,,,,,,,,
,,Avg,Avg,Avg,Avg,Avg,Avg,Avg,Avg,Avg,Avg,Avg,Avg,Avg,Avg,Avg,Avg
10/1/19 0:00,6250,2.71,3.114,0.158,4236,0.262,680.8,653.2,0.199,0.178,59.03,65.37,-149.1,-108.8,-41.6,-192.1,0.23
10/1/19 0:15,6251,2.71,3.112,0.164,4230,0.261,678.5,651.7,0.195,0.178,65.62,71.39,-142.8,-104.4,-40.27,-186.8,0.231
10/1/19 0:30,6252,2.71,3.108,0.164,4232,0.261,697.4,669.4,0.18,0.178,65.99,71.75,-139.7,-103.2,-40.38,-187.7,0.229
10/1/19 0:45,6253,2.71,3.108,0.147,4228,0.26,706.5,678.3,0.178,0.177,70.42,75.95,-133.7,-98.8,-38.68,-184.5,0.229
10/1/19 1:00,6254,2.71,3.108,0.145,4221,0.26,722.8,693.3,0.182,0.178,65.33,71.24,-132.6,-98.2,-38.65,-174.6,0.228
10/1/19 1:15,6255,2.71,3.108,0.141,4214,0.26,772.7,738.4,0.173,0.177,61.96,68.01,-134.2,-99.3,-40.61,-173.6,0.227
10/1/19 1:30,6256,2.71,3.112,0.14,4210,0.26,817,776.9,0.168,0.177,62.92,68.97,-135,-99.7,-42.28,-176.1,0.226
10/1/19 1:45,6257,2.71,3.114,0.144,4203,0.26,799.6,762.8,0.177,0.177,66.61,72.15,-128.4,-93.2,-39.51,-162.7,0.225
10/1/19 2:00,6258,2.71,3.114,0.14,4200,0.26,859,813,0.186,0.177,67.77,73.47,-137.7,-96.6,-40.74,-155.2,0.225
10/1/19 2:15,6259,2.71,3.114,0.137,4190,0.26,906,850,0.186,0.177,62.75,68.58,-212,-153.9,-80.4,-181.8,0.224
10/1/19 2:30,6260,2.71,3.114,0.146,4187,0.259,960,889,0.183,0.177,69.5,74.97,-194.7,-150.5,-85.3,-194.8,0.223
10/1/19 2:45,6261,2.71,3.114,0.156,4186,0.259,989,909,0.181,0.177,74.77,79.68,-183.7,-143.6,-82,-191.8,0.223
10/1/19 3:00,6262,2.71,3.114,0.164,4185,0.259,993,912,0.184,0.177,63.65,69.72,-189.4,-146.7,-84.8,-204.9,0.223
10/1/19 3:15,6263,2.71,3.112,0.16,4185,0.259,1005,921,0.185,0.177,79.3,84.2,-175.3,-138.5,-80.9,-200.8,0.222
10/1/19 3:30,6264,2.71,3.112,0.174,4183,0.258,994,913,0.193,0.177,66.71,72.42,-179.1,-138.8,-81.2,-196.2,0.222
10/1/19 3:45,6265,2.71,3.112,0.178,4182,0.258,1053,952,0.187,0.177,71.51,76.85,-178,-137.5,-81.8,-195.4,0.222
10/1/19 4:00,6266,2.71,3.112,0.169,4177,0.258,1077,968,0.191,0.177,59.82,66.01,-187.2,-144,-86.9,-196.6,0.221
10/1/19 4:15,6267,2.71,3.114,0.162,4171,0.258,1097,980,0.199,0.177,68.71,74.24,-184,-144.5,-89.1,-207.4,0.221
10/1/19 4:30,6268,2.71,3.112,0.178,4172,0.258,1124,994,0.199,0.176,64.44,70.39,-193,-149.3,-93.5,-211.2,0.221
10/1/19 4:45,6269,2.71,3.108,0.178,4170,0.258,1132,998,0.201,0.176,70.94,76.3,-189.9,-148.1,-94.7,-205.5,0.22
10/1/19 5:00,6270,2.71,3.108,0.177,4165,0.257,1124,994,0.201,0.177,71.81,77.33,-186.9,-144.6,-93.1,-198.2,0.221
10/1/19 5:15,6271,2.71,3.108,0.175,4169,0.257,1120,992,0.202,0.177,73.61,78.87,-188.4,-145.7,-93.4,-202.3,0.221
10/1/19 5:30,6272,2.71,3.108,0.164,4162,0.257,1127,996,0.201,0.177,70.84,76.43,-194.4,-148.8,-96.4,-210.5,0.221
10/1/19 5:45,6273,2.71,3.108,0.157,4164,0.258,1096,977,0.201,0.177,85.5,90.1,-196.5,-151.3,-100.9,-229.2,0.221
10/1/19 6:00,6274,2.71,3.108,0.147,4175,0.258,1041,943,0.203,0.177,80.3,85.3,-200.2,-155.7,-106.7,-234,0.221
10/1/19 6:15,6275,2.71,3.108,0.151,4173,0.257,1023,931,0.204,0.177,80.4,85.4,-194.4,-148.9,-101,-215.8,0.222
10/1/19 6:30,6276,2.71,3.108,0.144,4172,0.258,1038,940,0.203,0.177,78.53,83.7,-195.2,-148,-98.9,-211.9,0.223
10/1/19 6:45,6277,2.71,3.108,0.148,4176,0.258,989,908,0.206,0.178,87.9,92.1,-191,-143.2,-97.3,-220.1,0.223
10/1/19 7:00,6278,2.71,3.108,0.16,4182,0.257,1007,920,0.207,0.178,93.6,97.5,-184.9,-137.6,-93,-221.2,0.223
10/1/19 7:15,6279,2.71,3.109,0.174,4184,0.258,980,900,0.209,0.178,79.31,84.2,-192.4,-141.2,-94.7,-213.8,0.224
10/1/19 7:30,6280,2.71,3.11,0.164,4191,0.258,959,886,0.209,0.178,80.7,85.5,-190,-133.6,-89.8,-222.8,0.225
10/1/19 7:45,6281,2.71,3.108,0.167,4198,0.258,971,894,0.205,0.178,83.8,88.5,-187.2,-123.4,-84.4,-223.6,0.225
10/1/19 8:00,6282,2.71,3.108,0.169,4208,0.258,993,908,0.197,0.179,78.06,83.5,-173.5,-97.7,-69.33,-190.4,0.225
10/1/19 8:15,6283,2.71,3.108,0.169,4216,0.259,940,871,0.199,0.179,59.87,66.55,-170.8,-77.09,-56.77,-149,0.226
10/1/19 8:30,6284,2.71,3.108,0.16,4223,0.259,967,890,0.193,0.179,55.03,62.29,-161.8,-61.1,-46.83,-111.3,0.227
10/1/19 8:45,6285,2.71,3.108,0.154,4215,0.26,965,888,0.201,0.18,55.52,62.69,-139.5,10.53,-1.009,-316.9,0.228
10/1/19 9:00,6286,2.71,3.109,0.165,4214,0.26,940,869,0.209,0.181,51.64,59.04,-124,44.32,27.03,-42.12,0.228
10/1/19 9:15,6287,2.711,3.112,0.159,4224,0.26,950,876,0.214,0.18,47.67,55.27,-112.5,63.13,38.14,14.1,0.229
10/1/19 9:30,6288,2.712,3.113,0.159,4218,0.26,941,870,0.217,0.181,46.3,53.98,-105.9,84.2,48.19,42.18,0.23
10/1/19 9:45,6289,2.71,3.112,0.163,4223,0.26,932,863,0.218,0.182,39.37,47.74,-106.8,114.2,59.57,71.95,0.23
10/1/19 10:00,6290,2.71,3.114,0.159,4236,0.26,908,846,0.217,0.182,32.36,41.18,-114.9,113.8,34.25,109.9,0.231
10/1/19 10:15,6291,2.71,3.112,0.156,NAN,0.26,917,851,0.218,0.182,36.42,44.93,-113.9,1.75,-50.59,188.1,0.231
10/1/19 10:30,6292,2.714,3.114,0.157,NAN,0.261,936,864,0.222,0.183,52.85,60.76,-92.3,-25.14,-20.96,262,0.233
10/1/19 10:45,6293,2.71,3.113,0.165,NAN,0.261,903,838,0.223,0.184,68.1,75.06,-89.1,-16.59,22.65,155.9,0.233
10/1/19 11:00,6294,2.709,3.113,0.155,NAN,0.262,887,824,0.226,0.185,87.5,93,-77.93,-10.54,44.46,217.6,0.234
10/1/19 11:15,6295,2.711,3.113,0.177,NAN,0.261,829,777.5,0.223,0.185,91.8,97.1,-73.17,-11.07,61.61,159.9,0.235
10/1/19 11:30,6296,2.713,3.112,0.165,NAN,0.261,843,787.9,0.222,0.186,119.2,122.6,-63.89,7.338,572.1,542.4,0.235
10/1/19 11:45,6297,2.712,3.112,0.168,NAN,0.262,840,785.9,0.225,0.186,135.9,137.9,-44.34,12.01,160.7,349.8,0.236
10/1/19 12:00,6298,2.712,3.112,0.172,NAN,0.262,848,791.7,0.226,0.188,140.1,141.9,-43.85,15.88,147.7,245.8,0.236
10/1/19 12:15,6299,2.714,3.112,0.165,NAN,0.264,826,774,0.228,0.188,142.1,143.7,-39.22,13.13,109.2,231.1,0.237
10/1/19 12:30,6300,2.714,3.112,0.129,NAN,0.265,832,778.2,0.228,0.189,136.8,138.9,-46.13,15.14,116.2,242,0.237
10/1/19 12:45,6301,2.712,3.112,0.141,NAN,0.266,804,754.6,0.228,0.19,141.7,143.3,-37.26,16.98,113.6,224.3,0.238
10/1/19 13:00,6302,2.714,3.112,0.141,NAN,0.266,788.7,742.1,0.224,0.189,126.2,129,-50.63,2.702,134,188.2,0.238
10/1/19 13:15,6303,2.714,3.112,0.144,NAN,0.267,814,763.3,0.219,0.189,126.4,129.3,-186.8,-92.5,58.03,160.9,0.237
10/1/19 13:30,6304,2.714,3.112,0.138,NAN,0.268,782.5,736.3,0.217,0.189,146.7,148.1,-120.4,-57.01,120.4,230.3,0.237
10/1/19 13:45,6305,2.714,3.112,0.144,NAN,0.269,789.5,741.3,0.214,0.189,155.9,156.5,-26.29,22.33,127.6,267.8,0.236
10/1/19 14:00,6306,2.714,3.112,0.156,4171,0.27,806,755.1,0.215,0.189,154.4,154.9,NAN,29.66,123.7,256.1,0.235
10/1/19 14:15,6307,2.714,3.112,0.162,4355,0.27,781.4,734.7,0.217,0.188,153.7,154.2,NAN,30.59,116.5,173.4,0.234
10/1/19 14:30,6308,2.714,3.112,0.164,4283,0.271,783.7,736.5,0.216,0.187,152.9,153.5,NAN,29.75,118,163.3,0.235
10/1/19 14:45,6309,2.714,3.112,0.157,3540,0.272,706.1,666.3,0.213,0.187,133,135.4,53.13,61.39,140,185.5,0.234
10/1/19 15:00,6310,2.714,3.112,0.127,3457,0.273,675.9,638.3,0.215,0.187,143.5,145.5,74.44,72.64,150.9,202.7,0.234
10/1/19 15:15,6311,2.714,3.112,0.114,3474,0.273,662.6,626,0.216,0.187,143.3,145.3,74.09,79.66,155.8,206.7,0.234
10/1/19 15:30,6312,2.714,3.112,0.113,3502,0.273,681.3,643.3,0.216,0.187,169.7,169.7,92.5,92.9,164.2,232.3,0.233
10/1/19 15:45,6313,2.714,3.112,0.133,3510,0.274,686.3,648,0.214,0.187,148.3,150.1,81,82.7,154,239.2,0.234
10/1/19 16:00,6314,2.712,3.112,0.156,3518,0.275,670.5,633.3,0.2,0.185,141.6,143.8,80.5,84.8,151.9,203.1,0.234
10/1/19 16:15,6315,2.71,3.111,0.155,3523,0.274,685.2,646.9,0.186,0.184,135.6,138.2,80.5,81.9,143.9,182.3,0.235
10/1/19 16:30,6316,2.71,3.11,0.136,3554,0.274,694.5,655.9,0.176,0.183,140.9,142.9,81.3,83.3,142.5,176.6,0.236
10/1/19 16:45,6317,2.708,3.108,0.134,3557,0.274,690.3,651.9,0.179,0.184,143.7,145.4,82.2,86.8,144,174.5,0.236
10/1/19 17:00,6318,2.71,3.108,0.12,3578,0.273,679.8,642.7,0.18,0.184,147.7,148.8,82,88.3,144.1,171.6,0.237
10/1/19 17:15,6319,2.71,3.108,0.11,3603,0.273,675,638.7,0.183,0.184,141.3,143.2,74.7,84.1,140.1,165.4,0.237
10/1/19 17:30,6320,2.709,3.107,0.122,3621,0.273,674.3,638.5,0.189,0.184,142.4,144.2,73.36,84.1,137.7,159.8,0.237
10/1/19 17:45,6321,2.709,3.107,0.136,3626,0.272,662.4,627.8,0.188,0.185,142.8,144.3,71.81,83,134,154,0.237
10/1/19 18:00,6322,2.709,3.107,0.135,3663,0.272,638.9,606.3,0.189,0.185,131.9,133.9,63.86,80.2,130.4,142,0.237
10/1/19 18:15,6323,2.709,3.107,0.138,3735,0.271,632.3,600.5,0.189,0.185,134.5,136.2,71.66,90.3,133.8,129.5,0.237
10/1/19 18:30,6324,2.709,3.107,0.125,NAN,0.271,668.1,634.8,0.191,0.185,116,118.7,NAN,56.32,111.8,96.8,0.236
10/1/19 18:45,6325,2.709,3.107,0.128,NAN,0.27,662.6,630.4,0.2,0.185,107.5,110.7,NAN,53.28,103.9,66.27,0.236
10/1/19 19:00,6326,2.709,3.107,0.122,NAN,0.27,671.4,638.7,0.201,0.185,101.3,104.9,NAN,50.95,99.8,48.37,0.236
10/1/19 19:15,6327,2.71,3.107,0.147,NAN,0.269,674.7,641.9,0.198,0.185,98.7,102.2,NAN,53.64,99.1,37.14,0.236
10/1/19 19:30,6328,2.71,3.108,0.167,NAN,0.268,667.8,635.6,0.201,0.185,96.7,100.4,-21.13,51.57,96.3,27.28,0.235
10/1/19 19:45,6329,2.71,3.108,0.169,NAN,0.268,656.8,625.6,0.214,0.186,86.6,91.1,-30.83,48.23,92.3,19.05,0.234
10/1/19 20:00,6330,2.71,3.108,0.171,NAN,0.267,674.3,641.9,0.207,0.185,95.2,98.9,NAN,51.66,92.5,10.42,0.234
10/1/19 20:15,6331,2.71,3.108,0.169,NAN,0.266,668.2,636.4,0.215,0.185,91,95,-32.7,52.05,91.7,8.04,0.234
10/1/19 20:30,6332,2.71,3.108,0.173,NAN,0.266,676,644,0.223,0.184,85.4,89.5,-38.91,50.54,89.5,-2.153,0.233
10/1/19 20:45,6333,2.71,3.108,0.182,NAN,0.265,679.9,647.7,0.221,0.184,77.03,81.8,-47.76,46.81,85.5,-19.57,0.233
10/1/19 21:00,6334,2.71,3.108,0.172,NAN,0.265,687.7,655.1,0.22,0.183,86.2,90.4,-43.54,49.93,86,-18.57,0.232
10/1/19 21:15,6335,2.71,3.108,0.17,NAN,0.264,657.4,627.1,0.219,0.183,83.8,88.1,-45.44,50.33,85.7,-18,0.233
10/1/19 21:30,6336,2.71,3.108,0.172,NAN,0.264,698.4,665.3,0.207,0.182,83.6,87.8,-51.24,48.38,84.2,-17.48,0.233
10/1/19 21:45,6337,2.71,3.108,0.169,NAN,0.264,682.1,650.8,0.2,0.181,83.1,87.4,-57.35,43.65,79.26,-19.2,0.232
10/1/19 22:00,6338,2.71,3.108,0.171,NAN,0.264,659.1,629.2,0.197,0.181,76.09,80.9,-67.19,34,72.41,-23.04,0.232
10/1/19 22:15,6339,2.71,3.108,0.18,NAN,0.264,652.4,623.2,0.195,0.18,78.1,82.7,-78.18,19.23,61.54,-35.57,0.232
10/1/19 22:30,6340,2.71,3.108,0.186,NAN,0.263,651.4,622.4,0.195,0.18,73.25,78.01,-97.8,-0.313,49.35,-46.35,0.232
10/1/19 22:45,6341,2.71,3.108,0.187,NAN,0.263,677.4,646.2,0.194,0.179,80.7,84.8,-113.5,-22.35,30.71,-63.93,0.231
10/1/19 23:00,6342,2.71,3.108,0.185,NAN,0.263,662.4,632.4,0.205,0.179,67.55,72.77,-121.7,-31.37,22.66,-81.4,0.231
10/1/19 23:15,6343,2.71,3.108,0.138,NAN,0.263,666.4,636.4,0.209,0.179,70.35,75.24,-121.3,-38.86,15.8,-90.1,0.231
10/1/19 23:30,6344,2.71,3.108,0.172,NAN,0.262,678.1,647.4,0.207,0.179,69.67,74.59,-120.3,-45.19,9.81,-86.9,0.231
10/1/19 23:45,6345,2.71,3.108,0.178,NAN,0.262,684.2,652.9,0.202,0.179,78.32,82.7,-114.7,-45.32,7.788,-129.1,0.23
10/2/19 0:00,6346,2.71,3.108,0.18,4236,0.262,710,677,0.2,0.179,65.55,70.87,-134.7,-60.71,-2.618,-673.2,0.23
10/2/19 0:15,6347,2.71,3.108,0.179,4214,0.262,717.8,685.5,0.197,0.178,68.86,73.74,-134.8,-67.43,-10.76,-506.1,0.23
10/2/19 0:30,6348,2.71,3.108,0.156,4216,0.261,735.3,702.3,0.199,0.178,58.61,64.35,-142.9,-75.5,-16.93,-138.2,0.23
10/2/19 0:45,6349,2.71,3.108,0.137,4206,0.261,735.3,702.9,0.202,0.178,67.13,72.23,-138.4,-77.23,-20.52,-104.5,0.229
10/2/19 1:00,6350,2.71,3.108,0.139,4203,0.261,740.5,707.8,0.202,0.178,63.14,68.64,-143.5,-81.6,-24.31,-110.2,0.229
10/2/19 1:15,6351,2.71,3.108,0.132,4208,0.261,741.1,709.1,0.2,0.179,64.81,69.94,-144.6,-84.8,-27.27,-127.4,0.229
10/2/19 1:30,6352,2.71,3.108,0.125,4203,0.261,775.5,740,0.2,0.178,66.1,71.02,-144.9,-90,-32.19,-131.5,0.229
10/2/19 1:45,6353,2.71,3.108,0.128,4199,0.26,819,777.9,0.198,0.178,57.71,63.3,-148.2,-96,-37.07,-129.6,0.229
10/2/19 2:00,6354,2.71,3.108,0.134,4196,0.26,804,766.3,0.199,0.178,57.8,63.42,-149.9,-99.6,-41.68,-127,0.228
10/2/19 2:15,6355,2.71,3.108,0.135,4187,0.261,862,814,0.199,0.178,58.13,63.67,-153.2,-105.1,-46.48,-132.6,0.227
10/2/19 2:30,6356,2.71,3.108,0.135,4183,0.261,854,808,0.2,0.177,67.45,72.15,-147.7,-103.5,-47.18,-144.1,0.226
10/2/19 2:45,6357,2.71,3.108,0.134,4186,0.261,908,851,0.2,0.177,56.93,62.52,-158.6,-114.2,-54.6,-177.8,0.226
10/2/19 3:00,6358,2.71,3.108,0.146,4182,0.261,908,852,0.203,0.177,66.66,71.48,-152.6,-114,-57.03,-184.6,0.226
10/2/19 3:15,6359,2.71,3.108,0.142,4177,0.261,931,869,0.202,0.177,73.75,78.12,-146.5,-109.2,-55.46,-172.1,0.225
10/2/19 3:30,6360,2.71,3.108,0.134,4166,0.261,957,889,0.204,0.178,68.81,73.42,-148.1,-109.7,-55.81,-152.5,0.225
10/2/19 3:45,6361,2.71,3.108,0.13,4164,0.261,943,879,0.205,0.177,65.72,70.54,-151.9,-113.6,-58.82,-156.7,0.224
10/2/19 4:00,6362,2.71,3.108,0.127,4161,0.261,982,907,0.205,0.178,69.59,74.11,-150,-115.9,-62.16,-153.2,0.224
10/2/19 4:15,6363,2.71,3.108,0.139,4150,0.26,1023,934,0.202,0.177,67.8,72.5,-152.3,-116.1,-62.63,-155.6,0.224
10/2/19 4:30,6364,2.71,3.108,0.144,4146,0.26,1023,935,0.202,0.177,71.06,75.59,-151.3,-118.2,-65.42,-161.4,0.224
10/2/19 4:45,6365,2.71,3.108,0.142,4147,0.26,1022,935,0.205,0.177,75.9,79.97,-148,-117.1,-65.65,-162.6,0.224
10/2/19 5:00,6366,2.71,3.108,0.138,4139,0.259,1075,969,0.206,0.177,75.29,79.38,-148,-116.8,-66.28,-159.1,0.223
10/2/19 5:15,6367,2.71,3.108,0.138,4135,0.259,1096,982,0.206,0.177,70.68,75.41,-153.2,-122.1,-70.17,-165.3,0.223
10/2/19 5:30,6368,2.71,3.108,0.137,4131,0.259,1118,996,0.206,0.177,74.93,79.25,-153.3,-126.7,-74.6,-176.7,0.223
10/2/19 5:45,6369,2.71,3.108,0.14,4136,0.259,1127,1002,0.205,0.177,77.18,81.2,-154.5,-130.3,-78.15,-184.7,0.223
10/2/19 6:00,6370,2.71,3.108,0.145,4131,0.258,1189,1036,0.206,0.178,77.47,81.6,-153.6,-123.8,-75.73,-173.8,0.223
10/2/19 6:15,6371,2.71,3.108,0.141,4126,0.258,1204,1044,0.206,0.177,77.75,81.8,-154.6,-114.1,-68.85,-164.4,0.222
10/2/19 6:30,6372,2.71,3.108,0.141,4123,0.258,1204,1045,0.204,0.177,82.7,86.2,-150.9,-106.7,-62.88,-159.1,0.223
10/2/19 6:45,6373,2.71,3.108,0.137,4116,0.257,1237,1062,0.204,0.177,69.73,74.54,-158.2,-108.4,-63.69,-162.9,0.222
10/2/19 7:00,6374,2.71,3.108,0.127,4118,0.258,1259,1073,0.202,0.177,73.67,77.98,-151.9,-105.2,-62.85,-143,0.222
10/2/19 7:15,6375,2.71,3.108,0.133,4110,0.257,1269,1078,0.203,0.177,88.7,92.1,-143.1,-95.4,-55.46,-140.8,0.222
10/2/19 7:30,6376,2.71,3.108,0.129,4107,0.257,1257,1073,0.205,0.177,84,87.5,-157.2,-103.1,-59.85,-146,0.222
10/2/19 7:45,6377,2.71,3.108,0.149,4112,0.257,1280,1083,0.206,0.178,83.4,87.2,-176.4,-117.3,-70.9,-160.9,0.221
10/2/19 8:00,6378,2.71,3.108,0.149,4120,0.258,1162,1021,0.207,0.179,86.4,90.3,-210,-140.7,-85.1,-184.2,0.222
10/2/19 8:15,6379,2.71,3.108,0.148,4139,0.258,1044,948,0.204,0.179,67.12,73,-237.1,-150.3,-91.2,-116.8,0.223
10/2/19 8:30,6380,2.71,3.108,0.158,4162,0.258,1013,927,0.206,0.179,45.15,52.76,-200.7,-126.9,-78.14,-44.61,0.223
10/2/19 8:45,6381,2.71,3.108,0.145,4167,0.258,1007,921,0.204,0.18,41.37,49.41,-99.6,-95.3,-60.79,5.982,0.224
10/2/19 9:00,6382,2.71,3.108,0.151,4182,0.258,988,906,0.207,0.181,44.41,52.3,-107.7,-64.3,-22.95,46.47,0.225
10/2/19 9:15,6383,2.71,3.108,0.129,4196,0.259,1006,917,0.206,0.182,66.38,72.49,-104.3,-12.3,28.44,120,0.227
10/2/19 9:30,6384,2.712,3.108,0.142,NAN,0.259,998,910,0.208,0.182,107.6,110.9,-76.61,-8.42,46.83,206.7,0.228
10/2/19 9:45,6385,2.71,3.107,0.159,NAN,0.26,961,883,0.208,0.183,110.3,113.5,-68.47,-3.091,630.2,613.3,0.228
10/2/19 10:00,6386,2.71,3.107,0.148,NAN,0.262,948,872,0.21,0.184,133.3,135,-54.72,5.57,710.3,785.2,0.23
10/2/19 10:15,6387,2.712,3.108,0.127,NAN,0.264,934,860,0.216,0.185,156.3,156.4,-34.82,19.56,111.5,324,0.234
10/2/19 10:30,6388,2.71,3.108,0.144,NAN,0.266,901,834,0.216,0.185,160.1,160,-32.04,27.21,114.5,318.5,0.236
10/2/19 10:45,6389,2.712,3.11,0.15,NAN,0.267,917,846,0.22,0.186,164,163.6,-39.6,24.48,121.6,371,0.238
10/2/19 11:00,6390,2.714,3.108,0.141,NAN,0.268,882,818,0.215,0.186,170.4,169.7,-26.79,29.81,129.4,366,0.239
10/2/19 11:15,6391,2.714,3.112,0.138,3499,0.27,811,759.1,0.212,0.187,177.7,176.9,54.97,77.08,159.8,351.4,0.24
10/2/19 11:30,6392,2.714,3.112,0.134,3401,0.271,773.9,726.5,0.21,0.187,175.7,175.5,68.65,89.4,173.1,368.1,0.239
10/2/19 11:45,6393,2.714,3.112,0.128,3357,0.272,765.9,718.8,0.209,0.187,187.3,186.4,86.6,98.2,180,375.7,0.239
10/2/19 12:00,6394,2.714,3.111,0.116,3308,0.273,753.6,707.7,0.208,0.187,186.5,185.6,95,104,185.9,374.3,0.239
10/2/19 12:15,6395,2.713,3.111,0.117,3272,0.275,702.6,662.4,0.207,0.186,208.1,205.7,115.8,121.6,196.1,354.1,0.238
10/2/19 12:30,6396,2.713,3.111,0.156,3206,0.276,675.4,637,0.204,0.185,206.4,204.1,125,133.6,203,366.3,0.237
10/2/19 12:45,6397,2.713,3.111,0.159,3208,0.278,660,622.6,0.203,0.185,192.2,190.8,120.7,134.8,200.7,346.7,0.234
10/2/19 13:00,6398,2.713,3.111,0.152,3225,0.278,650.2,613.4,0.201,0.184,180.1,179.7,117.9,123.1,181.6,263.8,0.231
10/2/19 13:15,6399,2.713,3.111,0.16,3234,0.277,650.7,614.1,0.196,0.183,196.9,195.2,133.1,137.4,200.6,290.4,0.226
10/2/19 13:30,6400,2.713,3.111,0.161,3183,0.277,628.1,593.2,0.194,0.183,202.9,200.8,140.9,156.5,213.7,335.1,0.22
10/2/19 13:45,6401,2.713,3.111,0.143,3162,0.276,621.1,586.7,0.194,0.182,203,201.1,147.6,155.1,212.2,352.4,0.214
10/2/19 14:00,6402,2.713,3.111,0.136,3144,0.274,611.2,577.4,0.194,0.182,203.6,201.6,152.7,158.3,208.3,354.3,0.211
10/2/19 14:15,6403,2.713,3.111,0.163,3135,0.272,613,578.6,0.195,0.182,212.9,210.1,163.4,160.3,203,283.9,0.209
10/2/19 14:30,6404,2.713,3.111,0.166,3124,0.27,601,567.5,0.195,0.183,221.9,218.4,174.9,163.7,206.4,268.1,0.209
10/2/19 14:45,6405,2.712,3.111,0.164,3121,0.268,583,550.8,0.196,0.183,203.6,201.6,167.5,157.5,206.1,273.8,0.21
10/2/19 15:00,6406,2.713,3.111,0.158,3120,0.267,567.6,536.7,0.201,0.184,198.1,196.6,166.9,152.1,205.1,277.3,0.212
10/2/19 15:15,6407,2.713,3.111,0.12,3164,0.266,584.5,552.3,0.209,0.185,201.2,199.4,160.5,152.2,206,275.5,0.214
10/2/19 15:30,6408,2.713,3.111,0.114,3181,0.265,577.2,545.7,0.21,0.185,196.5,195.1,154.7,149.1,206.4,292.9,0.214
10/2/19 15:45,6409,2.714,3.111,0.124,3207,0.264,571.5,540.5,0.204,0.185,183.2,182.8,142.6,136.5,197.5,297.9,0.213
10/2/19 16:00,6410,2.712,3.112,0.117,3239,0.263,546.3,517.6,0.198,0.184,174.2,174.6,131.6,129.2,192.5,269.5,0.214
10/2/19 16:15,6411,2.71,3.112,0.135,3269,0.262,564.1,533.7,0.191,0.182,174.7,174.9,131.3,122.6,186.2,254.1,0.216
10/2/19 16:30,6412,2.711,3.112,0.129,3309,0.262,577.5,546.1,0.19,0.183,173.1,173.5,124,120.4,186,252,0.218
10/2/19 16:45,6413,2.71,3.112,0.134,3311,0.262,568.5,537.8,0.184,0.182,168.8,169.3,117.2,117.5,184,249.4,0.221
10/2/19 17:00,6414,2.711,3.112,0.143,3341,0.262,566.9,536.5,0.189,0.181,159,160.3,110,112.5,180.1,243.2,0.223
10/2/19 17:15,6415,2.712,3.112,0.145,3359,0.262,565.1,535.1,0.189,0.18,146.4,149,101.8,107.4,174.7,235.2,0.224
10/2/19 17:30,6416,2.708,3.112,0.15,3375,0.263,574.1,543.3,0.191,0.179,151.4,153.4,107.6,108.8,172.8,229.3,0.225
10/2/19 17:45,6417,2.709,3.112,0.155,3383,0.262,568.9,538.5,0.191,0.179,164.1,164.6,130.5,119.8,174.6,222.9,0.226
10/2/19 18:00,6418,2.71,3.11,0.152,3401,0.262,566.2,536.2,0.193,0.179,178.8,178.1,141.4,128.9,175.6,215.9,0.227
10/2/19 18:15,6419,2.712,3.108,0.157,3426,0.263,578.2,547.9,0.195,0.179,172.3,172.1,133.8,125.6,171.5,206.9,0.227
10/2/19 18:30,6420,2.711,3.106,0.165,3452,0.262,554.7,526.6,0.193,0.178,164.5,164.7,124.1,120,165.3,196.7,0.227
10/2/19 18:45,6421,2.71,3.106,0.158,3477,0.262,539.3,512.5,0.197,0.178,170.2,169.8,124.4,122.8,164.3,189.6,0.228
10/2/19 19:00,6422,2.709,3.106,0.156,3507,0.262,533.2,507.4,0.198,0.178,137.4,139.4,96.6,107.5,153.3,176,0.228
10/2/19 19:15,6423,2.709,3.107,0.151,3544,0.262,526.6,501.7,0.198,0.179,127.5,130.1,85.5,86.7,139.7,157.6,0.229
10/2/19 19:30,6424,2.709,3.107,0.148,3578,0.263,513.1,489.7,0.199,0.178,120.4,123.5,76.47,59.31,121,133.8,0.229
10/2/19 19:45,6425,2.709,3.107,0.163,3603,0.262,489.3,467.7,0.2,0.178,116.7,119.9,71.93,-1.711,82.7,97.9,0.23
10/2/19 20:00,6426,2.709,3.107,0.164,3620,0.262,483.6,462.8,0.2,0.179,112.2,115.7,71.4,-90.2,23.89,37.5,0.231
10/2/19 20:15,6427,2.709,3.107,0.165,3650,0.263,458.7,439.7,0.205,0.179,98.4,102.9,71.96,-87.6,19.5,14.74,0.231
10/2/19 20:30,6428,2.709,3.107,0.169,3690,0.263,469.7,450.1,0.208,0.179,98.6,102.9,77.02,-82.3,19.5,0.604,0.232
10/2/19 20:45,6429,2.709,3.107,0.159,NAN,0.263,503.2,482.2,0.207,0.179,92,96.6,15.72,-92.3,11.09,-16.58,0.232
10/2/19 21:00,6430,2.709,3.107,0.153,NAN,0.263,526.7,504.7,0.207,0.179,86.6,91.2,-21.3,-66.02,20.39,-29.01,0.233
10/2/19 21:15,6431,2.71,3.108,0.161,NAN,0.263,532.1,509.7,0.205,0.18,78.05,83.2,-23.78,-47.61,29.61,-32.61,0.233
10/2/19 21:30,6432,2.71,3.108,0.167,NAN,0.263,544.5,521.5,0.209,0.179,80.7,85.6,-18.29,-32.52,36.82,-37.63,0.233
10/2/19 21:45,6433,2.71,3.108,0.148,NAN,0.263,541.4,518.8,0.209,0.179,81.5,86.4,-16.84,-23.58,41.12,-41.08,0.233
10/2/19 22:00,6434,2.712,3.108,0.154,NAN,0.263,543,520.5,0.208,0.179,82,87,-17.81,-12.47,46.23,-50.18,0.234
10/2/19 22:15,6435,2.71,3.108,0.168,NAN,0.263,556.6,533.1,0.207,0.18,80.7,85.5,NAN,-6.189,51.59,-52.04,0.234
10/2/19 22:30,6436,2.71,3.108,0.16,NAN,0.263,577.2,552.5,0.207,0.18,77.95,83.2,NAN,-1.65,1562,548,0.234
10/2/19 22:45,6437,2.71,3.108,0.161,NAN,0.263,614.1,587.1,0.206,0.18,94.8,98.6,-39.1,2.904,4010,1583,0.235
10/2/19 23:00,6438,2.71,3.108,0.171,4152,0.263,602,576.4,0.206,0.18,76.18,81.2,-73.48,-2.833,2736,1206,0.235
10/2/19 23:15,6439,2.71,3.108,0.159,4196,0.263,609.2,583.8,0.21,0.18,82.3,86.9,-68.98,-16.59,361.4,321.1,0.235
10/2/19 23:30,6440,2.71,3.108,0.169,NAN,0.262,608.5,582.9,0.211,0.18,83.9,88.1,-53.84,-32.96,38.5,-70.31,0.235
10/2/19 23:45,6441,2.71,3.108,0.166,NAN,0.262,615.9,590.1,0.211,0.18,80.7,85.4,-50.4,-45.22,23.2,-102.1,0.236
10/3/19 0:00,6442,2.71,3.108,0.16,NAN,0.263,620.2,594.6,0.211,0.18,80.6,85.1,-54.8,-23.46,33.37,-103.9,0.235
10/3/19 0:15,6443,2.71,3.108,0.165,NAN,0.262,614.7,589.6,0.211,0.18,81.9,86.5,-54.06,-20.95,34.98,-104.1,0.236
10/3/19 0:30,6444,2.71,3.108,0.16,NAN,0.262,625.1,599.6,0.21,0.18,82.2,86.7,-54.68,-12.42,38.69,-106,0.236
10/3/19 0:45,6445,2.71,3.108,0.16,NAN,0.262,611.4,587.3,0.21,0.18,81.5,86.1,-55.91,43.41,73.31,-85.6,0.236
10/3/19 1:00,6446,2.71,3.108,0.154,NAN,0.262,636.6,610.8,0.21,0.18,75.72,80.8,-60.86,42.26,76.34,-73.82,0.237
10/3/19 1:15,6447,2.71,3.108,0.153,NAN,0.261,622.5,597.9,0.21,0.181,74.76,79.85,-62.55,46.05,76.44,-70.08,0.237
10/3/19 1:30,6448,2.71,3.108,0.153,NAN,0.262,643.5,617.4,0.21,0.18,77.22,82.1,-61.52,57.69,85.8,-65.96,0.237
10/3/19 1:45,6449,2.71,3.108,0.157,NAN,0.262,650.1,623.7,0.208,0.18,90.2,94,-53,81.3,100.3,-39.84,0.238
10/3/19 2:00,6450,2.71,3.108,0.154,NAN,0.263,686.4,656.9,0.209,0.18,83.9,88.2,-55.76,69.41,95.1,-19.7,0.239
10/3/19 2:15,6451,2.71,3.108,0.151,NAN,0.264,681.8,652.9,0.215,0.181,86.2,90.4,-54.95,49.57,81.6,-21.74,0.239
10/3/19 2:30,6452,2.71,3.108,0.159,NAN,0.265,682.3,653.5,0.216,0.181,91,94.8,-50.68,13.32,55.24,-39.01,0.239
10/3/19 2:45,6453,2.71,3.108,0.16,NAN,0.266,722,690.1,0.217,0.181,85.7,89.9,-54.63,32.45,66.22,-23.28,0.239
10/3/19 3:00,6454,2.71,3.108,0.159,NAN,0.266,717.5,685.7,0.217,0.182,95.1,98.7,-46.6,-348.7,-170.3,-159.6,0.239
10/3/19 3:15,6455,2.71,3.108,0.175,NAN,0.267,740.8,706.9,0.218,0.182,88,92.1,-49.86,-190.6,-100.6,-126.4,0.24
10/3/19 3:30,6456,2.71,3.108,0.185,NAN,0.268,717.3,685.5,0.218,0.182,89.6,93.7,-48.04,-84.7,-14.53,-33.12,0.24
10/3/19 3:45,6457,2.71,3.108,0.19,NAN,0.268,744.8,710.3,0.219,0.182,105,107.8,NAN,35.86,59.37,33.4,0.241
10/3/19 4:00,6458,2.71,3.108,0.185,NAN,0.269,736.9,703.3,0.218,0.182,93.9,97.6,-46.56,649.9,470.2,348.7,0.24
10/3/19 4:15,6459,2.71,3.108,0.182,NAN,0.27,738.2,704.6,0.213,0.183,87.3,91.5,-52.65,705.7,555.9,484.5,0.24
10/3/19 4:30,6460,2.71,3.108,0.165,NAN,0.269,732,699.2,0.215,0.182,94.4,98,-47.89,749.8,591.6,526.8,0.241
10/3/19 4:45,6461,2.71,3.108,0.181,NAN,0.27,732.7,699.5,0.206,0.183,96.9,100.2,-45.52,772,609.8,544.6,0.24
10/3/19 5:00,6462,2.71,3.108,0.187,NAN,0.271,753.6,718.2,0.202,0.183,102.9,105.7,NAN,1122,788.4,670.5,0.24
10/3/19 5:15,6463,2.71,3.108,0.18,NAN,0.271,758.5,723.2,0.201,0.183,99.1,102.1,-43.16,814,653.6,606.7,0.24
10/3/19 5:30,6464,2.71,3.108,0.184,NAN,0.272,741.3,707.3,0.201,0.183,91.3,95,-47.74,816,645.6,584.7,0.24
10/3/19 5:45,6465,2.71,3.108,0.195,NAN,0.272,740.1,706.4,0.207,0.183,92.4,95.9,-46.78,830,654.4,588.3,0.24
10/3/19 6:00,6466,2.71,3.108,0.194,NAN,0.272,762.7,726.9,0.213,0.183,96.7,99.8,-43.72,842,663.6,594.9,0.24
10/3/19 6:15,6467,2.71,3.108,0.2,NAN,0.272,738.2,705.2,0.22,0.183,89.7,93.3,-48.22,853,671.2,598.7,0.239
10/3/19 6:30,6468,2.71,3.108,0.192,NAN,0.272,738.2,705.1,0.225,0.183,96.6,99.8,-42.99,869,682.3,606.8,0.239
10/3/19 6:45,6469,2.71,3.108,0.179,NAN,0.272,758.7,723.2,0.225,0.183,87.7,91.5,-48.47,883,693.1,615.3,0.239
10/3/19 7:00,6470,2.71,3.108,0.174,NAN,0.272,747.4,713.2,0.226,0.183,91.4,94.6,-46.55,896,703.4,622.7,0.239
10/3/19 7:15,6471,2.71,3.108,0.172,NAN,0.271,757,722.4,0.226,0.183,97.3,100.2,-41.97,903,709.6,623.9,0.238
10/3/19 7:30,6472,2.71,3.108,0.177,NAN,0.272,743.6,710.4,0.225,0.183,88.6,92.3,-48.94,893,705.8,620.8,0.238
10/3/19 7:45,6473,2.71,3.108,0.184,NAN,0.272,797.6,757.9,0.225,0.183,93,96.7,-48.15,823,666.7,593.2,0.238
10/3/19 8:00,6474,2.71,3.108,0.164,NAN,0.272,812,770.5,0.225,0.182,87.2,91.3,-56.46,615.7,537.6,513.1,0.237
10/3/19 8:15,6475,2.71,3.108,0.156,NAN,0.272,826,781.4,0.223,0.183,57.65,64.59,-80.2,296.4,312.6,372.7,0.238
10/3/19 8:30,6476,2.71,3.108,0.192,NAN,0.273,854,803,0.215,0.184,55.09,62.36,-83.2,54.13,97.5,218.5,0.238
10/3/19 8:45,6477,2.71,3.108,0.201,NAN,0.274,858,806,0.215,0.185,54.15,61.67,-86.6,4.703,443.2,349.5,0.239
10/3/19 9:00,6478,2.71,3.108,0.161,NAN,0.275,893,833,0.216,0.185,87,92.2,-69.7,11.71,508.5,543.5,0.239
10/3/19 9:15,6479,2.71,3.109,0.156,NAN,0.276,872,817,0.219,0.186,122.3,124.7,-47.31,30.23,111.1,209.7,0.239
10/3/19 9:30,6480,2.711,3.111,0.164,NAN,0.275,866,811,0.219,0.186,128.6,130.7,-43.13,33.59,115.3,208.8,0.238
10/3/19 9:45,6481,2.709,3.112,0.142,NAN,0.276,866,810,0.221,0.187,154.9,154.9,-25.2,42.28,123.8,211.9,0.237
10/3/19 10:00,6482,2.712,3.112,0.158,NAN,0.276,837,786.2,0.215,0.186,164.3,163.8,-16.77,46,128.8,216.5,0.235
10/3/19 10:15,6483,2.712,3.112,0.145,NAN,0.275,815,767.7,0.212,0.185,187.3,184.9,8.1,65.58,143.1,224.3,0.233
10/3/19 10:30,6484,2.714,3.112,0.157,3483,0.272,732.1,694.3,0.208,0.183,180.1,179,79.39,103.7,168.7,259.1,0.23
10/3/19 10:45,6485,2.714,3.112,0.164,3378,0.268,733.9,694.2,0.2,0.181,179.3,178.4,89.8,109.1,177.9,273.3,0.227
10/3/19 11:00,6486,2.712,3.112,0.167,3337,0.265,698.8,660.1,0.195,0.178,203.1,200.5,116.2,124.2,189.5,280.4,0.224
10/3/19 11:15,6487,2.714,3.112,0.159,3292,0.261,692.1,653.2,0.189,0.177,207.7,204.8,126.7,129,193.9,289.6,0.22
10/3/19 11:30,6488,2.714,3.112,0.151,3263,0.258,646.9,611.7,0.188,0.174,220.9,217.2,138,140.4,203.6,312.5,0.217
10/3/19 11:45,6489,2.714,3.111,0.155,3219,0.256,642,606.6,0.184,0.172,201.4,199.3,134.1,139.2,202.3,307.4,0.213
10/3/19 12:00,6490,2.713,3.111,0.145,3182,0.254,644.9,609,0.181,0.17,222.8,219.1,157.6,154.8,210.5,305.3,0.209
10/3/19 12:15,6491,2.713,3.111,0.14,3175,0.252,635.8,600.3,0.175,0.168,206.6,204.2,155.3,155.5,212.1,315.4,0.206
10/3/19 12:30,6492,2.713,3.111,0.137,3145,0.25,605.6,572.4,0.181,0.166,188.6,188.1,151.8,152.8,211.2,313.1,0.203
10/3/19 12:45,6493,2.713,3.111,0.143,3135,0.25,578.7,547.3,0.177,0.165,185.7,185.4,157.2,147.8,205.9,312,0.2
10/3/19 13:00,6494,2.713,3.111,0.132,3164,0.249,591.4,558.8,0.181,0.164,189.5,188.6,160.1,140.2,194.6,262.6,0.199
10/3/19 13:15,6495,2.713,3.111,0.134,3167,0.248,610.2,576.4,0.18,0.164,191.9,190.9,154.5,145.5,209.7,288.2,0.198
10/3/19 13:30,6496,2.713,3.111,0.133,3150,0.247,549.1,519.5,0.178,0.164,192.6,191.6,157.5,160.5,216.3,309,0.199
10/3/19 13:45,6497,2.713,3.111,0.127,3138,0.247,560.9,529.9,0.185,0.164,189.1,188.6,164.7,151.9,209.4,311.1,0.2
10/3/19 14:00,6498,2.713,3.111,0.137,3118,0.248,571.6,539.7,0.186,0.164,167.6,169,150.9,148.8,204.3,300,0.202
10/3/19 14:15,6499,2.713,3.111,0.131,3125,0.249,563.6,532.2,0.186,0.165,175.8,176.5,160.3,147.5,200.4,274.7,0.205
10/3/19 14:30,6500,2.713,3.111,0.14,3130,0.251,556.5,525.9,0.188,0.165,181,181.1,164.7,147.6,202,270.4,0.207
10/3/19 14:45,6501,2.713,3.111,0.141,3112,0.251,538.8,509.3,0.19,0.166,164,165.7,158.8,142.4,201.7,275.7,0.209
10/3/19 15:00,6502,2.713,3.111,0.152,3120,0.253,527.1,498.4,0.193,0.166,175.9,176.4,166.8,145.6,203.9,278.7,0.212
10/3/19 15:15,6503,2.713,3.111,0.147,3132,0.254,509.5,482.2,0.196,0.168,186.3,186,170.1,151.8,207.9,278.7,0.215
10/3/19 15:30,6504,2.713,3.111,0.147,3153,0.255,529.2,500.6,0.197,0.168,160.7,162.4,148.5,140.4,201.6,276.5,0.217
10/3/19 15:45,6505,2.714,3.111,0.145,3176,0.255,526.1,497.8,0.193,0.168,152.6,154.8,139.5,129.6,193.5,269.8,0.218
10/3/19 16:00,6506,2.712,3.112,0.165,3196,0.255,518.2,490.7,0.187,0.167,164.1,165.4,145.9,132.4,193.6,259.8,0.219
10/3/19 16:15,6507,2.712,3.112,0.151,3226,0.256,529.6,501.4,0.182,0.166,164.4,165.6,142.6,128.8,190.9,256.7,0.221
10/3/19 16:30,6508,2.712,3.112,0.156,3244,0.257,513.8,486.7,0.18,0.166,157.7,159.4,140.1,127.5,189.5,254,0.223
10/3/19 16:45,6509,2.712,3.112,0.153,3269,0.257,524.9,497,0.17,0.166,152.3,154.3,138.8,126.1,186.2,247.4,0.226
10/3/19 17:00,6510,2.711,3.112,0.145,3294,0.258,528.7,500.9,0.177,0.167,142.9,145.6,132.1,122.6,183,240.2,0.227
10/3/19 17:15,6511,2.714,3.112,0.175,3295,0.258,513.1,487,0.189,0.168,160.8,162.1,144.4,128.9,183.7,236.5,0.23
10/3/19 17:30,6512,2.712,3.111,0.185,3305,0.259,520.5,493.9,0.196,0.169,151.8,153.7,139.7,124.9,180,229.3,0.231
10/3/19 17:45,6513,2.708,3.108,0.174,3333,0.26,513.4,487.9,0.198,0.17,157.7,158.9,142,126.6,177.8,222.4,0.232
10/3/19 18:00,6514,2.708,3.106,0.169,3357,0.261,502.4,478,0.201,0.172,156.7,157.8,139.9,127.2,175.4,214.8,0.233
10/3/19 18:15,6515,2.709,3.106,0.168,3390,0.261,509.4,484.9,0.201,0.173,139.5,142,122.3,116.1,166.8,203,0.234
10/3/19 18:30,6516,2.71,3.106,0.173,3399,0.261,502.2,478.8,0.2,0.174,134.7,137.5,114.9,110.6,161.3,194.5,0.235
10/3/19 18:45,6517,2.709,3.106,0.16,3440,0.262,476,454.8,0.2,0.176,112.7,117,92.8,96.3,152.1,184.7,0.235
10/3/19 19:00,6518,2.711,3.107,0.171,3457,0.262,481.4,460,0.205,0.178,115.5,119.5,89.8,92.9,147.9,179.1,0.236
10/3/19 19:15,6519,2.709,3.107,0.173,3484,0.263,472.4,451.7,0.209,0.179,118.9,122.5,87.8,91.6,146.4,176.1,0.237
10/3/19 19:30,6520,2.709,3.107,0.182,3500,0.263,460,440.3,0.211,0.181,104.5,109.2,73.88,82.2,139.9,169.9,0.237
10/3/19 19:45,6521,2.712,3.107,0.193,3512,0.264,466.1,446.2,0.213,0.182,104.7,109.3,71.81,80.2,136.6,165.9,0.238
10/3/19 20:00,6522,2.711,3.107,0.19,3538,0.264,459.3,440.1,0.213,0.183,94,99.4,58.92,71.96,130.2,159.5,0.237
10/3/19 20:15,6523,2.709,3.107,0.2,3558,0.264,461,441.6,0.213,0.183,101.2,105.9,59.1,71.07,128.4,157.1,0.238
10/3/19 20:30,6524,2.711,3.107,0.184,3575,0.265,455.7,437,0.213,0.184,101.7,106.2,57.13,70.89,127.3,154.5,0.238
10/3/19 20:45,6525,2.711,3.107,0.179,3595,0.265,449.5,431.3,0.213,0.184,96.3,101.3,51.61,66.51,123.6,149.4,0.238
10/3/19 21:00,6526,2.711,3.107,0.181,3608,0.265,460.3,441.4,0.215,0.184,87.6,93,42.65,58.83,116.8,141.1,0.238
10/3/19 21:15,6527,2.712,3.107,0.189,3618,0.266,437.5,420.7,0.216,0.184,102.5,106.6,51.57,65.87,119.5,138.2,0.238
10/3/19 21:30,6528,2.711,3.107,0.175,3661,0.265,436.3,419.3,0.217,0.184,86.9,92.3,34.78,55.01,111.9,132,0.238
10/3/19 21:45,6529,2.71,3.108,0.18,3721,0.266,426.6,410.7,0.219,0.184,86.3,91.5,26.38,48.55,106.3,124.7,0.238
10/3/19 22:00,6530,2.71,3.108,0.176,NAN,0.266,484.2,465.3,0.225,0.185,80.4,85.9,-43.54,4.952,100.2,117.8,0.238
10/3/19 22:15,6531,2.71,3.108,0.182,NAN,0.266,508.5,488.6,0.216,0.184,78.76,84.3,-51.79,-7.253,81.4,93,0.238
10/3/19 22:30,6532,2.71,3.108,0.19,NAN,0.265,528.4,507,0.211,0.184,76.57,82,-52.04,-6.246,80.9,87.1,0.238
10/3/19 22:45,6533,2.712,3.108,0.202,NAN,0.266,537.9,516,0.213,0.184,76.12,81.7,-52.5,-6.161,75.78,77.68,0.239
10/3/19 23:00,6534,2.71,3.108,0.198,NAN,0.265,549.8,527.2,0.214,0.184,74.66,80.5,-54.08,-8.8,58.14,65.02,0.239
10/3/19 23:15,6535,2.71,3.108,0.186,NAN,0.266,575,550.7,0.216,0.185,83.2,88.2,-49.07,-6.32,61.17,64.08,0.239
10/3/19 23:30,6536,2.71,3.108,0.184,NAN,0.266,587.8,562.8,0.221,0.185,72.93,78.7,-57.21,-10.69,54.94,60.63,0.239
10/3/19 23:45,6537,2.71,3.108,0.184,NAN,0.266,624.1,596.4,0.215,0.185,87.1,91.7,-48.17,-6.213,62.16,62.79,0.239
10/4/19 0:00,6538,2.71,3.108,0.193,NAN,0.266,592.7,567.5,0.213,0.185,95.6,99.8,-41.96,-1.039,116.5,93.1,0.239
10/4/19 0:15,6539,2.71,3.108,0.188,NAN,0.267,614.6,587.7,0.217,0.184,86.5,91,-50.15,-2.193,2794,1198,0.24
10/4/19 0:30,6540,2.71,3.108,0.187,NAN,0.266,624,596.5,0.218,0.184,86.6,91,-64.63,-15.89,391.2,521.4,0.24
10/4/19 0:45,6541,2.71,3.108,0.182,NAN,0.267,635.6,607.2,0.218,0.184,100,103.6,-39.84,0.346,1508,939,0.24
10/4/19 1:00,6542,2.71,3.108,0.185,NAN,0.267,664.1,633.9,0.22,0.184,107.6,110.8,-36.96,4.566,2449,1279,0.24
10/4/19 1:15,6543,2.71,3.108,0.197,NAN,0.267,681.4,650,0.219,0.184,84.3,89.2,-66.73,-15.54,333.6,482.7,0.24
10/4/19 1:30,6544,2.71,3.108,0.196,NAN,0.268,659,629.3,0.22,0.184,101.3,104.7,-44.81,-5.117,70.4,95.2,0.24
10/4/19 1:45,6545,2.712,3.108,0.197,NAN,0.268,689.6,657.5,0.218,0.184,85.8,90.4,-55.2,-7.674,58.85,66.26,0.24
10/4/19 2:00,6546,2.71,3.108,0.205,NAN,0.268,704,671.5,0.221,0.184,96.4,100.1,-49.43,-4.734,69.28,67.2,0.24
10/4/19 2:15,6547,2.71,3.108,0.203,NAN,0.268,704.7,672.2,0.22,0.184,97,100.6,-48.61,-3.953,297.7,199.1,0.24
10/4/19 2:30,6548,2.71,3.108,0.205,NAN,0.269,688,656.8,0.226,0.184,94.3,98.1,-50.6,-4.352,1096,772.2,0.24
10/4/19 2:45,6549,2.71,3.108,0.201,NAN,0.269,671.2,641.5,0.227,0.184,94.2,98,-51.73,-5.797,1825,1181,0.24
10/4/19 3:00,6550,2.712,3.108,0.196,NAN,0.269,702.6,670.6,0.227,0.184,96.5,100,-50.1,-5.743,1050,868,0.241
10/4/19 3:15,6551,2.71,3.108,0.191,NAN,0.269,687.2,656.4,0.226,0.184,92.3,95.9,-51.8,-6.297,274.5,330.1,0.241
10/4/19 3:30,6552,2.71,3.108,0.193,NAN,0.27,704.1,671.9,0.225,0.184,92.9,96.6,-51.1,-5.709,105.5,118.7,0.24
10/4/19 3:45,6553,2.71,3.108,0.194,NAN,0.27,699.5,668,0.219,0.184,92.7,96.4,-50.25,-5.525,59.29,63.75,0.241
10/4/19 4:00,6554,2.71,3.108,0.197,NAN,0.27,686.1,655.7,0.214,0.184,88.2,92.2,-53.3,-5.687,53.24,49.57,0.241
10/4/19 4:15,6555,2.71,3.108,0.199,NAN,0.27,676.5,647.2,0.211,0.184,88.7,92.7,-52.93,-2.683,55.65,43.74,0.241
10/4/19 4:30,6556,2.71,3.108,0.196,NAN,0.27,684.1,654.5,0.207,0.185,85,89,-55.45,-2.627,1407,596.3,0.241
10/4/19 4:45,6557,2.71,3.108,0.203,4246,0.27,681.3,652.1,0.209,0.184,85.4,89.3,-68.64,-9.35,383.9,485.4,0.241
10/4/19 5:00,6558,2.71,3.108,0.204,4253,0.27,704.8,673.8,0.221,0.184,84.1,88.3,-64.51,-6.637,50.96,68,0.241
10/4/19 5:15,6559,2.71,3.108,0.205,4253,0.271,726.2,693.1,0.22,0.184,84.7,88.8,-63.43,-6.705,42.49,35.68,0.241
10/4/19 5:30,6560,2.71,3.108,0.203,4252,0.271,705.2,674.5,0.221,0.183,85.3,89.4,-62.6,-9.66,38.34,32.99,0.241
10/4/19 5:45,6561,2.71,3.108,0.203,4251,0.271,718,686.1,0.221,0.183,85.1,88.9,-62.8,-10.07,36.36,30.25,0.241
10/4/19 6:00,6562,2.71,3.108,0.203,4238,0.271,704.2,674,0.222,0.184,81.1,85.3,-64.09,-6.01,38.5,25.02,0.241
10/4/19 6:15,6563,2.71,3.108,0.202,4232,0.271,699.2,669.9,0.221,0.183,77.01,81.4,-67.13,0.04,174.8,110.4,0.242
10/4/19 6:30,6564,2.71,3.108,0.2,4232,0.271,717.7,686.9,0.22,0.183,84.5,88.4,-60.82,6.795,62.92,58.14,0.241
10/4/19 6:45,6565,2.71,3.108,0.199,4227,0.271,745.8,712.3,0.221,0.184,78.81,83.2,-63.8,-0.185,172.8,115.1,0.241
10/4/19 7:00,6566,2.71,3.108,0.201,4220,0.272,731.6,698.6,0.221,0.183,81,85.3,-60.73,1.243,1877,781.7,0.242
10/4/19 7:15,6567,2.71,3.108,0.197,4119,0.272,786.7,749.1,0.222,0.184,75.17,79.65,-76.3,-6.942,1586,1059,0.241
10/4/19 7:30,6568,2.71,3.108,0.199,4159,0.272,787.4,749.2,0.222,0.184,69.31,74.33,-72.6,4.702,384.2,386.2,0.242
10/4/19 7:45,6569,2.71,3.108,0.198,4193,0.272,756.1,721.2,0.222,0.184,69.07,74.33,-69.55,24.88,74.08,86.4,0.242
10/4/19 8:00,6570,2.71,3.108,0.201,4206,0.272,820,775.7,0.228,0.184,75.94,81.1,-70,21.53,57.87,47.79,0.242
10/4/19 8:15,6571,2.71,3.108,0.202,4208,0.273,860,808,0.225,0.184,74.23,79.75,-74.87,-1.168,41.29,62.97,0.241
10/4/19 8:30,6572,2.71,3.108,0.2,4217,0.274,912,848,0.226,0.184,60.91,67.77,-86.2,-28.12,13.48,38.88,0.241
10/4/19 8:45,6573,2.71,3.108,0.199,4221,0.274,907,843,0.222,0.185,57.22,64.6,-101.1,-31.66,30.7,56.16,0.242
10/4/19 9:00,6574,2.71,3.108,0.205,4235,0.275,924,855,0.221,0.185,75.96,81.8,-97.7,-30.51,43.52,75.38,0.242
10/4/19 9:15,6575,2.71,3.108,0.195,NAN,0.276,949,873,0.222,0.186,109.6,112.9,-79.07,-14.93,69.72,117.2,0.243
10/4/19 9:30,6576,2.709,3.108,0.192,NAN,0.278,893,831,0.222,0.186,135.9,137.5,-56.82,3.61,848,493.7,0.243
10/4/19 9:45,6577,2.711,3.112,0.191,NAN,0.28,906,840,0.225,0.187,147.5,148.2,-54.58,5.115,2085,1130,0.242
10/4/19 10:00,6578,2.71,3.112,0.191,NAN,0.282,873,815,0.225,0.188,150.8,151.3,-45.89,11.62,131.5,238.1,0.242
10/4/19 10:15,6579,2.712,3.112,0.186,NAN,0.282,871,814,0.225,0.188,163.2,163.1,-34.77,17.42,159.4,211.2,0.242
10/4/19 10:30,6580,2.712,3.112,0.19,3744,0.283,813,763.9,0.217,0.187,171.4,170.9,35.22,63.13,143.6,212.5,0.24
10/4/19 10:45,6581,2.714,3.112,0.187,3386,0.281,730.1,691.1,0.227,0.186,176.6,176.1,78.42,89.4,164.2,241.1,0.238
10/4/19 11:00,6582,2.714,3.112,0.189,3318,0.279,721.1,680.7,0.209,0.185,184.9,183.9,96.4,100.5,174.2,253.1,0.235
10/4/19 11:15,6583,2.714,3.112,0.199,3263,0.277,672.1,634.8,0.198,0.183,187.4,186.4,112.8,109.7,182.1,266.4,0.234
10/4/19 11:30,6584,2.714,3.111,0.198,3213,0.275,654.8,618.7,0.203,0.182,195.2,193.6,129.2,119.8,188.1,276.1,0.23
10/4/19 11:45,6585,2.713,3.111,0.185,3172,0.271,650,614,0.212,0.181,194,192.9,140.2,128.2,194.5,283.9,0.226
10/4/19 12:00,6586,2.713,3.111,0.177,3135,0.268,624,591.4,0.206,0.179,175.1,175.6,133.7,127.3,195.4,296.7,0.222
10/4/19 12:15,6587,2.713,3.111,0.17,3103,0.266,599,568,0.197,0.176,165.6,167.1,131.8,134.3,198.8,300.9,0.217
10/4/19 12:30,6588,2.713,3.111,0.166,3087,0.263,587.6,555.6,0.188,0.174,155.4,157.7,141.5,127.3,195,304.5,0.213
10/4/19 12:45,6589,2.713,3.111,0.163,3079,0.26,580.8,549.1,0.189,0.17,167.2,168.5,158.4,135.9,196.1,301.7,0.207
10/4/19 13:00,6590,2.713,3.111,0.161,3101,0.258,580.6,549.3,0.186,0.167,161.8,163.5,155.4,127.9,184.8,258.3,0.203
10/4/19 13:15,6591,2.713,3.111,0.046,3260,0.255,864,786,0.181,0.165,268,262.2,202.9,175.8,206.9,276.4,0.2
10/4/19 13:30,6592,2.713,3.111,-0.005,3301,0.253,1015,904,0.182,0.163,313,303.6,218.4,213.9,226.3,312.9,0.198
10/4/19 13:45,6593,2.713,3.111,-0.009,3283,0.252,1018,906,0.187,0.161,218.9,216.8,165.4,173.1,202.5,308.7,0.197
10/4/19 14:00,6594,2.713,3.111,-0.013,3265,0.252,976,877,0.19,0.161,187.4,187.8,150.7,159.6,195.8,310.3,0.198
10/4/19 14:15,6595,2.713,3.111,-0.016,3272,0.251,952,861,0.193,0.162,203.4,202.6,163.2,166.7,193.6,286.7,0.2
10/4/19 14:30,6596,2.713,3.111,-0.018,3277,0.252,933,848,0.199,0.163,197.4,196.9,165.1,166.5,194.1,273,0.202
10/4/19 14:45,6597,2.713,3.111,-0.019,3273,0.253,917,836,0.204,0.164,197.7,197.1,170.5,166.8,197.1,279.2,0.204
10/4/19 15:00,6598,2.713,3.111,-0.017,3249,0.254,909,830,0.196,0.165,200.8,199.8,180.4,173.3,200.3,280.3,0.207
10/4/19 15:15,6599,2.713,3.111,-0.013,3263,0.254,861,794.1,0.194,0.166,184.6,185,170.6,171,199.2,274.7,0.21
10/4/19 15:30,6600,2.713,3.111,-0.012,3264,0.254,864,796.4,0.197,0.167,189.5,189.4,173.5,172.8,201.4,278.8,0.211
10/4/19 15:45,6601,2.713,3.111,-0.01,3281,0.254,835,774.4,0.192,0.166,177.3,178.1,164.4,162.2,193.8,275.4,0.212
10/4/19 16:00,6602,2.714,3.112,-0.006,3301,0.254,770.3,720.6,0.188,0.165,186.2,186.4,168.8,163.5,191.1,257.3,0.214
10/4/19 16:15,6603,2.714,3.11,-0.002,3311,0.255,769.1,719.7,0.189,0.165,164.3,166.2,152.7,155.2,187,252.6,0.217
10/4/19 16:30,6604,2.714,3.108,0.001,3325,0.255,763,714.8,0.18,0.166,157.7,160.2,143.1,152.1,185.5,250.3,0.22
10/4/19 16:45,6605,2.714,3.108,0.002,3345,0.256,735.3,690.9,0.176,0.166,166.7,168.6,145.5,153.9,186.5,249.4,0.223
10/4/19 17:00,6606,2.714,3.108,0.002,3379,0.256,738.1,693.3,0.182,0.166,143.4,146.9,124.2,142.8,180.4,243.5,0.225
10/4/19 17:15,6607,2.714,3.107,0.003,3398,0.258,707.7,666.4,0.18,0.167,130.5,135.2,109.7,131.7,173.7,234.8,0.226
10/4/19 17:30,6608,2.714,3.108,-0.001,3434,0.258,692.4,652.4,0.19,0.169,133.9,138.5,106.6,128.6,171.4,230.4,0.228
10/4/19 17:45,6609,2.714,3.106,-0.001,3459,0.258,699.7,659.3,0.195,0.17,135.5,140,104.2,128,170.6,228.3,0.229
10/4/19 18:00,6610,2.714,3.106,0.007,3476,0.259,695.7,655.7,0.201,0.172,128.4,133.2,96.5,119.5,164.2,221,0.23
10/4/19 18:15,6611,2.714,3.107,0.127,3387,0.259,667.2,629.8,0.194,0.174,132.9,137.4,115.1,125.1,166.3,217.9,0.231
10/4/19 18:30,6612,2.714,3.108,0.141,3395,0.26,639.9,604.6,0.195,0.176,147.6,151,127.1,130,168.4,215.4,0.231
10/4/19 18:45,6613,2.714,3.106,0.144,3409,0.26,614,580.8,0.196,0.177,133.6,137.9,114.6,122.6,163.3,207.3,0.232
10/4/19 19:00,6614,2.714,3.106,0.135,3450,0.26,584.8,553.9,0.196,0.179,120,125.1,99.5,111.3,155.5,197.6,0.232
10/4/19 19:15,6615,2.714,3.106,0.161,3479,0.261,540.8,513.4,0.202,0.18,119.1,124.2,98.7,107.1,151.5,187.3,0.233
10/4/19 19:30,6616,2.714,3.106,0.152,3518,0.261,538.4,511.4,0.203,0.181,115.7,121,93.3,106,149.2,181,0.233
10/4/19 19:45,6617,2.714,3.107,0.171,3544,0.261,496.6,472.6,0.209,0.182,120.3,125.1,92.2,111.8,150.5,176.7,0.233
10/4/19 20:00,6618,2.714,3.107,0.162,3570,0.26,493.2,471.8,0.211,0.182,106.3,112.3,78.04,115.7,151.8,172.8,0.234
10/4/19 20:15,6619,2.715,3.107,0.168,3604,0.261,487.6,466.4,0.217,0.182,104,110.2,72.63,128.5,156.9,168.6,0.234
10/4/19 20:30,6620,2.715,3.107,0.169,3621,0.261,477.1,460.3,0.22,0.183,109.2,114.9,81.7,170,180.8,179.5,0.235
10/4/19 20:45,6621,2.715,3.107,0.16,3650,0.261,458.4,443.9,0.224,0.183,116.5,121.9,85.5,210.6,204.9,192.8,0.234
10/4/19 21:00,6622,2.715,3.107,0.16,3686,0.261,466.9,451.7,0.223,0.183,109.3,115.3,78.43,247.9,227.4,202.5,0.235
10/4/19 21:15,6623,2.715,3.107,0.174,NAN,0.261,475.7,460,0.222,0.183,103,109.3,33.93,265.1,239.7,210.4,0.235
10/4/19 21:30,6624,2.715,3.107,0.155,NAN,0.26,563.9,542.7,0.219,0.183,97,103.5,NAN,1333,720.6,501.8,0.235
10/4/19 21:45,6625,2.715,3.107,0.164,NAN,0.261,560.7,539.5,0.223,0.184,108,113.4,NAN,3628,1385,951,0.236
10/4/19 22:00,6626,2.713,3.108,0.18,NAN,0.261,568.3,546.4,0.226,0.183,95,101.3,-15.48,1971,1057,810,0.236
10/4/19 22:15,6627,2.715,3.108,0.174,NAN,0.261,584.9,562.2,0.225,0.184,101.4,107.2,-12.82,2976,1294,928,0.236
10/4/19 22:30,6628,2.715,3.108,0.159,NAN,0.261,598.9,575.7,0.222,0.184,104.8,110.2,NAN,3143,1325,941,0.237
10/4/19 22:45,6629,2.715,3.108,0.142,NAN,0.262,594.1,571.8,0.22,0.184,106.4,111.8,NAN,NAN,1438,996,0.237
10/4/19 23:00,6630,2.714,3.108,0.165,NAN,0.262,634.5,612.5,0.219,0.184,99.3,105.1,-28.42,1470,869,708.8,0.237
10/4/19 23:15,6631,2.716,3.108,0.164,NAN,0.261,614.7,594.2,0.22,0.184,101,106.8,-18.08,1247,802,598.7,0.237
10/4/19 23:30,6632,2.714,3.108,0.148,NAN,0.262,622.8,601.8,0.222,0.184,102.1,107.9,-17.04,1738,1030,771.8,0.237
10/4/19 23:45,6633,2.716,3.108,0.147,NAN,0.261,629.6,608.5,0.225,0.184,102.6,108.2,-21.34,1931,1106,820,0.237
10/5/19 0:00,6634,2.715,3.108,0.154,NAN,0.262,644.5,622.3,0.224,0.184,97.4,103.4,-30.07,700.9,580.6,489.2,0.238
10/5/19 0:15,6635,2.712,3.108,0.15,NAN,0.261,667.2,643.4,0.221,0.184,106.1,111.3,-27.34,763.6,564.6,406.9,0.238
10/5/19 0:30,6636,2.714,3.108,0.16,NAN,0.262,635.7,613.9,0.22,0.184,101.9,107.1,-33.32,590.6,472.4,349.7,0.238
10/5/19 0:45,6637,2.716,3.108,0.162,NAN,0.262,696.1,670.1,0.219,0.184,97.6,103.2,-40.78,572.5,452.9,310.9,0.238
10/5/19 1:00,6638,2.715,3.108,0.163,NAN,0.262,702.3,676.2,0.218,0.184,106.1,111,-36.87,803,589.2,395.8,0.238
10/5/19 1:15,6639,2.714,3.108,0.163,NAN,0.262,706.8,680.5,0.219,0.184,105.8,110.6,-41.02,625.1,499.6,343.2,0.239
10/5/19 1:30,6640,2.714,3.108,0.154,NAN,0.262,707.1,680.9,0.22,0.184,109.2,113.7,-40,625.3,491.5,315.2,0.239
10/5/19 1:45,6641,2.714,3.108,0.159,NAN,0.261,715,688.3,0.222,0.184,106.9,111.6,-42.94,623.5,491.6,320.5,0.239
10/5/19 2:00,6642,2.712,3.108,0.16,NAN,0.261,773.4,740.7,0.218,0.185,117.2,121.4,-39.7,638.8,501.3,322.9,0.239
10/5/19 2:15,6643,2.714,3.108,0.163,NAN,0.261,777.3,744.3,0.215,0.184,107.4,112.2,-49.56,646.6,508.5,320,0.239
10/5/19 2:30,6644,2.714,3.108,0.166,NAN,0.262,767.9,736.1,0.214,0.185,97.3,102.9,-60.01,652.6,513.1,315,0.239
10/5/19 2:45,6645,2.712,3.108,0.161,NAN,0.261,775.5,742.7,0.207,0.185,107.6,112.4,-57.26,670,525.5,319.5,0.239
10/5/19 3:00,6646,2.712,3.108,0.16,NAN,0.261,828,787.6,0.216,0.185,117.7,121.8,-54.43,696.7,544,333.7,0.24
10/5/19 3:15,6647,2.71,3.108,0.16,NAN,0.261,828,787.5,0.217,0.185,102.5,107.7,-67.74,707.8,555.5,348.8,0.24
10/5/19 3:30,6648,2.71,3.108,0.151,NAN,0.26,847,804,0.221,0.185,112.7,116.9,-66.03,851,629.4,404.6,0.24
10/5/19 3:45,6649,2.71,3.108,0.164,NAN,0.26,874,826,0.219,0.185,108.1,112.6,-74.13,995,754.2,540.4,0.24
10/5/19 4:00,6650,2.71,3.108,0.166,NAN,0.26,873,825,0.221,0.185,107.4,111.8,-72.77,926,720.6,538.2,0.24
10/5/19 4:15,6651,2.71,3.108,0.167,NAN,0.259,895,842,0.22,0.184,106.6,111,-67.73,896,701.4,525.5,0.24
10/5/19 4:30,6652,2.71,3.108,0.154,NAN,0.259,943,879,0.217,0.184,108,112.3,-77.27,850,672.5,506.6,0.239
10/5/19 4:45,6653,2.71,3.108,0.188,NAN,0.259,912,856,0.218,0.184,102.5,106.9,-78.24,817,649.4,483.7,0.238
10/5/19 5:00,6654,2.71,3.108,0.173,NAN,0.259,967,897,0.213,0.184,107.4,111.5,-75.63,814,647.1,478.5,0.237
10/5/19 5:15,6655,2.71,3.108,0.15,NAN,0.258,967,897,0.213,0.184,110.1,114,-78.49,793.8,635.8,468,0.238
10/5/19 5:30,6656,2.71,3.108,0.16,NAN,0.258,975,903,0.209,0.184,118.8,121.8,-69.48,748.1,607.5,452.5,0.237
10/5/19 5:45,6657,2.71,3.108,0.132,NAN,0.258,1014,929,0.21,0.184,109.9,113.7,-69.8,722.5,584.9,437.1,0.236
10/5/19 6:00,6658,2.71,3.108,0.155,NAN,0.258,1049,953,0.215,0.184,110.6,114.4,-75.24,655.9,545.4,412.8,0.236
10/5/19 6:15,6659,2.71,3.108,0.162,NAN,0.258,1063,961,0.219,0.183,116,119.3,-76.88,598.2,496,361.3,0.236
10/5/19 6:30,6660,2.71,3.108,0.162,NAN,0.257,1083,974,0.221,0.184,107.4,111.5,-82.8,575.9,478.8,343.7,0.236
10/5/19 6:45,6661,2.712,3.108,0.162,NAN,0.257,1099,984,0.223,0.184,110.8,114.5,-84.8,556.2,462.7,331.3,0.236
10/5/19 7:00,6662,2.71,3.108,0.165,NAN,0.257,1139,1007,0.222,0.183,126.2,128.4,-75.92,547.9,456.1,327.2,0.236
10/5/19 7:15,6663,2.71,3.108,0.164,NAN,0.257,1177,1028,0.222,0.183,105.5,109.3,-89.6,534.7,447,320.4,0.235
10/5/19 7:30,6664,2.71,3.108,0.164,NAN,0.257,1163,1021,0.222,0.183,111.7,115.2,-90.4,549,454.6,313.7,0.235
10/5/19 7:45,6665,2.71,3.108,0.167,4253,0.257,1187,1033,0.223,0.183,110.6,114.3,-86.9,604.2,489.7,333.2,0.235
10/5/19 8:00,6666,2.71,3.108,0.159,NAN,0.257,1167,1020,0.223,0.184,118.2,121.5,NAN,622.5,500.9,374.5,0.235
10/5/19 8:15,6667,2.71,3.108,0.148,NAN,0.258,1087,972,0.224,0.184,111,115.2,NAN,2254,1188,860,0.235
10/5/19 8:30,6668,2.71,3.108,0.156,NAN,0.258,1046,945,0.227,0.184,95.1,100.5,NAN,2090,1185,1006,0.235
10/5/19 8:45,6669,2.71,3.108,0.164,NAN,0.258,1064,954,0.229,0.185,84.2,90.6,-63.42,738.9,609.7,659.3,0.235
10/5/19 9:00,6670,2.714,3.108,0.157,NAN,0.26,1101,974,0.228,0.186,87.3,93.9,-64.51,487.1,428.8,500.8,0.235
10/5/19 9:15,6671,2.715,3.108,0.145,NAN,0.264,1149,1001,0.226,0.187,86.5,93,-77.13,48.49,119.2,255.8,0.237
10/5/19 9:30,6672,2.715,3.111,0.133,NAN,0.267,1174,1013,0.223,0.188,97.4,102.9,-78.74,7.964,108.2,227.2,0.238
10/5/19 9:45,6673,2.714,3.112,0.134,NAN,0.271,1177,1014,0.223,0.188,117,120.9,-68.12,14.1,84.5,181.9,0.239
10/5/19 10:00,6674,2.714,3.112,0.168,NAN,0.274,1179,1017,0.224,0.189,144.4,146.5,-47.92,28.76,93.3,178.9,0.239
10/5/19 10:15,6675,2.714,3.112,0.174,NAN,0.277,1168,1010,0.231,0.189,168.4,168.6,-21.58,46.28,107.5,184,0.239
10/5/19 10:30,6676,2.714,3.112,0.149,3548,0.279,1029,917,0.233,0.189,172.9,173,62.39,100.5,142.5,224.8,0.237
10/5/19 10:45,6677,2.714,3.112,0.145,3356,0.28,1017,909,0.229,0.189,182.2,181.9,91.1,130.5,167.9,266.4,0.236
10/5/19 11:00,6678,2.714,3.111,0.149,3274,0.28,966,873,0.22,0.188,188.9,188.2,108.6,149,182.6,296.4,0.233
10/5/19 11:15,6679,2.713,3.111,0.164,3204,0.28,925,844,0.214,0.187,209.9,206.9,144.5,165.8,193.4,301,0.231
10/5/19 11:30,6680,2.713,3.111,0.145,3161,0.279,907,829,0.208,0.184,202.3,199.9,156.1,169.7,197.6,320.5,0.227
10/5/19 11:45,6681,2.713,3.111,0.147,3117,0.276,854,788.5,0.2,0.182,224.7,220.6,185.5,187.5,209.3,336.8,0.222
10/5/19 12:00,6682,2.713,3.111,0.155,3064,0.273,842,778.3,0.185,0.179,235.7,230.8,208.7,202.2,217.6,345.7,0.215
10/5/19 12:15,6683,2.713,3.111,0.11,3057,0.269,832,769.9,0.177,0.174,232.7,228,214,210,222.7,347.2,0.207