TOA5,CR1000_tower4_N,CR1000,73550,CR1000.Std.28,CPU:SH_Site4_North_2018.CR1,50002,SapFlow,,,,,,
TIMESTAMP,RECORD,AVRD_Avg(1),AVRD_Avg(2),Sap_mV_Avg(1),Sap_mV_Avg(2),Sap_mV_Avg(3),Sap_mV_Avg(4),Sap_mV_Avg(5),Sap_mV_Avg(6),Sap_mV_Avg(7),Sap_mV_Avg(8),Sap_mV_Avg(9),Sap_mV_Avg(10)
TS,RN,,,,,,,,,,,,
,,Avg,Avg,Avg,Avg,Avg,Avg,Avg,Avg,Avg,Avg,Avg,Avg
10/1/19 0:00,6259,2.881,2.974,0.26,0.142,0.402,0.404,0.212,-0.013,3488,1167,0.23,0.183
10/1/19 0:15,6260,2.881,2.973,0.26,0.142,0.401,0.404,0.213,-0.013,3486,1165,0.226,0.186
10/1/19 0:30,6261,2.88,2.973,0.26,0.142,0.401,0.404,0.213,-0.014,3489,1167,0.227,0.188
10/1/19 0:45,6262,2.881,2.974,0.26,0.141,0.4,0.404,0.213,-0.014,3489,1166,0.226,0.185
10/1/19 1:00,6263,2.881,2.973,0.26,0.139,0.4,0.404,0.213,-0.014,3489,1167,0.226,0.183
10/1/19 1:15,6264,2.881,2.973,0.26,0.14,0.399,0.405,0.213,-0.013,3491,1167,0.226,0.184
10/1/19 1:30,6265,2.881,2.973,0.26,0.141,0.399,0.404,0.213,-0.014,3487,1167,0.227,0.186
10/1/19 1:45,6266,2.881,2.973,0.26,0.14,0.398,0.404,0.213,-0.014,3486,1166,0.227,0.187
10/1/19 2:00,6267,2.881,2.973,0.26,0.141,0.398,0.404,0.213,-0.014,3485,1166,0.226,0.187
10/1/19 2:15,6268,2.881,2.973,0.26,0.14,0.398,0.404,0.213,-0.014,3478,1165,0.225,0.188
10/1/19 2:30,6269,2.881,2.974,0.26,0.138,0.398,0.405,0.212,-0.015,3483,1166,0.226,0.189
10/1/19 2:45,6270,2.881,2.974,0.261,0.137,0.397,0.405,0.212,-0.014,3482,1166,0.227,0.188
10/1/19 3:00,6271,2.881,2.973,0.261,0.141,0.397,0.404,0.212,-0.015,3477,1166,0.227,0.183
10/1/19 3:15,6272,2.881,2.973,0.26,0.141,0.397,0.404,0.212,-0.015,3477,1165,0.227,0.186
10/1/19 3:30,6273,2.881,2.973,0.26,0.14,0.397,0.404,0.212,-0.015,3480,1165,0.227,0.189
10/1/19 3:45,6274,2.881,2.973,0.261,0.141,0.397,0.404,0.212,-0.014,3483,1165,0.227,0.19
10/1/19 4:00,6275,2.88,2.973,0.261,0.141,0.397,0.404,0.212,-0.015,3483,1166,0.229,0.192
10/1/19 4:15,6276,2.881,2.973,0.261,0.141,0.397,0.405,0.212,-0.014,3485,1168,0.23,0.195
10/1/19 4:30,6277,2.881,2.973,0.261,0.14,0.398,0.405,0.212,-0.014,3486,1170,0.23,0.195
10/1/19 4:45,6278,2.881,2.973,0.261,0.142,0.398,0.405,0.212,-0.014,3497,1173,0.229,0.196
10/1/19 5:00,6279,2.881,2.974,0.261,0.14,0.398,0.406,0.212,-0.013,3498,1174,0.23,0.197
10/1/19 5:15,6280,2.881,2.973,0.261,0.142,0.398,0.406,0.212,-0.013,3498,1175,0.232,0.198
10/1/19 5:30,6281,2.881,2.974,0.261,0.144,0.398,0.406,0.212,-0.014,3500,1177,0.233,0.199
10/1/19 5:45,6282,2.881,2.973,0.261,0.144,0.398,0.406,0.212,-0.013,3503,1178,0.232,0.2
10/1/19 6:00,6283,2.881,2.973,0.261,0.145,0.398,0.406,0.211,-0.013,3505,1179,0.232,0.201
10/1/19 6:15,6284,2.881,2.973,0.261,0.144,0.398,0.406,0.211,-0.013,3507,1180,0.232,0.201
10/1/19 6:30,6285,2.881,2.973,0.261,0.145,0.398,0.407,0.211,-0.013,3502,1180,0.232,0.202
10/1/19 6:45,6286,2.881,2.973,0.261,0.146,0.399,0.407,0.211,-0.013,3510,1182,0.234,0.203
10/1/19 7:00,6287,2.881,2.973,0.261,0.147,0.399,0.407,0.211,-0.012,3515,1184,0.234,0.205
10/1/19 7:15,6288,2.881,2.975,0.261,0.147,0.4,0.408,0.211,-0.012,3522,1187,0.235,0.207
10/1/19 7:30,6289,2.881,2.974,0.261,0.147,0.4,0.408,0.211,-0.011,3523,1189,0.237,0.208
10/1/19 7:45,6290,2.881,2.974,0.261,0.147,0.401,0.409,0.213,-0.01,3528,1193,0.238,0.21
10/1/19 8:00,6291,2.88,2.976,0.261,0.149,0.402,0.41,0.212,-0.01,3537,1197,0.238,0.212
10/1/19 8:15,6292,2.88,2.976,0.262,0.149,0.402,0.41,0.212,-0.009,3545,1202,0.239,0.214
10/1/19 8:30,6293,2.88,2.976,0.262,0.149,0.402,0.411,0.212,-0.009,3552,1205,0.24,0.215
10/1/19 8:45,6294,2.88,2.976,0.263,0.149,0.403,0.412,0.213,-0.008,3559,1211,0.244,0.219
10/1/19 9:00,6295,2.88,2.978,0.262,0.15,0.405,0.413,0.213,-0.006,3582,1220,0.251,0.225
10/1/19 9:15,6296,2.88,2.978,0.263,0.149,0.406,0.414,0.212,-0.002,3608,1240,0.26,0.228
10/1/19 9:30,6297,2.88,2.976,0.262,0.15,0.408,0.414,0.213,-0.001,3630,1252,0.267,0.23
10/1/19 9:45,6298,2.88,2.981,0.262,0.152,0.409,0.415,0.213,0.001,3654,1265,0.28,0.235
10/1/19 10:00,6299,2.88,2.979,0.263,0.157,0.409,0.416,0.214,0.002,3723,1315,0.314,0.24
10/1/19 10:15,6300,2.88,2.981,0.263,0.157,0.41,0.414,0.213,0.002,3730,1314,0.335,0.245
10/1/19 10:30,6301,2.88,2.979,0.264,0.158,0.41,0.413,0.213,0.004,3741,1317,0.337,0.247
10/1/19 10:45,6302,2.88,2.979,0.263,0.158,0.41,0.413,0.213,0.006,3754,1309,0.319,0.246
10/1/19 11:00,6303,2.88,2.978,0.263,0.16,0.41,0.412,0.213,0.011,3778,1323,0.295,0.248
10/1/19 11:15,6304,2.88,2.977,0.263,0.161,0.41,0.41,0.214,0.016,3829,1356,0.275,0.254
10/1/19 11:30,6305,2.88,2.975,0.263,0.161,0.409,0.408,0.214,0.021,3844,1366,0.266,0.256
10/1/19 11:45,6306,2.88,2.975,0.263,0.161,0.409,0.408,0.214,0.024,3826,1354,0.262,0.255
10/1/19 12:00,6307,2.88,2.974,0.264,0.165,0.408,0.407,0.214,0.025,3812,1344,0.261,0.258
10/1/19 12:15,6308,2.88,2.973,0.265,0.177,0.408,0.407,0.215,0.027,3806,1340,0.263,0.259
10/1/19 12:30,6309,2.88,2.972,0.267,0.183,0.408,0.407,0.216,0.027,3800,1335,0.262,0.26
10/1/19 12:45,6310,2.88,2.973,0.268,0.185,0.408,0.408,0.215,0.028,3793,1331,0.256,0.259
10/1/19 13:00,6311,2.88,2.973,0.268,0.187,0.407,0.407,0.215,0.028,3794,1333,0.256,0.253
10/1/19 13:15,6312,2.88,2.975,0.268,0.181,0.407,0.407,0.217,0.027,3746,1314,0.253,0.248
10/1/19 13:30,6313,2.88,2.974,0.269,0.175,0.406,0.409,0.217,0.027,3756,1308,0.245,0.245
10/1/19 13:45,6314,2.88,2.973,0.27,0.171,0.406,0.41,0.218,0.028,3783,1318,0.236,0.239
10/1/19 14:00,6315,2.88,2.972,0.269,0.171,0.406,0.411,0.218,0.029,3794,1324,0.247,0.235
10/1/19 14:15,6316,2.88,2.976,0.269,0.173,0.407,0.413,0.218,0.03,3820,1332,0.253,0.232
10/1/19 14:30,6317,2.88,2.977,0.268,0.178,0.407,0.414,0.219,0.03,3810,1332,0.253,0.231
10/1/19 14:45,6318,2.88,2.973,0.268,0.176,0.407,0.414,0.218,0.027,3798,1331,0.259,0.229
10/1/19 15:00,6319,2.88,2.977,0.268,0.17,0.407,0.414,0.219,0.023,3765,1318,0.257,0.227
10/1/19 15:15,6320,2.88,2.977,0.268,0.168,0.406,0.413,0.219,0.021,3761,1311,0.25,0.226
10/1/19 15:30,6321,2.88,2.977,0.268,0.164,0.406,0.414,0.22,0.02,3780,1318,0.245,0.225
10/1/19 15:45,6322,2.88,2.978,0.268,0.164,0.406,0.414,0.22,0.018,3783,1324,0.242,0.224
10/1/19 16:00,6323,2.88,2.975,0.268,0.163,0.406,0.412,0.22,0.015,3761,1318,0.238,0.223
10/1/19 16:15,6324,2.88,2.975,0.268,0.164,0.405,0.412,0.22,0.014,3752,1313,0.236,0.223
10/1/19 16:30,6325,2.88,2.972,0.267,0.161,0.405,0.411,0.22,0.012,3730,1305,0.234,0.222
10/1/19 16:45,6326,2.88,2.974,0.266,0.151,0.405,0.41,0.22,0.009,3692,1289,0.235,0.221
10/1/19 17:00,6327,2.88,2.977,0.267,0.146,0.404,0.41,0.22,0.006,3672,1275,0.236,0.22
10/1/19 17:15,6328,2.88,2.973,0.266,0.146,0.403,0.408,0.219,0.005,3648,1262,0.233,0.219
10/1/19 17:30,6329,2.88,2.973,0.266,0.143,0.403,0.407,0.219,0.003,3622,1249,0.23,0.217
10/1/19 17:45,6330,2.88,2.972,0.265,0.143,0.403,0.405,0.218,0.001,3605,1239,0.227,0.215
10/1/19 18:00,6331,2.88,2.972,0.265,0.142,0.402,0.404,0.219,-0.001,3592,1230,0.226,0.214
10/1/19 18:15,6332,2.88,2.972,0.265,0.141,0.402,0.403,0.218,-0.002,3578,1222,0.226,0.213
10/1/19 18:30,6333,2.88,2.972,0.265,0.142,0.403,0.401,0.219,-0.003,3563,1214,0.226,0.212
10/1/19 18:45,6334,2.88,2.972,0.264,0.143,0.403,0.399,0.219,-0.003,3557,1208,0.226,0.212
10/1/19 19:00,6335,2.88,2.973,0.263,0.142,0.402,0.398,0.218,-0.005,3549,1204,0.226,0.212
10/1/19 19:15,6336,2.88,2.972,0.263,0.142,0.402,0.397,0.218,-0.006,3541,1200,0.227,0.211
10/1/19 19:30,6337,2.88,2.973,0.263,0.141,0.403,0.396,0.218,-0.006,3531,1195,0.228,0.211
10/1/19 19:45,6338,2.88,2.972,0.263,0.142,0.402,0.395,0.217,-0.007,3528,1192,0.229,0.211
10/1/19 20:00,6339,2.88,2.972,0.263,0.143,0.403,0.396,0.217,-0.007,3517,1188,0.229,0.21
10/1/19 20:15,6340,2.88,2.972,0.262,0.142,0.403,0.395,0.217,-0.008,3516,1184,0.23,0.21
10/1/19 20:30,6341,2.88,2.972,0.262,0.141,0.403,0.395,0.216,-0.009,3503,1179,0.231,0.209
10/1/19 20:45,6342,2.88,2.972,0.262,0.141,0.403,0.395,0.216,-0.009,3489,1173,0.231,0.209
10/1/19 21:00,6343,2.88,2.972,0.262,0.141,0.403,0.397,0.217,-0.009,3477,1165,0.232,0.208
10/1/19 21:15,6344,2.88,2.972,0.262,0.143,0.403,0.397,0.216,-0.01,3464,1159,0.233,0.209
10/1/19 21:30,6345,2.88,2.976,0.261,0.143,0.403,0.398,0.215,-0.01,3459,1157,0.233,0.208
10/1/19 21:45,6346,2.88,2.972,0.261,0.143,0.404,0.397,0.215,-0.01,3447,1152,0.233,0.207
10/1/19 22:00,6347,2.88,2.974,0.261,0.143,0.403,0.397,0.214,-0.011,3442,1150,0.235,0.208
10/1/19 22:15,6348,2.88,2.972,0.261,0.142,0.403,0.398,0.214,-0.011,3448,1150,0.236,0.208
10/1/19 22:30,6349,2.88,2.974,0.261,0.142,0.404,0.398,0.214,-0.012,3442,1150,0.236,0.206
10/1/19 22:45,6350,2.88,2.972,0.261,0.143,0.404,0.398,0.213,-0.012,3445,1150,0.236,0.202
10/1/19 23:00,6351,2.88,2.972,0.261,0.142,0.404,0.399,0.213,-0.013,3431,1146,0.237,0.203
10/1/19 23:15,6352,2.88,2.975,0.261,0.142,0.404,0.399,0.214,-0.013,3420,1142,0.236,0.202
10/1/19 23:30,6353,2.88,2.976,0.261,0.142,0.404,0.4,0.213,-0.013,3417,1139,0.237,0.2
10/1/19 23:45,6354,2.881,2.973,0.26,0.143,0.405,0.4,0.213,-0.013,3415,1139,0.237,0.2
10/2/19 0:00,6355,2.881,2.973,0.261,0.142,0.405,0.4,0.213,-0.014,3434,1142,0.238,0.2
10/2/19 0:15,6356,2.881,2.973,0.261,0.143,0.405,0.4,0.214,-0.014,3439,1147,0.238,0.201
10/2/19 0:30,6357,2.881,2.973,0.261,0.143,0.405,0.401,0.214,-0.013,3447,1152,0.238,0.2
10/2/19 0:45,6358,2.881,2.973,0.26,0.143,0.405,0.402,0.213,-0.012,3446,1153,0.239,0.2
10/2/19 1:00,6359,2.881,2.973,0.26,0.143,0.405,0.401,0.213,-0.013,3440,1152,0.238,0.197
10/2/19 1:15,6360,2.881,2.973,0.26,0.143,0.405,0.401,0.213,-0.013,3439,1151,0.238,0.193
10/2/19 1:30,6361,2.881,2.973,0.26,0.143,0.405,0.402,0.212,-0.013,3434,1149,0.239,0.192
10/2/19 1:45,6362,2.881,2.973,0.259,0.143,0.405,0.403,0.212,-0.014,3428,1147,0.238,0.191
10/2/19 2:00,6363,2.881,2.973,0.26,0.143,0.405,0.404,0.212,-0.014,3418,1143,0.238,0.19
10/2/19 2:15,6364,2.881,2.973,0.26,0.144,0.405,0.404,0.212,-0.014,3405,1134,0.239,0.192
10/2/19 2:30,6365,2.881,2.973,0.26,0.144,0.405,0.405,0.212,-0.014,3400,1132,0.24,0.195
10/2/19 2:45,6366,2.881,2.973,0.26,0.144,0.405,0.406,0.213,-0.014,3403,1131,0.24,0.197
10/2/19 3:00,6367,2.881,2.973,0.261,0.144,0.406,0.406,0.213,-0.014,3411,1134,0.241,0.197
10/2/19 3:15,6368,2.881,2.974,0.26,0.144,0.405,0.406,0.212,-0.014,3415,1138,0.24,0.196
10/2/19 3:30,6369,2.881,2.973,0.26,0.144,0.405,0.407,0.212,-0.014,3407,1136,0.24,0.196
10/2/19 3:45,6370,2.881,2.974,0.26,0.144,0.405,0.407,0.212,-0.014,3413,1136,0.24,0.196
10/2/19 4:00,6371,2.881,2.974,0.26,0.144,0.405,0.408,0.212,-0.015,3417,1138,0.24,0.197
10/2/19 4:15,6372,2.881,2.974,0.261,0.145,0.405,0.408,0.213,-0.015,3417,1138,0.24,0.198
10/2/19 4:30,6373,2.881,2.973,0.261,0.144,0.405,0.408,0.213,-0.014,3418,1137,0.24,0.198
10/2/19 4:45,6374,2.881,2.973,0.261,0.144,0.405,0.408,0.213,-0.015,3398,1131,0.241,0.201
10/2/19 5:00,6375,2.881,2.973,0.261,0.145,0.406,0.408,0.214,-0.014,3396,1128,0.241,0.203
10/2/19 5:15,6376,2.881,2.974,0.262,0.146,0.405,0.408,0.215,-0.014,3401,1129,0.242,0.204
10/2/19 5:30,6377,2.881,2.973,0.263,0.146,0.405,0.408,0.216,-0.013,3383,1125,0.242,0.204
10/2/19 5:45,6378,2.881,2.973,0.263,0.147,0.405,0.408,0.216,-0.013,3362,1112,0.241,0.205
10/2/19 6:00,6379,2.881,2.974,0.264,0.147,0.405,0.409,0.217,-0.013,3358,1107,0.242,0.207
10/2/19 6:15,6380,2.881,2.973,0.264,0.148,0.405,0.408,0.216,-0.012,3360,1107,0.243,0.209
10/2/19 6:30,6381,2.881,2.973,0.264,0.148,0.405,0.409,0.217,-0.012,3358,1105,0.243,0.212
10/2/19 6:45,6382,2.881,2.973,0.264,0.149,0.405,0.408,0.217,-0.011,3362,1108,0.245,0.216
10/2/19 7:00,6383,2.881,2.976,0.265,0.15,0.406,0.408,0.217,-0.01,3386,1115,0.246,0.219
10/2/19 7:15,6384,2.881,2.975,0.266,0.151,0.406,0.41,0.218,-0.009,3423,1132,0.247,0.223
10/2/19 7:30,6385,2.881,2.98,0.266,0.151,0.407,0.413,0.218,-0.007,3476,1150,0.248,0.225
10/2/19 7:45,6386,2.881,2.978,0.267,0.155,0.409,0.414,0.219,-0.006,3571,1204,0.25,0.23
10/2/19 8:00,6387,2.881,2.981,0.267,0.156,0.415,0.416,0.219,-0.005,2922,1267,0.255,0.238
10/2/19 8:15,6388,2.881,2.974,0.269,0.158,0.414,0.416,0.219,-0.002,3804,1559,0.265,0.249
10/2/19 8:30,6389,2.881,2.982,0.27,0.16,0.415,0.418,0.219,0.001,3949,1455,0.265,0.255
10/2/19 8:45,6390,2.881,2.979,0.27,0.167,0.416,0.42,0.219,0.005,3914,1429,0.261,0.261
10/2/19 9:00,6391,2.881,2.978,0.271,0.17,0.417,0.419,0.219,0.01,3856,1423,0.26,0.264
10/2/19 9:15,6392,2.881,2.982,0.271,0.17,0.415,0.419,0.219,0.015,3865,1412,0.261,0.263
10/2/19 9:30,6393,2.881,2.978,0.272,0.169,0.412,0.42,0.22,0.019,3887,1412,0.258,0.258
10/2/19 9:45,6394,2.882,2.978,0.272,0.17,0.408,0.421,0.22,0.023,3951,1455,0.251,0.254
10/2/19 10:00,6395,2.881,2.982,0.272,0.174,0.403,0.422,0.22,0.022,4018,1518,0.264,0.25
10/2/19 10:15,6396,2.881,2.978,0.272,0.175,0.401,0.423,0.219,0.019,3912,1497,0.289,0.247
10/2/19 10:30,6397,2.881,2.973,0.272,0.173,0.398,0.422,0.219,0.021,1581,1171,0.301,0.245
10/2/19 10:45,6398,2.88,2.974,0.272,0.173,0.397,0.422,0.22,0.027,255.7,672.2,0.307,0.244
10/2/19 11:00,6399,2.88,2.975,0.272,0.171,0.396,0.423,0.219,0.032,68.8,534.3,0.308,0.243
10/2/19 11:15,6400,2.88,2.973,0.271,0.172,0.396,0.423,0.22,0.035,90.8,537.8,0.289,0.243
10/2/19 11:30,6401,2.88,2.975,0.271,0.17,0.395,0.423,0.22,0.037,973,922,0.28,0.241
10/2/19 11:45,6402,2.88,2.974,0.271,0.167,0.395,0.424,0.219,0.038,NAN,1630,0.275,0.242
10/2/19 12:00,6403,2.88,2.975,0.27,0.169,0.395,0.425,0.219,0.037,4067,1458,0.266,0.242
10/2/19 12:15,6404,2.88,2.972,0.27,0.178,0.395,0.426,0.219,0.036,3992,1413,0.262,0.241
10/2/19 12:30,6405,2.88,2.973,0.269,0.185,0.395,0.427,0.219,0.035,3991,1412,0.256,0.241
10/2/19 12:45,6406,2.88,2.973,0.269,0.19,0.395,0.427,0.219,0.035,3997,1421,0.247,0.241
10/2/19 13:00,6407,2.88,2.976,0.268,0.191,0.396,0.428,0.219,0.034,3987,1427,0.239,0.242
10/2/19 13:15,6408,2.88,2.977,0.267,0.186,0.396,0.427,0.218,0.03,3972,1429,0.228,0.242
10/2/19 13:30,6409,2.88,2.974,0.267,0.177,0.396,0.427,0.217,0.028,3958,1427,0.214,0.241
10/2/19 13:45,6410,2.88,2.977,0.267,0.172,0.396,0.426,0.217,0.025,3970,1429,0.21,0.241
10/2/19 14:00,6411,2.88,2.975,0.267,0.172,0.395,0.425,0.217,0.021,3974,1434,0.222,0.242
10/2/19 14:15,6412,2.88,2.975,0.267,0.174,0.395,0.423,0.216,0.018,3973,1432,0.221,0.241
10/2/19 14:30,6413,2.88,2.977,0.267,0.182,0.395,0.422,0.216,0.013,3978,1432,0.226,0.242
10/2/19 14:45,6414,2.88,2.977,0.266,0.176,0.395,0.42,0.216,0.007,3969,1429,0.238,0.24
10/2/19 15:00,6415,2.88,2.974,0.266,0.174,0.395,0.42,0.216,0,3967,1426,0.241,0.24
10/2/19 15:15,6416,2.88,2.977,0.267,0.171,0.394,0.419,0.216,-0.005,3961,1428,0.229,0.239
10/2/19 15:30,6417,2.879,2.977,0.268,0.165,0.394,0.418,0.216,-0.007,3944,1426,0.221,0.237
10/2/19 15:45,6418,2.879,2.977,0.268,0.162,0.392,0.417,0.216,-0.01,3907,1417,0.217,0.236
10/2/19 16:00,6419,2.879,2.976,0.268,0.161,0.393,0.416,0.215,-0.014,3883,1405,0.214,0.235
10/2/19 16:15,6420,2.879,2.975,0.267,0.162,0.393,0.416,0.216,-0.016,3859,1397,0.212,0.234
10/2/19 16:30,6421,2.879,2.976,0.267,0.16,0.392,0.416,0.216,-0.018,3825,1380,0.211,0.233
10/2/19 16:45,6422,2.879,2.972,0.266,0.155,0.391,0.415,0.216,-0.02,3781,1357,0.21,0.232
10/2/19 17:00,6423,2.879,2.973,0.265,0.151,0.392,0.415,0.216,-0.022,3745,1334,0.215,0.231
10/2/19 17:15,6424,2.879,2.975,0.265,0.15,0.392,0.415,0.216,-0.022,3703,1313,0.217,0.228
10/2/19 17:30,6425,2.879,2.975,0.264,0.148,0.391,0.415,0.216,-0.023,3666,1290,0.215,0.226
10/2/19 17:45,6426,2.879,2.971,0.263,0.147,0.391,0.416,0.217,-0.023,3635,1270,0.217,0.225
10/2/19 18:00,6427,2.88,2.973,0.263,0.146,0.392,0.416,0.216,-0.023,3608,1255,0.218,0.224
10/2/19 18:15,6428,2.88,2.972,0.263,0.145,0.392,0.416,0.217,-0.023,3583,1242,0.219,0.223
10/2/19 18:30,6429,2.88,2.972,0.262,0.145,0.393,0.415,0.216,-0.023,3575,1234,0.221,0.223
10/2/19 18:45,6430,2.88,2.972,0.262,0.145,0.393,0.415,0.216,-0.023,3562,1227,0.222,0.222
10/2/19 19:00,6431,2.88,2.973,0.262,0.145,0.393,0.414,0.216,-0.023,3542,1216,0.224,0.221
10/2/19 19:15,6432,2.88,2.972,0.262,0.145,0.394,0.414,0.217,-0.023,3528,1207,0.225,0.22
10/2/19 19:30,6433,2.88,2.972,0.262,0.145,0.394,0.413,0.216,-0.022,3516,1200,0.227,0.22
10/2/19 19:45,6434,2.88,2.972,0.262,0.144,0.395,0.412,0.217,-0.022,3502,1192,0.228,0.22
10/2/19 20:00,6435,2.88,2.972,0.261,0.144,0.396,0.412,0.217,-0.022,3501,1187,0.229,0.22
10/2/19 20:15,6436,2.88,2.972,0.261,0.145,0.396,0.41,0.217,-0.021,3494,1189,0.23,0.219
10/2/19 20:30,6437,2.88,2.972,0.261,0.145,0.397,0.41,0.216,-0.021,3492,1187,0.231,0.219
10/2/19 20:45,6438,2.88,2.972,0.261,0.145,0.397,0.409,0.215,-0.021,3485,1181,0.232,0.219
10/2/19 21:00,6439,2.88,2.972,0.261,0.145,0.397,0.408,0.215,-0.02,3474,1174,0.233,0.218
10/2/19 21:15,6440,2.88,2.975,0.261,0.145,0.399,0.408,0.216,-0.02,3473,1175,0.233,0.218
10/2/19 21:30,6441,2.88,2.972,0.262,0.146,0.399,0.408,0.215,-0.02,3460,1168,0.233,0.218
10/2/19 21:45,6442,2.88,2.972,0.261,0.145,0.4,0.407,0.215,-0.02,3465,1167,0.234,0.219
10/2/19 22:00,6443,2.88,2.972,0.261,0.144,0.4,0.407,0.216,-0.02,3467,1168,0.234,0.219
10/2/19 22:15,6444,2.88,2.973,0.261,0.145,0.401,0.406,0.216,-0.02,3463,1168,0.235,0.219
10/2/19 22:30,6445,2.88,2.974,0.261,0.144,0.401,0.406,0.216,-0.019,3460,1166,0.235,0.219
10/2/19 22:45,6446,2.88,2.973,0.261,0.145,0.401,0.406,0.215,-0.019,3457,1165,0.235,0.218
10/2/19 23:00,6447,2.88,2.972,0.262,0.145,0.402,0.405,0.216,-0.019,3455,1163,0.236,0.219
10/2/19 23:15,6448,2.88,2.972,0.261,0.145,0.402,0.405,0.215,-0.019,3456,1163,0.236,0.219
10/2/19 23:30,6449,2.88,2.972,0.261,0.145,0.403,0.405,0.215,-0.018,3454,1162,0.237,0.219
10/2/19 23:45,6450,2.881,2.973,0.261,0.145,0.403,0.405,0.215,-0.019,3455,1164,0.237,0.219
10/3/19 0:00,6451,2.881,2.974,0.261,0.145,0.403,0.405,0.215,-0.018,3454,1165,0.237,0.219
10/3/19 0:15,6452,2.881,2.973,0.261,0.145,0.404,0.404,0.215,-0.018,3452,1164,0.237,0.219
10/3/19 0:30,6453,2.881,2.973,0.261,0.145,0.404,0.404,0.215,-0.018,3447,1163,0.237,0.219
10/3/19 0:45,6454,2.881,2.973,0.261,0.146,0.404,0.404,0.215,-0.018,3454,1163,0.237,0.219
10/3/19 1:00,6455,2.881,2.973,0.261,0.146,0.405,0.404,0.215,-0.017,3445,1161,0.237,0.218
10/3/19 1:15,6456,2.88,2.972,0.262,0.147,0.405,0.404,0.215,-0.017,3441,1159,0.237,0.218
10/3/19 1:30,6457,2.88,2.974,0.262,0.147,0.405,0.404,0.215,-0.018,3438,1157,0.238,0.217
10/3/19 1:45,6458,2.88,2.974,0.261,0.146,0.405,0.403,0.215,-0.018,3433,1154,0.237,0.217
10/3/19 2:00,6459,2.88,2.973,0.262,0.147,0.405,0.404,0.215,-0.018,3433,1153,0.238,0.217
10/3/19 2:15,6460,2.88,2.974,0.261,0.147,0.405,0.404,0.215,-0.018,3431,1151,0.237,0.217
10/3/19 2:30,6461,2.88,2.973,0.261,0.146,0.406,0.403,0.215,-0.018,3430,1152,0.237,0.217
10/3/19 2:45,6462,2.88,2.974,0.261,0.146,0.406,0.403,0.215,-0.018,3430,1152,0.238,0.217
10/3/19 3:00,6463,2.88,2.972,0.261,0.146,0.406,0.403,0.215,-0.018,3423,1151,0.238,0.217
10/3/19 3:15,6464,2.88,2.972,0.261,0.147,0.406,0.403,0.215,-0.018,3423,1152,0.238,0.216
10/3/19 3:30,6465,2.88,2.972,0.261,0.147,0.406,0.403,0.215,-0.017,3425,1150,0.238,0.216
10/3/19 3:45,6466,2.88,2.972,0.261,0.147,0.407,0.403,0.215,-0.017,3424,1148,0.239,0.217
10/3/19 4:00,6467,2.88,2.975,0.262,0.147,0.407,0.403,0.215,-0.017,3420,1146,0.239,0.216
10/3/19 4:15,6468,2.88,2.974,0.262,0.147,0.407,0.403,0.215,-0.017,3413,1142,0.239,0.216
10/3/19 4:30,6469,2.88,2.974,0.261,0.147,0.407,0.403,0.215,-0.017,3411,1142,0.239,0.216
10/3/19 4:45,6470,2.88,2.972,0.261,0.147,0.407,0.403,0.215,-0.017,3410,1142,0.239,0.216
10/3/19 5:00,6471,2.88,2.974,0.261,0.148,0.407,0.403,0.215,-0.017,3408,1141,0.239,0.216
10/3/19 5:15,6472,2.881,2.973,0.262,0.148,0.408,0.403,0.215,-0.017,3405,1140,0.239,0.216
10/3/19 5:30,6473,2.88,2.972,0.262,0.148,0.408,0.403,0.215,-0.016,3402,1139,0.239,0.215
10/3/19 5:45,6474,2.88,2.972,0.262,0.148,0.408,0.403,0.215,-0.016,3400,1136,0.239,0.215
10/3/19 6:00,6475,2.88,2.972,0.262,0.148,0.408,0.403,0.215,-0.016,3398,1135,0.239,0.215
10/3/19 6:15,6476,2.88,2.972,0.262,0.148,0.408,0.403,0.215,-0.016,3392,1133,0.24,0.215
10/3/19 6:30,6477,2.88,2.973,0.262,0.149,0.408,0.403,0.215,-0.017,3390,1133,0.24,0.215
10/3/19 6:45,6478,2.881,2.973,0.262,0.148,0.409,0.403,0.215,-0.015,3393,1131,0.241,0.216
10/3/19 7:00,6479,2.88,2.972,0.262,0.149,0.409,0.403,0.215,-0.014,3395,1130,0.241,0.218
10/3/19 7:15,6480,2.88,2.974,0.263,0.149,0.409,0.403,0.215,-0.013,3406,1136,0.241,0.219
10/3/19 7:30,6481,2.88,2.976,0.264,0.151,0.411,0.405,0.215,-0.013,3414,1138,0.242,0.22
10/3/19 7:45,6482,2.88,2.98,0.264,0.152,0.412,0.406,0.216,-0.012,3452,1166,0.241,0.221
10/3/19 8:00,6483,2.88,2.976,0.265,0.152,0.416,0.407,0.216,-0.011,3538,1283,0.24,0.222
10/3/19 8:15,6484,2.88,2.976,0.265,0.153,0.416,0.408,0.216,-0.009,3560,1282,0.243,0.223
10/3/19 8:30,6485,2.88,2.978,0.266,0.153,0.417,0.411,0.217,-0.007,3563,1243,0.239,0.223
10/3/19 8:45,6486,2.88,2.98,0.266,0.157,0.419,0.413,0.217,-0.004,3581,1256,0.235,0.224
10/3/19 9:00,6487,2.88,2.977,0.266,0.158,0.419,0.414,0.217,0,3577,1264,0.231,0.224
10/3/19 9:15,6488,2.88,2.977,0.266,0.157,0.419,0.414,0.217,0.004,3599,1262,0.232,0.224
10/3/19 9:30,6489,2.88,2.977,0.266,0.156,0.418,0.415,0.217,0.009,3640,1287,0.227,0.224
10/3/19 9:45,6490,2.88,2.977,0.265,0.156,0.415,0.417,0.216,0.012,3668,1329,0.222,0.224
10/3/19 10:00,6491,2.88,2.979,0.265,0.157,0.411,0.419,0.216,0.01,3696,1377,0.23,0.224
10/3/19 10:15,6492,2.88,2.978,0.264,0.157,0.409,0.42,0.216,0.009,3729,1406,0.243,0.223
10/3/19 10:30,6493,2.88,2.974,0.264,0.156,0.406,0.42,0.215,0.012,3773,1411,0.245,0.222
10/3/19 10:45,6494,2.88,2.977,0.263,0.155,0.405,0.421,0.215,0.016,3822,1415,0.239,0.222
10/3/19 11:00,6495,2.88,2.977,0.263,0.155,0.404,0.422,0.215,0.02,3836,1426,0.228,0.221
10/3/19 11:15,6496,2.88,2.977,0.262,0.154,0.403,0.422,0.215,0.023,3821,1418,0.223,0.221
10/3/19 11:30,6497,2.879,2.977,0.263,0.154,0.403,0.423,0.215,0.026,3811,1418,0.228,0.221
10/3/19 11:45,6498,2.879,2.977,0.263,0.153,0.403,0.423,0.214,0.027,3806,1399,0.222,0.222
10/3/19 12:00,6499,2.879,2.976,0.263,0.156,0.403,0.424,0.214,0.027,3797,1388,0.215,0.222
10/3/19 12:15,6500,2.879,2.976,0.263,0.16,0.403,0.424,0.214,0.026,3770,1380,0.212,0.223
10/3/19 12:30,6501,2.879,2.976,0.263,0.161,0.403,0.423,0.214,0.024,3749,1360,0.207,0.222
10/3/19 12:45,6502,2.879,2.976,0.263,0.162,0.403,0.422,0.213,0.024,3731,1342,0.202,0.222
10/3/19 13:00,6503,2.879,2.976,0.262,0.164,0.403,0.421,0.213,0.024,3716,1336,0.197,0.222
10/3/19 13:15,6504,2.879,2.976,0.262,0.161,0.403,0.42,0.212,0.021,3700,1327,0.19,0.221
10/3/19 13:30,6505,2.879,2.975,0.262,0.156,0.403,0.419,0.212,0.019,3696,1326,0.191,0.222
10/3/19 13:45,6506,2.879,2.977,0.262,0.154,0.403,0.417,0.213,0.019,3718,1329,0.194,0.222
10/3/19 14:00,6507,2.879,2.977,0.262,0.156,0.402,0.415,0.212,0.017,3737,1339,0.198,0.222
10/3/19 14:15,6508,2.879,2.977,0.263,0.158,0.402,0.414,0.212,0.014,3748,1341,0.194,0.221
10/3/19 14:30,6509,2.88,2.977,0.262,0.163,0.402,0.412,0.212,0.012,3772,1348,0.201,0.221
10/3/19 14:45,6510,2.879,2.977,0.263,0.161,0.401,0.412,0.212,0.007,3783,1356,0.212,0.221
10/3/19 15:00,6511,2.879,2.976,0.262,0.16,0.401,0.41,0.212,0.002,3794,1362,0.214,0.22
10/3/19 15:15,6512,2.879,2.974,0.263,0.159,0.401,0.41,0.212,-0.001,3797,1369,0.206,0.218
10/3/19 15:30,6513,2.879,2.976,0.263,0.155,0.401,0.409,0.212,-0.002,3777,1368,0.199,0.217
10/3/19 15:45,6514,2.879,2.976,0.264,0.154,0.4,0.409,0.212,-0.005,3750,1360,0.196,0.217
10/3/19 16:00,6515,2.879,2.976,0.264,0.154,0.4,0.409,0.212,-0.008,3739,1352,0.196,0.217
10/3/19 16:15,6516,2.879,2.976,0.264,0.158,0.4,0.41,0.213,-0.009,3735,1352,0.199,0.216
10/3/19 16:30,6517,2.879,2.976,0.265,0.158,0.4,0.41,0.213,-0.011,3704,1341,0.198,0.216
10/3/19 16:45,6518,2.879,2.976,0.264,0.153,0.4,0.41,0.212,-0.012,3679,1323,0.199,0.216
10/3/19 17:00,6519,2.879,2.974,0.264,0.151,0.4,0.411,0.213,-0.015,3640,1301,0.204,0.215
10/3/19 17:15,6520,2.879,2.976,0.263,0.15,0.4,0.412,0.213,-0.016,3616,1281,0.205,0.215
10/3/19 17:30,6521,2.879,2.971,0.263,0.149,0.401,0.413,0.213,-0.016,3580,1261,0.207,0.214
10/3/19 17:45,6522,2.879,2.973,0.263,0.148,0.401,0.414,0.214,-0.017,3558,1244,0.21,0.213
10/3/19 18:00,6523,2.88,2.974,0.263,0.147,0.402,0.414,0.214,-0.017,3539,1229,0.213,0.213
10/3/19 18:15,6524,2.88,2.973,0.263,0.147,0.401,0.414,0.214,-0.018,3521,1215,0.215,0.212
10/3/19 18:30,6525,2.88,2.972,0.263,0.148,0.402,0.413,0.214,-0.018,3501,1203,0.217,0.212
10/3/19 18:45,6526,2.88,2.972,0.263,0.147,0.402,0.413,0.214,-0.018,3488,1195,0.219,0.212
10/3/19 19:00,6527,2.88,2.974,0.263,0.147,0.403,0.412,0.214,-0.018,3477,1187,0.221,0.211
10/3/19 19:15,6528,2.88,2.975,0.262,0.147,0.403,0.411,0.214,-0.018,3463,1180,0.222,0.211
10/3/19 19:30,6529,2.88,2.972,0.262,0.146,0.403,0.41,0.214,-0.018,3463,1176,0.223,0.211
10/3/19 19:45,6530,2.88,2.972,0.262,0.146,0.404,0.41,0.214,-0.018,3453,1170,0.224,0.211
10/3/19 20:00,6531,2.88,2.975,0.263,0.146,0.404,0.409,0.214,-0.018,3439,1165,0.225,0.211
10/3/19 20:15,6532,2.88,2.972,0.262,0.146,0.405,0.408,0.214,-0.018,3437,1161,0.226,0.21
10/3/19 20:30,6533,2.88,2.972,0.262,0.146,0.405,0.407,0.214,-0.018,3430,1156,0.227,0.21
10/3/19 20:45,6534,2.88,2.972,0.263,0.146,0.406,0.406,0.215,-0.019,3421,1154,0.228,0.21
10/3/19 21:00,6535,2.88,2.973,0.263,0.147,0.406,0.405,0.214,-0.018,3416,1151,0.229,0.211
10/3/19 21:15,6536,2.88,2.972,0.263,0.146,0.407,0.405,0.215,-0.018,3418,1147,0.23,0.211
10/3/19 21:30,6537,2.88,2.972,0.263,0.146,0.407,0.404,0.215,-0.019,3411,1146,0.231,0.211
10/3/19 21:45,6538,2.88,2.972,0.263,0.146,0.408,0.403,0.214,-0.018,3412,1147,0.231,0.211
10/3/19 22:00,6539,2.88,2.974,0.263,0.146,0.407,0.403,0.214,-0.019,3413,1145,0.231,0.211
10/3/19 22:15,6540,2.88,2.974,0.263,0.145,0.408,0.402,0.215,-0.019,3411,1144,0.231,0.211
10/3/19 22:30,6541,2.88,2.972,0.263,0.145,0.408,0.402,0.214,-0.019,3407,1142,0.231,0.211
10/3/19 22:45,6542,2.88,2.972,0.263,0.145,0.409,0.401,0.214,-0.02,3403,1140,0.231,0.211
10/3/19 23:00,6543,2.88,2.972,0.262,0.145,0.409,0.401,0.214,-0.02,3404,1139,0.232,0.21
10/3/19 23:15,6544,2.88,2.972,0.263,0.144,0.409,0.4,0.214,-0.02,3404,1139,0.232,0.21
10/3/19 23:30,6545,2.88,2.974,0.263,0.144,0.409,0.4,0.214,-0.02,3395,1136,0.232,0.21
10/3/19 23:45,6546,2.88,2.974,0.262,0.144,0.41,0.399,0.214,-0.02,3395,1137,0.233,0.21
10/4/19 0:00,6547,2.88,2.972,0.262,0.144,0.41,0.399,0.214,-0.019,3398,1135,0.233,0.21
10/4/19 0:15,6548,2.88,2.974,0.262,0.144,0.41,0.398,0.214,-0.02,3390,1133,0.232,0.21
10/4/19 0:30,6549,2.88,2.972,0.261,0.143,0.41,0.398,0.214,-0.021,3393,1134,0.233,0.21
10/4/19 0:45,6550,2.88,2.972,0.261,0.143,0.41,0.398,0.213,-0.021,3391,1134,0.233,0.211
10/4/19 1:00,6551,2.881,2.973,0.261,0.143,0.411,0.398,0.214,-0.02,3396,1135,0.233,0.211
10/4/19 1:15,6552,2.881,2.974,0.261,0.144,0.411,0.397,0.213,-0.02,3393,1134,0.234,0.211
10/4/19 1:30,6553,2.881,2.973,0.262,0.144,0.411,0.397,0.213,-0.02,3391,1133,0.235,0.211
10/4/19 1:45,6554,2.881,2.973,0.262,0.144,0.411,0.397,0.214,-0.019,3389,1132,0.235,0.211
10/4/19 2:00,6555,2.881,2.973,0.262,0.143,0.411,0.397,0.214,-0.019,3388,1132,0.235,0.211
10/4/19 2:15,6556,2.881,2.973,0.262,0.143,0.411,0.397,0.214,-0.02,3383,1131,0.235,0.21
10/4/19 2:30,6557,2.881,2.973,0.262,0.145,0.411,0.397,0.214,-0.019,3383,1130,0.236,0.21
10/4/19 2:45,6558,2.881,2.973,0.262,0.145,0.411,0.397,0.213,-0.018,3385,1130,0.236,0.21
10/4/19 3:00,6559,2.88,2.973,0.262,0.145,0.412,0.397,0.213,-0.018,3377,1128,0.236,0.21
10/4/19 3:15,6560,2.881,2.976,0.262,0.145,0.412,0.397,0.213,-0.019,3378,1127,0.236,0.209
10/4/19 3:30,6561,2.881,2.974,0.262,0.144,0.412,0.397,0.214,-0.019,3371,1125,0.236,0.209
10/4/19 3:45,6562,2.881,2.975,0.263,0.144,0.412,0.397,0.214,-0.019,3369,1123,0.236,0.209
10/4/19 4:00,6563,2.88,2.976,0.263,0.144,0.412,0.397,0.214,-0.019,3369,1120,0.236,0.208
10/4/19 4:15,6564,2.881,2.974,0.263,0.143,0.412,0.396,0.215,-0.019,3366,1117,0.235,0.209
10/4/19 4:30,6565,2.881,2.973,0.263,0.143,0.412,0.397,0.215,-0.019,3358,1114,0.236,0.209
10/4/19 4:45,6566,2.881,2.973,0.262,0.143,0.412,0.396,0.215,-0.019,3360,1115,0.237,0.209
10/4/19 5:00,6567,2.881,2.974,0.262,0.144,0.412,0.397,0.214,-0.018,3351,1113,0.237,0.209
10/4/19 5:15,6568,2.881,2.973,0.262,0.144,0.412,0.396,0.214,-0.018,3351,1112,0.237,0.209
10/4/19 5:30,6569,2.881,2.973,0.262,0.143,0.412,0.397,0.214,-0.018,3345,1109,0.237,0.208
10/4/19 5:45,6570,2.881,2.973,0.262,0.143,0.412,0.397,0.214,-0.018,3348,1108,0.237,0.209
10/4/19 6:00,6571,2.881,2.973,0.262,0.142,0.413,0.397,0.215,-0.018,3344,1105,0.236,0.209
10/4/19 6:15,6572,2.881,2.973,0.262,0.142,0.412,0.396,0.214,-0.017,3344,1103,0.237,0.209
10/4/19 6:30,6573,2.881,2.973,0.261,0.142,0.412,0.397,0.214,-0.017,3340,1101,0.237,0.209
10/4/19 6:45,6574,2.881,2.973,0.26,0.141,0.412,0.396,0.213,-0.016,3337,1100,0.238,0.21
10/4/19 7:00,6575,2.881,2.973,0.26,0.143,0.413,0.397,0.213,-0.015,3356,1108,0.24,0.212
10/4/19 7:15,6576,2.881,2.973,0.262,0.143,0.413,0.397,0.213,-0.015,3354,1109,0.241,0.212
10/4/19 7:30,6577,2.881,2.978,0.263,0.145,0.414,0.398,0.214,-0.014,3360,1110,0.242,0.213
10/4/19 7:45,6578,2.881,2.978,0.264,0.146,0.416,0.399,0.216,-0.014,3395,1120,0.243,0.214
10/4/19 8:00,6579,2.881,2.976,0.265,0.148,0.419,0.399,0.215,-0.013,3497,1229,0.243,0.215
10/4/19 8:15,6580,2.881,2.973,0.266,0.149,0.418,0.4,0.215,-0.012,3499,1236,0.249,0.216
10/4/19 8:30,6581,2.881,2.977,0.267,0.152,0.421,0.402,0.216,-0.009,3510,1207,0.245,0.217
10/4/19 8:45,6582,2.881,2.978,0.268,0.158,0.424,0.406,0.217,-0.006,3552,1239,0.242,0.218
10/4/19 9:00,6583,2.88,2.981,0.268,0.161,0.424,0.407,0.217,0,3580,1253,0.241,0.219
10/4/19 9:15,6584,2.88,2.978,0.269,0.159,0.423,0.407,0.217,0.006,3610,1265,0.245,0.22
10/4/19 9:30,6585,2.88,2.979,0.269,0.16,0.421,0.409,0.218,0.01,3631,1280,0.245,0.22
10/4/19 9:45,6586,2.88,2.977,0.269,0.159,0.418,0.412,0.218,0.015,3653,1308,0.235,0.221
10/4/19 10:00,6587,2.88,2.979,0.269,0.159,0.414,0.415,0.218,0.014,3678,1348,0.237,0.22
10/4/19 10:15,6588,2.88,2.979,0.27,0.161,0.412,0.417,0.218,0.012,3718,1392,0.261,0.221
10/4/19 10:30,6589,2.88,2.976,0.27,0.162,0.409,0.417,0.218,0.013,3801,1401,0.278,0.221
10/4/19 10:45,6590,2.88,2.973,0.27,0.162,0.408,0.418,0.218,0.02,3679,1466,0.279,0.222
10/4/19 11:00,6591,2.88,2.973,0.269,0.16,0.408,0.419,0.218,0.026,3949,1499,0.264,0.222
10/4/19 11:15,6592,2.88,2.974,0.27,0.161,0.407,0.42,0.218,0.031,3940,1477,0.248,0.222
10/4/19 11:30,6593,2.879,2.977,0.269,0.161,0.407,0.421,0.217,0.033,3926,1474,0.247,0.223
10/4/19 11:45,6594,2.879,2.977,0.27,0.158,0.406,0.424,0.217,0.034,3914,1453,0.242,0.222
10/4/19 12:00,6595,2.879,2.976,0.268,0.161,0.406,0.425,0.217,0.034,3899,1439,0.232,0.223
10/4/19 12:15,6596,2.879,2.975,0.268,0.169,0.406,0.426,0.217,0.034,3884,1436,0.221,0.224
10/4/19 12:30,6597,2.879,2.976,0.267,0.176,0.406,0.428,0.216,0.034,3875,1431,0.212,0.225
10/4/19 12:45,6598,2.879,2.976,0.267,0.18,0.406,0.429,0.216,0.035,3866,1420,0.202,0.226
10/4/19 13:00,6599,2.879,2.976,0.266,0.178,0.405,0.429,0.216,0.034,3849,1410,0.197,0.226
10/4/19 13:15,6600,2.879,2.976,0.265,0.175,0.405,0.429,0.216,0.031,3831,1402,0.193,0.227
10/4/19 13:30,6601,2.879,2.976,0.265,0.168,0.404,0.429,0.216,0.03,3839,1407,0.2,0.226
10/4/19 13:45,6602,2.879,2.976,0.264,0.164,0.403,0.428,0.214,0.028,3864,1412,0.199,0.226
10/4/19 14:00,6603,2.879,2.973,0.264,0.165,0.402,0.427,0.215,0.024,3908,1428,0.197,0.226
10/4/19 14:15,6604,2.879,2.975,0.264,0.171,0.402,0.425,0.214,0.02,3954,1447,0.196,0.227
10/4/19 14:30,6605,2.879,2.977,0.263,0.178,0.401,0.424,0.214,0.017,4006,1469,0.213,0.227
10/4/19 14:45,6606,2.879,2.977,0.263,0.174,0.401,0.422,0.215,0.011,4047,1492,0.227,0.227
10/4/19 15:00,6607,2.879,2.976,0.262,0.177,0.4,0.42,0.214,0.004,4087,1515,0.231,0.227
10/4/19 15:15,6608,2.879,2.976,0.263,0.17,0.399,0.418,0.214,-0.002,4119,1533,0.219,0.226
10/4/19 15:30,6609,2.879,2.976,0.262,0.162,0.399,0.417,0.214,-0.005,4104,1540,0.212,0.225
10/4/19 15:45,6610,2.879,2.976,0.262,0.163,0.398,0.416,0.214,-0.009,4078,1538,0.209,0.225
10/4/19 16:00,6611,2.879,2.976,0.262,0.162,0.397,0.415,0.214,-0.013,4069,1533,0.208,0.224
10/4/19 16:15,6612,2.879,2.976,0.262,0.164,0.397,0.414,0.214,-0.015,4058,1533,0.205,0.224
10/4/19 16:30,6613,2.879,2.976,0.262,0.163,0.397,0.414,0.214,-0.017,4031,1522,0.206,0.224
10/4/19 16:45,6614,2.879,2.976,0.262,0.157,0.397,0.414,0.213,-0.018,3987,1500,0.207,0.224
10/4/19 17:00,6615,2.879,2.976,0.263,0.154,0.397,0.414,0.213,-0.02,3954,1482,0.21,0.224
10/4/19 17:15,6616,2.879,2.976,0.262,0.152,0.396,0.414,0.213,-0.02,3918,1462,0.212,0.222
10/4/19 17:30,6617,2.879,2.976,0.262,0.15,0.396,0.414,0.214,-0.021,3880,1436,0.212,0.221
10/4/19 17:45,6618,2.879,2.972,0.262,0.148,0.396,0.414,0.215,-0.021,3837,1410,0.212,0.22
10/4/19 18:00,6619,2.879,2.973,0.262,0.147,0.396,0.415,0.216,-0.022,3796,1386,0.212,0.218
10/4/19 18:15,6620,2.879,2.976,0.262,0.146,0.396,0.415,0.215,-0.022,3758,1363,0.215,0.218
10/4/19 18:30,6621,2.879,2.971,0.262,0.145,0.397,0.415,0.216,-0.022,3733,1344,0.217,0.217
10/4/19 18:45,6622,2.879,2.973,0.263,0.145,0.397,0.414,0.215,-0.022,3712,1330,0.219,0.217
10/4/19 19:00,6623,2.879,2.973,0.263,0.146,0.397,0.413,0.216,-0.021,3695,1318,0.22,0.216
10/4/19 19:15,6624,2.879,2.971,0.263,0.145,0.398,0.413,0.215,-0.021,3668,1304,0.221,0.215
10/4/19 19:30,6625,2.88,2.973,0.263,0.145,0.398,0.412,0.216,-0.021,3644,1290,0.222,0.215
10/4/19 19:45,6626,2.88,2.974,0.263,0.145,0.398,0.412,0.215,-0.021,3632,1278,0.223,0.214
10/4/19 20:00,6627,2.88,2.973,0.263,0.144,0.399,0.412,0.216,-0.021,3613,1268,0.224,0.214
10/4/19 20:15,6628,2.88,2.972,0.263,0.144,0.4,0.41,0.216,-0.021,3597,1258,0.226,0.215
10/4/19 20:30,6629,2.88,2.973,0.263,0.144,0.4,0.41,0.215,-0.02,3593,1253,0.227,0.214
10/4/19 20:45,6630,2.88,2.972,0.263,0.144,0.401,0.409,0.215,-0.021,3578,1245,0.227,0.214
10/4/19 21:00,6631,2.88,2.972,0.264,0.144,0.401,0.409,0.216,-0.02,3568,1238,0.227,0.214
10/4/19 21:15,6632,2.88,2.973,0.264,0.144,0.402,0.409,0.215,-0.02,3552,1229,0.228,0.214
10/4/19 21:30,6633,2.88,2.972,0.264,0.144,0.402,0.408,0.215,-0.02,3540,1224,0.228,0.214
10/4/19 21:45,6634,2.88,2.972,0.264,0.143,0.402,0.407,0.215,-0.02,3536,1219,0.229,0.214
10/4/19 22:00,6635,2.88,2.972,0.264,0.144,0.403,0.406,0.215,-0.02,3529,1215,0.231,0.214
10/4/19 22:15,6636,2.88,2.972,0.264,0.144,0.403,0.406,0.215,-0.019,3519,1208,0.232,0.213
10/4/19 22:30,6637,2.88,2.973,0.264,0.144,0.404,0.405,0.215,-0.019,3507,1202,0.232,0.213
10/4/19 22:45,6638,2.88,2.972,0.264,0.144,0.404,0.405,0.215,-0.019,3497,1197,0.232,0.213
10/4/19 23:00,6639,2.88,2.972,0.264,0.144,0.405,0.404,0.215,-0.018,3495,1194,0.232,0.213
10/4/19 23:15,6640,2.88,2.973,0.265,0.144,0.406,0.404,0.215,-0.018,3488,1192,0.233,0.214
10/4/19 23:30,6641,2.881,2.973,0.265,0.144,0.406,0.404,0.215,-0.017,3491,1192,0.234,0.214
10/4/19 23:45,6642,2.88,2.972,0.264,0.144,0.406,0.403,0.215,-0.018,3492,1192,0.235,0.214
10/5/19 0:00,6643,2.88,2.973,0.265,0.145,0.406,0.403,0.215,-0.017,3489,1193,0.235,0.214
10/5/19 0:15,6644,2.881,2.974,0.265,0.145,0.406,0.403,0.215,-0.017,3490,1192,0.235,0.214
10/5/19 0:30,6645,2.88,2.973,0.264,0.145,0.407,0.402,0.215,-0.017,3489,1190,0.236,0.214
10/5/19 0:45,6646,2.88,2.972,0.265,0.145,0.407,0.403,0.215,-0.017,3485,1190,0.236,0.214
10/5/19 1:00,6647,2.88,2.972,0.265,0.146,0.408,0.402,0.215,-0.017,3485,1189,0.236,0.213
10/5/19 1:15,6648,2.88,2.972,0.264,0.146,0.408,0.402,0.214,-0.017,3481,1187,0.236,0.214
10/5/19 1:30,6649,2.88,2.972,0.265,0.145,0.408,0.402,0.214,-0.016,3479,1187,0.236,0.213
10/5/19 1:45,6650,2.88,2.972,0.265,0.145,0.408,0.402,0.215,-0.016,3480,1187,0.238,0.214
10/5/19 2:00,6651,2.88,2.973,0.265,0.145,0.409,0.402,0.215,-0.016,3486,1187,0.238,0.216
10/5/19 2:15,6652,2.88,2.974,0.265,0.146,0.409,0.402,0.214,-0.015,3499,1195,0.24,0.217
10/5/19 2:30,6653,2.88,2.972,0.265,0.147,0.409,0.402,0.215,-0.015,3500,1199,0.24,0.216
10/5/19 2:45,6654,2.88,2.973,0.265,0.147,0.409,0.402,0.215,-0.014,3504,1199,0.24,0.216
10/5/19 3:00,6655,2.88,2.974,0.265,0.147,0.41,0.402,0.215,-0.014,3503,1200,0.241,0.217
10/5/19 3:15,6656,2.88,2.973,0.266,0.147,0.41,0.403,0.215,-0.013,3509,1202,0.241,0.217
10/5/19 3:30,6657,2.881,2.973,0.266,0.148,0.41,0.403,0.214,-0.013,3508,1202,0.241,0.215
10/5/19 3:45,6658,2.881,2.973,0.265,0.148,0.41,0.403,0.214,-0.013,3494,1196,0.241,0.215
10/5/19 4:00,6659,2.881,2.973,0.266,0.148,0.41,0.403,0.214,-0.013,3490,1194,0.241,0.216
10/5/19 4:15,6660,2.881,2.973,0.266,0.148,0.41,0.404,0.214,-0.013,3495,1195,0.241,0.215
10/5/19 4:30,6661,2.881,2.973,0.266,0.149,0.41,0.404,0.215,-0.012,3494,1193,0.24,0.215
10/5/19 4:45,6662,2.881,2.973,0.266,0.149,0.41,0.404,0.214,-0.012,3485,1189,0.241,0.215
10/5/19 5:00,6663,2.88,2.972,0.266,0.148,0.41,0.403,0.215,-0.012,3482,1190,0.241,0.215
10/5/19 5:15,6664,2.88,2.973,0.266,0.148,0.41,0.404,0.214,-0.012,3484,1191,0.241,0.216
10/5/19 5:30,6665,2.881,2.973,0.266,0.149,0.41,0.405,0.215,-0.011,3491,1192,0.241,0.217
10/5/19 5:45,6666,2.881,2.973,0.266,0.149,0.411,0.404,0.215,-0.011,3503,1196,0.242,0.217
10/5/19 6:00,6667,2.881,2.973,0.266,0.149,0.41,0.404,0.215,-0.011,3508,1200,0.242,0.217
10/5/19 6:15,6668,2.881,2.973,0.266,0.149,0.411,0.405,0.215,-0.011,3508,1201,0.242,0.217
10/5/19 6:30,6669,2.881,2.973,0.266,0.149,0.41,0.405,0.215,-0.011,3512,1202,0.242,0.218
10/5/19 6:45,6670,2.881,2.974,0.266,0.149,0.41,0.405,0.215,-0.01,3520,1204,0.243,0.218
10/5/19 7:00,6671,2.881,2.974,0.267,0.15,0.411,0.406,0.216,-0.009,3528,1207,0.243,0.219
10/5/19 7:15,6672,2.881,2.973,0.267,0.151,0.411,0.406,0.216,-0.008,3539,1210,0.243,0.22
10/5/19 7:30,6673,2.881,2.978,0.268,0.152,0.413,0.409,0.217,-0.007,3568,1221,0.244,0.223
10/5/19 7:45,6674,2.881,2.978,0.269,0.154,0.416,0.411,0.218,-0.005,3624,1272,0.241,0.224
10/5/19 8:00,6675,2.881,2.974,0.269,0.155,0.421,0.412,0.217,-0.003,3770,1454,0.237,0.226
10/5/19 8:15,6676,2.88,2.973,0.27,0.156,0.42,0.413,0.217,-0.001,3887,1472,0.237,0.226
10/5/19 8:30,6677,2.88,2.982,0.27,0.159,0.42,0.415,0.217,0.001,3858,1423,0.237,0.226
10/5/19 8:45,6678,2.88,2.981,0.27,0.166,0.421,0.417,0.218,0.004,3845,1416,0.235,0.227
10/5/19 9:00,6679,2.88,2.979,0.269,0.167,0.421,0.418,0.217,0.01,3833,1406,0.229,0.226
10/5/19 9:15,6680,2.88,2.977,0.269,0.164,0.419,0.417,0.217,0.015,3854,1410,0.23,0.225
10/5/19 9:30,6681,2.88,2.98,0.269,0.161,0.417,0.418,0.216,0.019,3877,1421,0.232,0.224
10/5/19 9:45,6682,2.88,2.979,0.266,0.16,0.414,0.419,0.216,0.021,3940,1466,0.23,0.223
10/5/19 10:00,6683,2.88,2.977,0.265,0.161,0.411,0.419,0.215,0.022,3983,1507,0.229,0.222
10/5/19 10:15,6684,2.88,2.977,0.265,0.16,0.409,0.42,0.215,0.02,3361,1459,0.246,0.222